2026-09-29 20:38:43,421 - INFO - [Chain Validation] Initializing the chain validator.
2026-09-29 20:38:43,487 - INFO - [Block Validation] Validatiing the block 0.
2026-09-29 20:38:43,487 - INFO - [Block Validation] The block 0 is valid.
2026-09-29 20:38:43,487 - INFO - [Block Validation] Validatiing the block 1.
2026-09-29 20:38:43,488 - INFO - [Block Validation] The block 1 is valid.
2026-09-29 20:38:43,488 - INFO - [Block Validation] Validatiing the block 2.
2026-09-29 20:38:43,488 - INFO - [Block Validation] The block 2 is valid.
2026-09-29 20:38:43,488 - INFO - [Block Validation] Validatiing the block 3.
2026-09-29 20:38:43,488 - INFO - [Block Validation] The block 3 is valid.
2026-09-29 20:38:43,488 - INFO - [Block Validation] Validatiing the block 4.
2026-09-29 20:38:43,489 - INFO - [Block Validation] The block 4 is valid.
2026-09-29 20:38:43,489 - INFO - [Block Validation] Validatiing the block 5.
2026-09-29 20:38:43,489 - INFO - [Block Validation] The block 5 is valid.
2026-09-29 20:38:43,490 - INFO - [Block Validation] Validatiing the block 6.
2026-09-29 20:38:43,490 - INFO - [Block Validation] The block 6 is valid.
2026-09-29 20:38:43,490 - INFO - [Block Validation] Validatiing the block 7.
2026-09-29 20:38:43,490 - INFO - [Block Validation] The block 7 is valid.
2026-09-29 20:38:43,490 - INFO - [Block Validation] Validatiing the block 8.
2026-09-29 20:38:43,490 - INFO - [Block Validation] The block 8 is valid.
2026-09-29 20:38:43,491 - INFO - [Chain Validation] Chain is valid.
2026-09-29 20:38:43,662 - DEBUG - Using proactor: IocpProactor
2026-09-29 20:40:02,400 - INFO - [Miner]Mining block 9...
2026-09-29 20:40:03,098 - INFO - [Miner] Block 9 mined after 64434 attempts. Nonce: 64434
2026-09-29 20:40:03,108 - INFO - [Block Validation] Validatiing the block 0.
2026-09-29 20:40:03,108 - INFO - [Block Validation] The block 0 is valid.
2026-09-29 20:40:03,109 - INFO - [Block Validation] Validatiing the block 1.
2026-09-29 20:40:03,109 - INFO - [Block Validation] The block 1 is valid.
2026-09-29 20:40:03,110 - INFO - [Block Validation] Validatiing the block 2.
2026-09-29 20:40:03,110 - INFO - [Block Validation] The block 2 is valid.
2026-09-29 20:40:03,110 - INFO - [Block Validation] Validatiing the block 3.
2026-09-29 20:40:03,110 - INFO - [Block Validation] The block 3 is valid.
2026-09-29 20:40:03,111 - INFO - [Block Validation] Validatiing the block 4.
2026-09-29 20:40:03,111 - INFO - [Block Validation] The block 4 is valid.
2026-09-29 20:40:03,112 - INFO - [Block Validation] Validatiing the block 5.
2026-09-29 20:40:03,112 - INFO - [Block Validation] The block 5 is valid.
2026-09-29 20:40:03,112 - INFO - [Block Validation] Validatiing the block 6.
2026-09-29 20:40:03,112 - INFO - [Block Validation] The block 6 is valid.
2026-09-29 20:40:03,113 - INFO - [Block Validation] Validatiing the block 7.
2026-09-29 20:40:03,113 - INFO - [Block Validation] The block 7 is valid.
2026-09-29 20:40:03,113 - INFO - [Block Validation] Validatiing the block 8.
2026-09-29 20:40:03,114 - INFO - [Block Validation] The block 8 is valid.
2026-09-29 20:40:03,114 - INFO - [Chain Validation] Chain is valid.
2026-09-29 20:40:03,143 - INFO - Block with CHID {'user': {'name': 'Local-Host', 'nationalNumber': 43465, 'phone': 3545343, 'age': 24, 'email': 'gogle@g.c', 'birth': '49324', 'HID': 'd38f80cc3207be66e3925eed84ab5355b46626222a445625f4558025e9ef89b8'}, 'credential': {'image': '64328633c7d192fdae612e308979b8b28d76de1c8017eb5a7e9b70afc706aa3e', 'credentialID': 43578675643, 'CID': 'e1f866ba86a2e381d8a65538994d7c331235578a66c9d670c868d0504b654234', 'metadata': {'documentTitle': None, 'documentType': None, 'documentFormat': '.pdf', 'documentContentSize': 0}}, 'issuer': {'name': 'Tamkeen', 'businessID': 34875468453, 'AUTHID': '1c196762f6af13bf2fe2fcc42cd6f4535b3ef4920208bf42625dc621d91f6394'}, 'chid': '772151a1e12927f28984f5ce581c7c77188f44a4727d870e47c604bca2d20813'} inserted successfully. 
2026-09-29 20:41:08,264 - INFO - [Chain Validation] Initializing the chain validator.
2026-09-29 20:41:08,445 - INFO - [Block Validation] Validatiing the block 0.
2026-09-29 20:41:08,445 - INFO - [Block Validation] The block 0 is valid.
2026-09-29 20:41:08,446 - INFO - [Block Validation] Validatiing the block 1.
2026-09-29 20:41:08,446 - INFO - [Block Validation] The block 1 is valid.
2026-09-29 20:41:08,446 - INFO - [Block Validation] Validatiing the block 2.
2026-09-29 20:41:08,446 - INFO - [Block Validation] The block 2 is valid.
2026-09-29 20:41:08,447 - INFO - [Block Validation] Validatiing the block 3.
2026-09-29 20:41:08,447 - INFO - [Block Validation] The block 3 is valid.
2026-09-29 20:41:08,447 - INFO - [Block Validation] Validatiing the block 4.
2026-09-29 20:41:08,447 - INFO - [Block Validation] The block 4 is valid.
2026-09-29 20:41:08,448 - INFO - [Block Validation] Validatiing the block 5.
2026-09-29 20:41:08,448 - INFO - [Block Validation] The block 5 is valid.
2026-09-29 20:41:08,448 - INFO - [Block Validation] Validatiing the block 6.
2026-09-29 20:41:08,448 - INFO - [Block Validation] The block 6 is valid.
2026-09-29 20:41:08,449 - INFO - [Block Validation] Validatiing the block 7.
2026-09-29 20:41:08,449 - INFO - [Block Validation] The block 7 is valid.
2026-09-29 20:41:08,449 - INFO - [Block Validation] Validatiing the block 8.
2026-09-29 20:41:08,449 - INFO - [Block Validation] The block 8 is valid.
2026-09-29 20:41:08,449 - INFO - [Block Validation] Validatiing the block 9.
2026-09-29 20:41:08,450 - INFO - [Block Validation] The block 9 is valid.
2026-09-29 20:41:08,450 - INFO - [Chain Validation] Chain is valid.
2026-09-29 20:41:08,656 - DEBUG - Using proactor: IocpProactor
2026-09-29 20:41:32,620 - INFO - [Miner]Mining block 10...
2026-09-29 20:41:33,151 - INFO - [Miner] Block 10 mined after 47885 attempts. Nonce: 47885
2026-09-29 20:41:33,161 - INFO - [Block Validation] Validatiing the block 0.
2026-09-29 20:41:33,162 - INFO - [Block Validation] The block 0 is valid.
2026-09-29 20:41:33,162 - INFO - [Block Validation] Validatiing the block 1.
2026-09-29 20:41:33,163 - INFO - [Block Validation] The block 1 is valid.
2026-09-29 20:41:33,163 - INFO - [Block Validation] Validatiing the block 2.
2026-09-29 20:41:33,163 - INFO - [Block Validation] The block 2 is valid.
2026-09-29 20:41:33,164 - INFO - [Block Validation] Validatiing the block 3.
2026-09-29 20:41:33,164 - INFO - [Block Validation] The block 3 is valid.
2026-09-29 20:41:33,164 - INFO - [Block Validation] Validatiing the block 4.
2026-09-29 20:41:33,164 - INFO - [Block Validation] The block 4 is valid.
2026-09-29 20:41:33,165 - INFO - [Block Validation] Validatiing the block 5.
2026-09-29 20:41:33,165 - INFO - [Block Validation] The block 5 is valid.
2026-09-29 20:41:33,166 - INFO - [Block Validation] Validatiing the block 6.
2026-09-29 20:41:33,166 - INFO - [Block Validation] The block 6 is valid.
2026-09-29 20:41:33,166 - INFO - [Block Validation] Validatiing the block 7.
2026-09-29 20:41:33,167 - INFO - [Block Validation] The block 7 is valid.
2026-09-29 20:41:33,167 - INFO - [Block Validation] Validatiing the block 8.
2026-09-29 20:41:33,167 - INFO - [Block Validation] The block 8 is valid.
2026-09-29 20:41:33,168 - INFO - [Block Validation] Validatiing the block 9.
2026-09-29 20:41:33,168 - INFO - [Block Validation] The block 9 is valid.
2026-09-29 20:41:33,168 - INFO - [Chain Validation] Chain is valid.
2026-09-29 20:41:33,192 - INFO - Block with CHID {'user': {'name': 'Local-Host-2', 'nationalNumber': 434653, 'phone': 3545343, 'age': 24, 'email': 'gogle1@g.c', 'birth': '49324', 'HID': '78ec36e01dbf7de336f2e978c338e492420fe171de8d6bdd3f72e57d47380807'}, 'credential': {'image': '64328633c7d192fdae612e308979b8b28d76de1c8017eb5a7e9b70afc706aa3e', 'credentialID': 435786756435, 'CID': 'c9ce81395c6427749f54ac53c4fa5966457dfad0e006ff56123df09f19550dc6', 'metadata': {'documentTitle': None, 'documentType': None, 'documentFormat': '.pdf', 'documentContentSize': 0}}, 'issuer': {'name': 'Tamkeen', 'businessID': 348754684533, 'AUTHID': '47635c4a09f953dcee611c6305c035bb1cf8d76dd2322f562a460a1a86e1e168'}, 'chid': 'b5f018ef75e24c82b413e4d9c44674e3c2c7522d657682a24914a67f07074cbe'} inserted successfully. 
2026-09-29 21:04:06,294 - INFO - [Chain Validation] Initializing the chain validator.
2026-09-29 21:04:06,554 - INFO - [Block Validation] Validatiing the block 0.
2026-09-29 21:04:06,555 - INFO - [Block Validation] The block 0 is valid.
2026-09-29 21:04:06,555 - INFO - [Block Validation] Validatiing the block 1.
2026-09-29 21:04:06,556 - INFO - [Block Validation] The block 1 is valid.
2026-09-29 21:04:06,556 - INFO - [Block Validation] Validatiing the block 2.
2026-09-29 21:04:06,556 - INFO - [Block Validation] The block 2 is valid.
2026-09-29 21:04:06,557 - INFO - [Block Validation] Validatiing the block 3.
2026-09-29 21:04:06,557 - INFO - [Block Validation] The block 3 is valid.
2026-09-29 21:04:06,557 - INFO - [Block Validation] Validatiing the block 4.
2026-09-29 21:04:06,557 - INFO - [Block Validation] The block 4 is valid.
2026-09-29 21:04:06,558 - INFO - [Block Validation] Validatiing the block 5.
2026-09-29 21:04:06,558 - INFO - [Block Validation] The block 5 is valid.
2026-09-29 21:04:06,558 - INFO - [Block Validation] Validatiing the block 6.
2026-09-29 21:04:06,558 - INFO - [Block Validation] The block 6 is valid.
2026-09-29 21:04:06,559 - INFO - [Block Validation] Validatiing the block 7.
2026-09-29 21:04:06,559 - INFO - [Block Validation] The block 7 is valid.
2026-09-29 21:04:06,559 - INFO - [Block Validation] Validatiing the block 8.
2026-09-29 21:04:06,560 - INFO - [Block Validation] The block 8 is valid.
2026-09-29 21:04:06,560 - INFO - [Block Validation] Validatiing the block 9.
2026-09-29 21:04:06,560 - INFO - [Block Validation] The block 9 is valid.
2026-09-29 21:04:06,560 - INFO - [Block Validation] Validatiing the block 10.
2026-09-29 21:04:06,561 - INFO - [Block Validation] The block 10 is valid.
2026-09-29 21:04:06,561 - INFO - [Chain Validation] Chain is valid.
2026-09-29 21:04:06,841 - DEBUG - Using proactor: IocpProactor
2026-09-29 21:04:28,511 - INFO - [Chain Validation] Initializing the chain validator.
2026-09-29 21:04:28,545 - INFO - [Block Validation] Validatiing the block 0.
2026-09-29 21:04:28,545 - INFO - [Block Validation] The block 0 is valid.
2026-09-29 21:04:28,546 - INFO - [Block Validation] Validatiing the block 1.
2026-09-29 21:04:28,546 - INFO - [Block Validation] The block 1 is valid.
2026-09-29 21:04:28,546 - INFO - [Block Validation] Validatiing the block 2.
2026-09-29 21:04:28,547 - INFO - [Block Validation] The block 2 is valid.
2026-09-29 21:04:28,547 - INFO - [Block Validation] Validatiing the block 3.
2026-09-29 21:04:28,547 - INFO - [Block Validation] The block 3 is valid.
2026-09-29 21:04:28,547 - INFO - [Block Validation] Validatiing the block 4.
2026-09-29 21:04:28,548 - INFO - [Block Validation] The block 4 is valid.
2026-09-29 21:04:28,548 - INFO - [Block Validation] Validatiing the block 5.
2026-09-29 21:04:28,548 - INFO - [Block Validation] The block 5 is valid.
2026-09-29 21:04:28,548 - INFO - [Block Validation] Validatiing the block 6.
2026-09-29 21:04:28,548 - INFO - [Block Validation] The block 6 is valid.
2026-09-29 21:04:28,549 - INFO - [Block Validation] Validatiing the block 7.
2026-09-29 21:04:28,549 - INFO - [Block Validation] The block 7 is valid.
2026-09-29 21:04:28,549 - INFO - [Block Validation] Validatiing the block 8.
2026-09-29 21:04:28,549 - INFO - [Block Validation] The block 8 is valid.
2026-09-29 21:04:28,549 - INFO - [Block Validation] Validatiing the block 9.
2026-09-29 21:04:28,550 - INFO - [Block Validation] The block 9 is valid.
2026-09-29 21:04:28,550 - INFO - [Block Validation] Validatiing the block 10.
2026-09-29 21:04:28,550 - INFO - [Block Validation] The block 10 is valid.
2026-09-29 21:04:28,550 - INFO - [Chain Validation] Chain is valid.
2026-09-29 21:04:28,739 - DEBUG - Using proactor: IocpProactor
2026-09-29 21:07:14,735 - INFO - [Chain Validation] Initializing the chain validator.
2026-09-29 21:07:14,918 - INFO - [Block Validation] Validatiing the block 0.
2026-09-29 21:07:14,919 - INFO - [Block Validation] The block 0 is valid.
2026-09-29 21:07:14,923 - INFO - [Block Validation] Validatiing the block 1.
2026-09-29 21:07:14,923 - INFO - [Block Validation] The block 1 is valid.
2026-09-29 21:07:14,923 - INFO - [Block Validation] Validatiing the block 2.
2026-09-29 21:07:14,923 - INFO - [Block Validation] The block 2 is valid.
2026-09-29 21:07:14,923 - INFO - [Block Validation] Validatiing the block 3.
2026-09-29 21:07:14,923 - INFO - [Block Validation] The block 3 is valid.
2026-09-29 21:07:14,924 - INFO - [Block Validation] Validatiing the block 4.
2026-09-29 21:07:14,924 - INFO - [Block Validation] The block 4 is valid.
2026-09-29 21:07:14,924 - INFO - [Block Validation] Validatiing the block 5.
2026-09-29 21:07:14,924 - INFO - [Block Validation] The block 5 is valid.
2026-09-29 21:07:14,924 - INFO - [Block Validation] Validatiing the block 6.
2026-09-29 21:07:14,924 - INFO - [Block Validation] The block 6 is valid.
2026-09-29 21:07:14,925 - INFO - [Block Validation] Validatiing the block 7.
2026-09-29 21:07:14,925 - INFO - [Block Validation] The block 7 is valid.
2026-09-29 21:07:14,925 - INFO - [Block Validation] Validatiing the block 8.
2026-09-29 21:07:14,925 - INFO - [Block Validation] The block 8 is valid.
2026-09-29 21:07:14,925 - INFO - [Block Validation] Validatiing the block 9.
2026-09-29 21:07:14,925 - INFO - [Block Validation] The block 9 is valid.
2026-09-29 21:07:14,925 - INFO - [Block Validation] Validatiing the block 10.
2026-09-29 21:07:14,925 - INFO - [Block Validation] The block 10 is valid.
2026-09-29 21:07:14,925 - INFO - [Chain Validation] Chain is valid.
2026-09-29 21:07:15,181 - DEBUG - Using proactor: IocpProactor
2026-09-29 21:10:31,791 - INFO - [Chain Validation] Initializing the chain validator.
2026-09-29 21:10:31,794 - INFO - [Miner]Mining block 0...
2026-09-29 21:10:32,169 - INFO - [Miner] Block 0 mined after 36254 attempts. Nonce: 36254
2026-09-29 21:10:32,173 - WARNING - [Chain Validation] Cannot validate. The ledger is empty.
2026-09-29 21:10:32,175 - INFO - Block with CHID {'user': {'name': 'Gensis-Block', 'nationalNumber': 0, 'phone': 0, 'age': 0, 'email': 'gensis@blockchain.io', 'birth': '', 'HID': '86b9cfefa3624e99ed49d4b95a65292e3ae59d1acc02e31aa391003979282fe0'}, 'credential': {'image': '', 'credentialID': 0, 'CID': 'be73143655a54956d57ca963bfd4e8437ee884b7a022d790d98afcd91066c65b', 'metadata': {'documentTitle': None, 'documentType': None, 'documentFormat': '.pdf', 'documentContentSize': 0}}, 'issuer': {'name': '', 'businessID': 0, 'AUTHID': '4930fe69eb193324e64c25a851e6c18f3b53657dfcda11c817fc34c450ff953d'}, 'chid': '57a5fa2eabd461db6913d2f6da58ef6fa9222530e0194e0334b3a1d22019344d'} inserted successfully. 
2026-09-29 21:10:32,223 - INFO - [Block Validation] Validatiing the block 0.
2026-09-29 21:10:32,224 - INFO - [Block Validation] The block 0 is valid.
2026-09-29 21:10:32,224 - INFO - [Chain Validation] Chain is valid.
2026-09-29 21:10:32,661 - DEBUG - Using proactor: IocpProactor
2026-09-29 21:10:32,688 - INFO - HTTP Request: POST http://testserver/register "HTTP/1.1 422 Unprocessable Content"
2026-09-29 21:10:33,271 - INFO - [Chain Validation] Initializing the chain validator.
2026-09-29 21:10:33,273 - INFO - [Miner]Mining block 0...
2026-09-29 21:10:33,576 - INFO - [Miner] Block 0 mined after 36254 attempts. Nonce: 36254
2026-09-29 21:10:33,577 - WARNING - [Chain Validation] Cannot validate. The ledger is empty.
2026-09-29 21:10:33,579 - INFO - Block with CHID {'user': {'name': 'Gensis-Block', 'nationalNumber': 0, 'phone': 0, 'age': 0, 'email': 'gensis@blockchain.io', 'birth': '', 'HID': '86b9cfefa3624e99ed49d4b95a65292e3ae59d1acc02e31aa391003979282fe0'}, 'credential': {'image': '', 'credentialID': 0, 'CID': 'be73143655a54956d57ca963bfd4e8437ee884b7a022d790d98afcd91066c65b', 'metadata': {'documentTitle': None, 'documentType': None, 'documentFormat': '.pdf', 'documentContentSize': 0}}, 'issuer': {'name': '', 'businessID': 0, 'AUTHID': '4930fe69eb193324e64c25a851e6c18f3b53657dfcda11c817fc34c450ff953d'}, 'chid': '57a5fa2eabd461db6913d2f6da58ef6fa9222530e0194e0334b3a1d22019344d'} inserted successfully. 
2026-09-29 21:10:33,673 - INFO - [Block Validation] Validatiing the block 0.
2026-09-29 21:10:33,673 - INFO - [Block Validation] The block 0 is valid.
2026-09-29 21:10:33,674 - INFO - [Chain Validation] Chain is valid.
2026-09-29 21:10:33,692 - DEBUG - Using proactor: IocpProactor
2026-09-29 21:10:33,708 - INFO - HTTP Request: POST http://testserver/register "HTTP/1.1 422 Unprocessable Content"
2026-09-29 21:10:33,737 - INFO - [Chain Validation] Initializing the chain validator.
2026-09-29 21:10:33,740 - INFO - [Miner]Mining block 0...
2026-09-29 21:10:34,120 - INFO - [Miner] Block 0 mined after 36254 attempts. Nonce: 36254
2026-09-29 21:10:34,121 - WARNING - [Chain Validation] Cannot validate. The ledger is empty.
2026-09-29 21:10:34,123 - INFO - Block with CHID {'user': {'name': 'Gensis-Block', 'nationalNumber': 0, 'phone': 0, 'age': 0, 'email': 'gensis@blockchain.io', 'birth': '', 'HID': '86b9cfefa3624e99ed49d4b95a65292e3ae59d1acc02e31aa391003979282fe0'}, 'credential': {'image': '', 'credentialID': 0, 'CID': 'be73143655a54956d57ca963bfd4e8437ee884b7a022d790d98afcd91066c65b', 'metadata': {'documentTitle': None, 'documentType': None, 'documentFormat': '.pdf', 'documentContentSize': 0}}, 'issuer': {'name': '', 'businessID': 0, 'AUTHID': '4930fe69eb193324e64c25a851e6c18f3b53657dfcda11c817fc34c450ff953d'}, 'chid': '57a5fa2eabd461db6913d2f6da58ef6fa9222530e0194e0334b3a1d22019344d'} inserted successfully. 
2026-09-29 21:10:34,162 - INFO - [Block Validation] Validatiing the block 0.
2026-09-29 21:10:34,163 - INFO - [Block Validation] The block 0 is valid.
2026-09-29 21:10:34,163 - INFO - [Chain Validation] Chain is valid.
2026-09-29 21:10:34,180 - DEBUG - Using proactor: IocpProactor
2026-09-29 21:10:34,195 - INFO - HTTP Request: POST http://testserver/register "HTTP/1.1 422 Unprocessable Content"
2026-09-29 21:10:34,206 - INFO - [Chain Validation] Initializing the chain validator.
2026-09-29 21:10:34,215 - INFO - [Miner]Mining block 0...
2026-09-29 21:10:34,578 - INFO - [Miner] Block 0 mined after 36254 attempts. Nonce: 36254
2026-09-29 21:10:34,579 - WARNING - [Chain Validation] Cannot validate. The ledger is empty.
2026-09-29 21:10:34,582 - INFO - Block with CHID {'user': {'name': 'Gensis-Block', 'nationalNumber': 0, 'phone': 0, 'age': 0, 'email': 'gensis@blockchain.io', 'birth': '', 'HID': '86b9cfefa3624e99ed49d4b95a65292e3ae59d1acc02e31aa391003979282fe0'}, 'credential': {'image': '', 'credentialID': 0, 'CID': 'be73143655a54956d57ca963bfd4e8437ee884b7a022d790d98afcd91066c65b', 'metadata': {'documentTitle': None, 'documentType': None, 'documentFormat': '.pdf', 'documentContentSize': 0}}, 'issuer': {'name': '', 'businessID': 0, 'AUTHID': '4930fe69eb193324e64c25a851e6c18f3b53657dfcda11c817fc34c450ff953d'}, 'chid': '57a5fa2eabd461db6913d2f6da58ef6fa9222530e0194e0334b3a1d22019344d'} inserted successfully. 
2026-09-29 21:10:34,620 - INFO - [Block Validation] Validatiing the block 0.
2026-09-29 21:10:34,620 - INFO - [Block Validation] The block 0 is valid.
2026-09-29 21:10:34,620 - INFO - [Chain Validation] Chain is valid.
2026-09-29 21:10:34,637 - DEBUG - Using proactor: IocpProactor
2026-09-29 21:10:34,649 - INFO - HTTP Request: POST http://testserver/register "HTTP/1.1 422 Unprocessable Content"
2026-09-29 21:10:34,687 - INFO - [Chain Validation] Initializing the chain validator.
2026-09-29 21:10:34,689 - INFO - [Miner]Mining block 0...
2026-09-29 21:10:35,042 - INFO - [Miner] Block 0 mined after 36254 attempts. Nonce: 36254
2026-09-29 21:10:35,245 - WARNING - [Chain Validation] Cannot validate. The ledger is empty.
2026-09-29 21:10:35,250 - INFO - Block with CHID {'user': {'name': 'Gensis-Block', 'nationalNumber': 0, 'phone': 0, 'age': 0, 'email': 'gensis@blockchain.io', 'birth': '', 'HID': '86b9cfefa3624e99ed49d4b95a65292e3ae59d1acc02e31aa391003979282fe0'}, 'credential': {'image': '', 'credentialID': 0, 'CID': 'be73143655a54956d57ca963bfd4e8437ee884b7a022d790d98afcd91066c65b', 'metadata': {'documentTitle': None, 'documentType': None, 'documentFormat': '.pdf', 'documentContentSize': 0}}, 'issuer': {'name': '', 'businessID': 0, 'AUTHID': '4930fe69eb193324e64c25a851e6c18f3b53657dfcda11c817fc34c450ff953d'}, 'chid': '57a5fa2eabd461db6913d2f6da58ef6fa9222530e0194e0334b3a1d22019344d'} inserted successfully. 
2026-09-29 21:10:35,317 - INFO - [Block Validation] Validatiing the block 0.
2026-09-29 21:10:35,317 - INFO - [Block Validation] The block 0 is valid.
2026-09-29 21:10:35,318 - INFO - [Chain Validation] Chain is valid.
2026-09-29 21:10:35,335 - DEBUG - Using proactor: IocpProactor
2026-09-29 21:10:35,351 - INFO - HTTP Request: POST http://testserver/register "HTTP/1.1 422 Unprocessable Content"
2026-09-29 21:10:35,434 - INFO - [Chain Validation] Initializing the chain validator.
2026-09-29 21:10:35,437 - INFO - [Miner]Mining block 0...
2026-09-29 21:10:35,819 - INFO - [Miner] Block 0 mined after 36254 attempts. Nonce: 36254
2026-09-29 21:10:35,819 - WARNING - [Chain Validation] Cannot validate. The ledger is empty.
2026-09-29 21:10:35,821 - INFO - Block with CHID {'user': {'name': 'Gensis-Block', 'nationalNumber': 0, 'phone': 0, 'age': 0, 'email': 'gensis@blockchain.io', 'birth': '', 'HID': '86b9cfefa3624e99ed49d4b95a65292e3ae59d1acc02e31aa391003979282fe0'}, 'credential': {'image': '', 'credentialID': 0, 'CID': 'be73143655a54956d57ca963bfd4e8437ee884b7a022d790d98afcd91066c65b', 'metadata': {'documentTitle': None, 'documentType': None, 'documentFormat': '.pdf', 'documentContentSize': 0}}, 'issuer': {'name': '', 'businessID': 0, 'AUTHID': '4930fe69eb193324e64c25a851e6c18f3b53657dfcda11c817fc34c450ff953d'}, 'chid': '57a5fa2eabd461db6913d2f6da58ef6fa9222530e0194e0334b3a1d22019344d'} inserted successfully. 
2026-09-29 21:10:35,847 - INFO - [Block Validation] Validatiing the block 0.
2026-09-29 21:10:35,848 - INFO - [Block Validation] The block 0 is valid.
2026-09-29 21:10:35,849 - INFO - [Chain Validation] Chain is valid.
2026-09-29 21:10:35,866 - DEBUG - Using proactor: IocpProactor
2026-09-29 21:10:35,879 - INFO - HTTP Request: POST http://testserver/register "HTTP/1.1 422 Unprocessable Content"
2026-09-29 21:10:35,884 - DEBUG - Using proactor: IocpProactor
2026-09-29 21:10:35,895 - INFO - HTTP Request: POST http://testserver/check "HTTP/1.1 200 OK"
2026-09-29 21:10:35,925 - INFO - [Chain Validation] Initializing the chain validator.
2026-09-29 21:10:35,928 - INFO - [Miner]Mining block 0...
2026-09-29 21:10:36,323 - INFO - [Miner] Block 0 mined after 36254 attempts. Nonce: 36254
2026-09-29 21:10:36,324 - WARNING - [Chain Validation] Cannot validate. The ledger is empty.
2026-09-29 21:10:36,326 - INFO - Block with CHID {'user': {'name': 'Gensis-Block', 'nationalNumber': 0, 'phone': 0, 'age': 0, 'email': 'gensis@blockchain.io', 'birth': '', 'HID': '86b9cfefa3624e99ed49d4b95a65292e3ae59d1acc02e31aa391003979282fe0'}, 'credential': {'image': '', 'credentialID': 0, 'CID': 'be73143655a54956d57ca963bfd4e8437ee884b7a022d790d98afcd91066c65b', 'metadata': {'documentTitle': None, 'documentType': None, 'documentFormat': '.pdf', 'documentContentSize': 0}}, 'issuer': {'name': '', 'businessID': 0, 'AUTHID': '4930fe69eb193324e64c25a851e6c18f3b53657dfcda11c817fc34c450ff953d'}, 'chid': '57a5fa2eabd461db6913d2f6da58ef6fa9222530e0194e0334b3a1d22019344d'} inserted successfully. 
2026-09-29 21:10:36,354 - INFO - [Block Validation] Validatiing the block 0.
2026-09-29 21:10:36,354 - INFO - [Block Validation] The block 0 is valid.
2026-09-29 21:10:36,355 - INFO - [Chain Validation] Chain is valid.
2026-09-29 21:10:36,371 - DEBUG - Using proactor: IocpProactor
2026-09-29 21:10:36,386 - INFO - HTTP Request: POST http://testserver/register "HTTP/1.1 422 Unprocessable Content"
2026-09-29 21:10:36,389 - DEBUG - Using proactor: IocpProactor
2026-09-29 21:10:36,397 - INFO - HTTP Request: POST http://testserver/register "HTTP/1.1 422 Unprocessable Content"
2026-09-29 21:10:36,401 - DEBUG - Using proactor: IocpProactor
2026-09-29 21:10:36,412 - INFO - HTTP Request: POST http://testserver/check "HTTP/1.1 200 OK"
2026-09-29 21:10:36,445 - INFO - [Chain Validation] Initializing the chain validator.
2026-09-29 21:10:36,451 - INFO - [Miner]Mining block 0...
2026-09-29 21:10:36,819 - INFO - [Miner] Block 0 mined after 36254 attempts. Nonce: 36254
2026-09-29 21:10:36,819 - WARNING - [Chain Validation] Cannot validate. The ledger is empty.
2026-09-29 21:10:36,821 - INFO - Block with CHID {'user': {'name': 'Gensis-Block', 'nationalNumber': 0, 'phone': 0, 'age': 0, 'email': 'gensis@blockchain.io', 'birth': '', 'HID': '86b9cfefa3624e99ed49d4b95a65292e3ae59d1acc02e31aa391003979282fe0'}, 'credential': {'image': '', 'credentialID': 0, 'CID': 'be73143655a54956d57ca963bfd4e8437ee884b7a022d790d98afcd91066c65b', 'metadata': {'documentTitle': None, 'documentType': None, 'documentFormat': '.pdf', 'documentContentSize': 0}}, 'issuer': {'name': '', 'businessID': 0, 'AUTHID': '4930fe69eb193324e64c25a851e6c18f3b53657dfcda11c817fc34c450ff953d'}, 'chid': '57a5fa2eabd461db6913d2f6da58ef6fa9222530e0194e0334b3a1d22019344d'} inserted successfully. 
2026-09-29 21:10:36,851 - INFO - [Block Validation] Validatiing the block 0.
2026-09-29 21:10:36,852 - INFO - [Block Validation] The block 0 is valid.
2026-09-29 21:10:36,852 - INFO - [Chain Validation] Chain is valid.
2026-09-29 21:10:36,869 - DEBUG - Using proactor: IocpProactor
2026-09-29 21:10:36,885 - INFO - HTTP Request: POST http://testserver/check "HTTP/1.1 200 OK"
2026-09-29 21:10:36,895 - INFO - [Chain Validation] Initializing the chain validator.
2026-09-29 21:10:36,900 - INFO - [Miner]Mining block 0...
2026-09-29 21:10:37,280 - INFO - [Miner] Block 0 mined after 36254 attempts. Nonce: 36254
2026-09-29 21:10:37,282 - WARNING - [Chain Validation] Cannot validate. The ledger is empty.
2026-09-29 21:10:37,284 - INFO - Block with CHID {'user': {'name': 'Gensis-Block', 'nationalNumber': 0, 'phone': 0, 'age': 0, 'email': 'gensis@blockchain.io', 'birth': '', 'HID': '86b9cfefa3624e99ed49d4b95a65292e3ae59d1acc02e31aa391003979282fe0'}, 'credential': {'image': '', 'credentialID': 0, 'CID': 'be73143655a54956d57ca963bfd4e8437ee884b7a022d790d98afcd91066c65b', 'metadata': {'documentTitle': None, 'documentType': None, 'documentFormat': '.pdf', 'documentContentSize': 0}}, 'issuer': {'name': '', 'businessID': 0, 'AUTHID': '4930fe69eb193324e64c25a851e6c18f3b53657dfcda11c817fc34c450ff953d'}, 'chid': '57a5fa2eabd461db6913d2f6da58ef6fa9222530e0194e0334b3a1d22019344d'} inserted successfully. 
2026-09-29 21:10:37,315 - INFO - [Block Validation] Validatiing the block 0.
2026-09-29 21:10:37,316 - INFO - [Block Validation] The block 0 is valid.
2026-09-29 21:10:37,317 - INFO - [Chain Validation] Chain is valid.
2026-09-29 21:10:37,333 - DEBUG - Using proactor: IocpProactor
2026-09-29 21:10:37,346 - INFO - HTTP Request: POST http://testserver/register "HTTP/1.1 422 Unprocessable Content"
2026-09-29 21:10:37,350 - DEBUG - Using proactor: IocpProactor
2026-09-29 21:10:37,371 - INFO - HTTP Request: GET http://testserver/chain "HTTP/1.1 200 OK"
2026-09-29 21:10:37,402 - INFO - [Chain Validation] Initializing the chain validator.
2026-09-29 21:10:37,405 - INFO - [Miner]Mining block 0...
2026-09-29 21:10:37,789 - INFO - [Miner] Block 0 mined after 36254 attempts. Nonce: 36254
2026-09-29 21:10:37,789 - WARNING - [Chain Validation] Cannot validate. The ledger is empty.
2026-09-29 21:10:37,791 - INFO - Block with CHID {'user': {'name': 'Gensis-Block', 'nationalNumber': 0, 'phone': 0, 'age': 0, 'email': 'gensis@blockchain.io', 'birth': '', 'HID': '86b9cfefa3624e99ed49d4b95a65292e3ae59d1acc02e31aa391003979282fe0'}, 'credential': {'image': '', 'credentialID': 0, 'CID': 'be73143655a54956d57ca963bfd4e8437ee884b7a022d790d98afcd91066c65b', 'metadata': {'documentTitle': None, 'documentType': None, 'documentFormat': '.pdf', 'documentContentSize': 0}}, 'issuer': {'name': '', 'businessID': 0, 'AUTHID': '4930fe69eb193324e64c25a851e6c18f3b53657dfcda11c817fc34c450ff953d'}, 'chid': '57a5fa2eabd461db6913d2f6da58ef6fa9222530e0194e0334b3a1d22019344d'} inserted successfully. 
2026-09-29 21:10:37,817 - INFO - [Block Validation] Validatiing the block 0.
2026-09-29 21:10:37,818 - INFO - [Block Validation] The block 0 is valid.
2026-09-29 21:10:37,818 - INFO - [Chain Validation] Chain is valid.
2026-09-29 21:10:37,833 - DEBUG - Using proactor: IocpProactor
2026-09-29 21:10:37,844 - INFO - [Chain Validation] Initializing the chain validator.
2026-09-29 21:10:37,844 - INFO - [Block Validation] Validatiing the block 0.
2026-09-29 21:10:37,845 - INFO - [Block Validation] The block 0 is valid.
2026-09-29 21:10:37,845 - INFO - [Chain Validation] Chain is valid.
2026-09-29 21:10:37,850 - INFO - HTTP Request: GET http://testserver/status "HTTP/1.1 200 OK"
2026-09-29 21:11:36,297 - INFO - [Chain Validation] Initializing the chain validator.
2026-09-29 21:11:36,299 - INFO - [Miner]Mining block 0...
2026-09-29 21:11:36,933 - INFO - [Miner] Block 0 mined after 36254 attempts. Nonce: 36254
2026-09-29 21:11:37,023 - WARNING - [Chain Validation] Cannot validate. The ledger is empty.
2026-09-29 21:11:37,030 - INFO - Block with CHID {'user': {'name': 'Gensis-Block', 'nationalNumber': 0, 'phone': 0, 'age': 0, 'email': 'gensis@blockchain.io', 'birth': '', 'HID': '86b9cfefa3624e99ed49d4b95a65292e3ae59d1acc02e31aa391003979282fe0'}, 'credential': {'image': '', 'credentialID': 0, 'CID': 'be73143655a54956d57ca963bfd4e8437ee884b7a022d790d98afcd91066c65b', 'metadata': {'documentTitle': None, 'documentType': None, 'documentFormat': '.pdf', 'documentContentSize': 0}}, 'issuer': {'name': '', 'businessID': 0, 'AUTHID': '4930fe69eb193324e64c25a851e6c18f3b53657dfcda11c817fc34c450ff953d'}, 'chid': '57a5fa2eabd461db6913d2f6da58ef6fa9222530e0194e0334b3a1d22019344d'} inserted successfully. 
2026-09-29 21:11:37,114 - INFO - [Block Validation] Validatiing the block 0.
2026-09-29 21:11:37,115 - INFO - [Block Validation] The block 0 is valid.
2026-09-29 21:11:37,115 - INFO - [Chain Validation] Chain is valid.
2026-09-29 21:11:38,152 - DEBUG - Using proactor: IocpProactor
2026-09-29 21:11:42,769 - INFO - [Chain Validation] Initializing the chain validator.
2026-09-29 21:11:42,772 - INFO - [Miner]Mining block 0...
2026-09-29 21:11:43,229 - INFO - [Miner] Block 0 mined after 36254 attempts. Nonce: 36254
2026-09-29 21:11:43,229 - WARNING - [Chain Validation] Cannot validate. The ledger is empty.
2026-09-29 21:11:43,231 - INFO - Block with CHID {'user': {'name': 'Gensis-Block', 'nationalNumber': 0, 'phone': 0, 'age': 0, 'email': 'gensis@blockchain.io', 'birth': '', 'HID': '86b9cfefa3624e99ed49d4b95a65292e3ae59d1acc02e31aa391003979282fe0'}, 'credential': {'image': '', 'credentialID': 0, 'CID': 'be73143655a54956d57ca963bfd4e8437ee884b7a022d790d98afcd91066c65b', 'metadata': {'documentTitle': None, 'documentType': None, 'documentFormat': '.pdf', 'documentContentSize': 0}}, 'issuer': {'name': '', 'businessID': 0, 'AUTHID': '4930fe69eb193324e64c25a851e6c18f3b53657dfcda11c817fc34c450ff953d'}, 'chid': '57a5fa2eabd461db6913d2f6da58ef6fa9222530e0194e0334b3a1d22019344d'} inserted successfully. 
2026-09-29 21:11:43,278 - INFO - [Block Validation] Validatiing the block 0.
2026-09-29 21:11:43,278 - INFO - [Block Validation] The block 0 is valid.
2026-09-29 21:11:43,278 - INFO - [Chain Validation] Chain is valid.
2026-09-29 21:11:43,317 - DEBUG - Using proactor: IocpProactor
2026-09-29 21:11:45,902 - INFO - [Chain Validation] Initializing the chain validator.
2026-09-29 21:11:45,906 - INFO - [Miner]Mining block 0...
2026-09-29 21:11:46,576 - INFO - [Miner] Block 0 mined after 36254 attempts. Nonce: 36254
2026-09-29 21:11:46,577 - WARNING - [Chain Validation] Cannot validate. The ledger is empty.
2026-09-29 21:11:46,578 - INFO - Block with CHID {'user': {'name': 'Gensis-Block', 'nationalNumber': 0, 'phone': 0, 'age': 0, 'email': 'gensis@blockchain.io', 'birth': '', 'HID': '86b9cfefa3624e99ed49d4b95a65292e3ae59d1acc02e31aa391003979282fe0'}, 'credential': {'image': '', 'credentialID': 0, 'CID': 'be73143655a54956d57ca963bfd4e8437ee884b7a022d790d98afcd91066c65b', 'metadata': {'documentTitle': None, 'documentType': None, 'documentFormat': '.pdf', 'documentContentSize': 0}}, 'issuer': {'name': '', 'businessID': 0, 'AUTHID': '4930fe69eb193324e64c25a851e6c18f3b53657dfcda11c817fc34c450ff953d'}, 'chid': '57a5fa2eabd461db6913d2f6da58ef6fa9222530e0194e0334b3a1d22019344d'} inserted successfully. 
2026-09-29 21:11:46,678 - INFO - [Block Validation] Validatiing the block 0.
2026-09-29 21:11:46,678 - INFO - [Block Validation] The block 0 is valid.
2026-09-29 21:11:46,678 - INFO - [Chain Validation] Chain is valid.
2026-09-29 21:11:46,759 - DEBUG - Using proactor: IocpProactor
2026-09-29 21:11:46,810 - INFO - HTTP Request: POST http://testserver/register "HTTP/1.1 422 Unprocessable Content"
2026-09-29 21:11:47,046 - INFO - [Chain Validation] Initializing the chain validator.
2026-09-29 21:11:47,049 - INFO - [Miner]Mining block 0...
2026-09-29 21:11:47,671 - INFO - [Miner] Block 0 mined after 36254 attempts. Nonce: 36254
2026-09-29 21:11:47,672 - WARNING - [Chain Validation] Cannot validate. The ledger is empty.
2026-09-29 21:11:47,673 - INFO - Block with CHID {'user': {'name': 'Gensis-Block', 'nationalNumber': 0, 'phone': 0, 'age': 0, 'email': 'gensis@blockchain.io', 'birth': '', 'HID': '86b9cfefa3624e99ed49d4b95a65292e3ae59d1acc02e31aa391003979282fe0'}, 'credential': {'image': '', 'credentialID': 0, 'CID': 'be73143655a54956d57ca963bfd4e8437ee884b7a022d790d98afcd91066c65b', 'metadata': {'documentTitle': None, 'documentType': None, 'documentFormat': '.pdf', 'documentContentSize': 0}}, 'issuer': {'name': '', 'businessID': 0, 'AUTHID': '4930fe69eb193324e64c25a851e6c18f3b53657dfcda11c817fc34c450ff953d'}, 'chid': '57a5fa2eabd461db6913d2f6da58ef6fa9222530e0194e0334b3a1d22019344d'} inserted successfully. 
2026-09-29 21:11:47,896 - INFO - [Block Validation] Validatiing the block 0.
2026-09-29 21:11:47,897 - INFO - [Block Validation] The block 0 is valid.
2026-09-29 21:11:47,897 - INFO - [Chain Validation] Chain is valid.
2026-09-29 21:11:48,096 - DEBUG - Using proactor: IocpProactor
2026-09-29 21:11:48,105 - INFO - HTTP Request: POST http://testserver/register "HTTP/1.1 400 Bad Request"
2026-09-29 21:11:48,321 - INFO - [Chain Validation] Initializing the chain validator.
2026-09-29 21:11:48,322 - INFO - [Miner]Mining block 0...
2026-09-29 21:11:48,912 - INFO - [Miner] Block 0 mined after 36254 attempts. Nonce: 36254
2026-09-29 21:11:48,913 - WARNING - [Chain Validation] Cannot validate. The ledger is empty.
2026-09-29 21:11:48,915 - INFO - Block with CHID {'user': {'name': 'Gensis-Block', 'nationalNumber': 0, 'phone': 0, 'age': 0, 'email': 'gensis@blockchain.io', 'birth': '', 'HID': '86b9cfefa3624e99ed49d4b95a65292e3ae59d1acc02e31aa391003979282fe0'}, 'credential': {'image': '', 'credentialID': 0, 'CID': 'be73143655a54956d57ca963bfd4e8437ee884b7a022d790d98afcd91066c65b', 'metadata': {'documentTitle': None, 'documentType': None, 'documentFormat': '.pdf', 'documentContentSize': 0}}, 'issuer': {'name': '', 'businessID': 0, 'AUTHID': '4930fe69eb193324e64c25a851e6c18f3b53657dfcda11c817fc34c450ff953d'}, 'chid': '57a5fa2eabd461db6913d2f6da58ef6fa9222530e0194e0334b3a1d22019344d'} inserted successfully. 
2026-09-29 21:11:49,113 - INFO - [Block Validation] Validatiing the block 0.
2026-09-29 21:11:49,113 - INFO - [Block Validation] The block 0 is valid.
2026-09-29 21:11:49,113 - INFO - [Chain Validation] Chain is valid.
2026-09-29 21:11:49,230 - DEBUG - Using proactor: IocpProactor
2026-09-29 21:11:51,914 - INFO - [Chain Validation] Initializing the chain validator.
2026-09-29 21:11:51,916 - INFO - [Miner]Mining block 0...
2026-09-29 21:11:52,327 - INFO - [Miner] Block 0 mined after 36254 attempts. Nonce: 36254
2026-09-29 21:11:52,328 - WARNING - [Chain Validation] Cannot validate. The ledger is empty.
2026-09-29 21:11:52,329 - INFO - Block with CHID {'user': {'name': 'Gensis-Block', 'nationalNumber': 0, 'phone': 0, 'age': 0, 'email': 'gensis@blockchain.io', 'birth': '', 'HID': '86b9cfefa3624e99ed49d4b95a65292e3ae59d1acc02e31aa391003979282fe0'}, 'credential': {'image': '', 'credentialID': 0, 'CID': 'be73143655a54956d57ca963bfd4e8437ee884b7a022d790d98afcd91066c65b', 'metadata': {'documentTitle': None, 'documentType': None, 'documentFormat': '.pdf', 'documentContentSize': 0}}, 'issuer': {'name': '', 'businessID': 0, 'AUTHID': '4930fe69eb193324e64c25a851e6c18f3b53657dfcda11c817fc34c450ff953d'}, 'chid': '57a5fa2eabd461db6913d2f6da58ef6fa9222530e0194e0334b3a1d22019344d'} inserted successfully. 
2026-09-29 21:11:52,404 - INFO - [Block Validation] Validatiing the block 0.
2026-09-29 21:11:52,405 - INFO - [Block Validation] The block 0 is valid.
2026-09-29 21:11:52,405 - INFO - [Chain Validation] Chain is valid.
2026-09-29 21:11:52,447 - DEBUG - Using proactor: IocpProactor
2026-09-29 21:11:54,468 - INFO - [Chain Validation] Initializing the chain validator.
2026-09-29 21:11:54,471 - INFO - [Miner]Mining block 0...
2026-09-29 21:11:54,794 - INFO - [Miner] Block 0 mined after 36254 attempts. Nonce: 36254
2026-09-29 21:11:54,795 - WARNING - [Chain Validation] Cannot validate. The ledger is empty.
2026-09-29 21:11:54,797 - INFO - Block with CHID {'user': {'name': 'Gensis-Block', 'nationalNumber': 0, 'phone': 0, 'age': 0, 'email': 'gensis@blockchain.io', 'birth': '', 'HID': '86b9cfefa3624e99ed49d4b95a65292e3ae59d1acc02e31aa391003979282fe0'}, 'credential': {'image': '', 'credentialID': 0, 'CID': 'be73143655a54956d57ca963bfd4e8437ee884b7a022d790d98afcd91066c65b', 'metadata': {'documentTitle': None, 'documentType': None, 'documentFormat': '.pdf', 'documentContentSize': 0}}, 'issuer': {'name': '', 'businessID': 0, 'AUTHID': '4930fe69eb193324e64c25a851e6c18f3b53657dfcda11c817fc34c450ff953d'}, 'chid': '57a5fa2eabd461db6913d2f6da58ef6fa9222530e0194e0334b3a1d22019344d'} inserted successfully. 
2026-09-29 21:11:54,829 - INFO - [Block Validation] Validatiing the block 0.
2026-09-29 21:11:54,830 - INFO - [Block Validation] The block 0 is valid.
2026-09-29 21:11:54,830 - INFO - [Chain Validation] Chain is valid.
2026-09-29 21:11:54,844 - DEBUG - Using proactor: IocpProactor
2026-09-29 21:11:57,762 - INFO - [Chain Validation] Initializing the chain validator.
2026-09-29 21:11:57,764 - INFO - [Miner]Mining block 0...
2026-09-29 21:11:58,281 - INFO - [Miner] Block 0 mined after 36254 attempts. Nonce: 36254
2026-09-29 21:11:58,282 - WARNING - [Chain Validation] Cannot validate. The ledger is empty.
2026-09-29 21:11:58,283 - INFO - Block with CHID {'user': {'name': 'Gensis-Block', 'nationalNumber': 0, 'phone': 0, 'age': 0, 'email': 'gensis@blockchain.io', 'birth': '', 'HID': '86b9cfefa3624e99ed49d4b95a65292e3ae59d1acc02e31aa391003979282fe0'}, 'credential': {'image': '', 'credentialID': 0, 'CID': 'be73143655a54956d57ca963bfd4e8437ee884b7a022d790d98afcd91066c65b', 'metadata': {'documentTitle': None, 'documentType': None, 'documentFormat': '.pdf', 'documentContentSize': 0}}, 'issuer': {'name': '', 'businessID': 0, 'AUTHID': '4930fe69eb193324e64c25a851e6c18f3b53657dfcda11c817fc34c450ff953d'}, 'chid': '57a5fa2eabd461db6913d2f6da58ef6fa9222530e0194e0334b3a1d22019344d'} inserted successfully. 
2026-09-29 21:11:58,466 - INFO - [Block Validation] Validatiing the block 0.
2026-09-29 21:11:58,466 - INFO - [Block Validation] The block 0 is valid.
2026-09-29 21:11:58,467 - INFO - [Chain Validation] Chain is valid.
2026-09-29 21:11:58,539 - DEBUG - Using proactor: IocpProactor
2026-09-29 21:11:58,636 - INFO - HTTP Request: POST http://testserver/check "HTTP/1.1 200 OK"
2026-09-29 21:11:58,758 - INFO - [Chain Validation] Initializing the chain validator.
2026-09-29 21:11:58,759 - INFO - [Miner]Mining block 0...
2026-09-29 21:11:59,165 - INFO - [Miner] Block 0 mined after 36254 attempts. Nonce: 36254
2026-09-29 21:11:59,165 - WARNING - [Chain Validation] Cannot validate. The ledger is empty.
2026-09-29 21:11:59,167 - INFO - Block with CHID {'user': {'name': 'Gensis-Block', 'nationalNumber': 0, 'phone': 0, 'age': 0, 'email': 'gensis@blockchain.io', 'birth': '', 'HID': '86b9cfefa3624e99ed49d4b95a65292e3ae59d1acc02e31aa391003979282fe0'}, 'credential': {'image': '', 'credentialID': 0, 'CID': 'be73143655a54956d57ca963bfd4e8437ee884b7a022d790d98afcd91066c65b', 'metadata': {'documentTitle': None, 'documentType': None, 'documentFormat': '.pdf', 'documentContentSize': 0}}, 'issuer': {'name': '', 'businessID': 0, 'AUTHID': '4930fe69eb193324e64c25a851e6c18f3b53657dfcda11c817fc34c450ff953d'}, 'chid': '57a5fa2eabd461db6913d2f6da58ef6fa9222530e0194e0334b3a1d22019344d'} inserted successfully. 
2026-09-29 21:11:59,275 - INFO - [Block Validation] Validatiing the block 0.
2026-09-29 21:11:59,276 - INFO - [Block Validation] The block 0 is valid.
2026-09-29 21:11:59,276 - INFO - [Chain Validation] Chain is valid.
2026-09-29 21:11:59,310 - DEBUG - Using proactor: IocpProactor
2026-09-29 21:12:01,436 - INFO - [Chain Validation] Initializing the chain validator.
2026-09-29 21:12:01,438 - INFO - [Miner]Mining block 0...
2026-09-29 21:12:01,857 - INFO - [Miner] Block 0 mined after 36254 attempts. Nonce: 36254
2026-09-29 21:12:01,857 - WARNING - [Chain Validation] Cannot validate. The ledger is empty.
2026-09-29 21:12:01,859 - INFO - Block with CHID {'user': {'name': 'Gensis-Block', 'nationalNumber': 0, 'phone': 0, 'age': 0, 'email': 'gensis@blockchain.io', 'birth': '', 'HID': '86b9cfefa3624e99ed49d4b95a65292e3ae59d1acc02e31aa391003979282fe0'}, 'credential': {'image': '', 'credentialID': 0, 'CID': 'be73143655a54956d57ca963bfd4e8437ee884b7a022d790d98afcd91066c65b', 'metadata': {'documentTitle': None, 'documentType': None, 'documentFormat': '.pdf', 'documentContentSize': 0}}, 'issuer': {'name': '', 'businessID': 0, 'AUTHID': '4930fe69eb193324e64c25a851e6c18f3b53657dfcda11c817fc34c450ff953d'}, 'chid': '57a5fa2eabd461db6913d2f6da58ef6fa9222530e0194e0334b3a1d22019344d'} inserted successfully. 
2026-09-29 21:12:01,916 - INFO - [Block Validation] Validatiing the block 0.
2026-09-29 21:12:01,916 - INFO - [Block Validation] The block 0 is valid.
2026-09-29 21:12:01,916 - INFO - [Chain Validation] Chain is valid.
2026-09-29 21:12:01,943 - DEBUG - Using proactor: IocpProactor
2026-09-29 21:12:01,957 - INFO - [Chain Validation] Initializing the chain validator.
2026-09-29 21:12:01,958 - INFO - [Block Validation] Validatiing the block 0.
2026-09-29 21:12:01,958 - INFO - [Block Validation] The block 0 is valid.
2026-09-29 21:12:01,959 - INFO - [Chain Validation] Chain is valid.
2026-09-29 21:12:01,961 - INFO - HTTP Request: GET http://testserver/status "HTTP/1.1 200 OK"
2026-09-29 21:14:03,334 - INFO - [Chain Validation] Initializing the chain validator.
2026-09-29 21:14:03,340 - INFO - [Miner]Mining block 0...
2026-09-29 21:14:03,706 - INFO - [Miner] Block 0 mined after 36254 attempts. Nonce: 36254
2026-09-29 21:14:03,710 - WARNING - [Chain Validation] Cannot validate. The ledger is empty.
2026-09-29 21:14:03,712 - INFO - Block with CHID {'user': {'name': 'Gensis-Block', 'nationalNumber': 0, 'phone': 0, 'age': 0, 'email': 'gensis@blockchain.io', 'birth': '', 'HID': '86b9cfefa3624e99ed49d4b95a65292e3ae59d1acc02e31aa391003979282fe0'}, 'credential': {'image': '', 'credentialID': 0, 'CID': 'be73143655a54956d57ca963bfd4e8437ee884b7a022d790d98afcd91066c65b', 'metadata': {'documentTitle': None, 'documentType': None, 'documentFormat': '.pdf', 'documentContentSize': 0}}, 'issuer': {'name': '', 'businessID': 0, 'AUTHID': '4930fe69eb193324e64c25a851e6c18f3b53657dfcda11c817fc34c450ff953d'}, 'chid': '57a5fa2eabd461db6913d2f6da58ef6fa9222530e0194e0334b3a1d22019344d'} inserted successfully. 
2026-09-29 21:14:03,804 - INFO - [Block Validation] Validatiing the block 0.
2026-09-29 21:14:03,804 - INFO - [Block Validation] The block 0 is valid.
2026-09-29 21:14:03,804 - INFO - [Chain Validation] Chain is valid.
2026-09-29 21:14:04,032 - DEBUG - Using proactor: IocpProactor
2026-09-29 21:14:04,050 - INFO - [Miner]Mining block 1...
2026-09-29 21:14:04,356 - INFO - [Miner] Block 1 mined after 40936 attempts. Nonce: 40936
2026-09-29 21:14:04,357 - INFO - [Block Validation] Validatiing the block 0.
2026-09-29 21:14:04,358 - INFO - [Block Validation] The block 0 is valid.
2026-09-29 21:14:04,358 - INFO - [Chain Validation] Chain is valid.
2026-09-29 21:14:04,360 - INFO - Block with CHID {'user': {'name': 'Alice', 'nationalNumber': 1001, 'phone': 1, 'age': 30, 'email': 'a@x.com', 'birth': '1995-01-01', 'HID': '17231ca1bfaa73c3b607049f75f3df524b36538b861c559050bff4fbbd64a9d2'}, 'credential': {'image': 'd6fee16dee3d1af56a19a010262615abb7a3f5602de100a866bbc2f268eaba4f', 'credentialID': 1, 'CID': 'a6f38f837ff9689b4eaac950343a818c44f97ff7875d318644b89da21844907f', 'metadata': {'documentTitle': None, 'documentType': None, 'documentFormat': '.pdf', 'documentContentSize': 0}}, 'issuer': {'name': 'JPUF', 'businessID': 10, 'AUTHID': '4e9fed7a5168dd153d040292c205c0f1d65bb64949a99d6a8b1cdebaeffae8cd'}, 'chid': 'c26ee3c84f48bc30ab19c019990d80bc1099e1fcad71ea8895bba6f17768283d'} inserted successfully. 
2026-09-29 21:14:04,366 - INFO - HTTP Request: POST http://testserver/register "HTTP/1.1 201 Created"
2026-09-29 21:14:04,375 - INFO - [Chain Validation] Initializing the chain validator.
2026-09-29 21:14:04,378 - INFO - [Miner]Mining block 0...
2026-09-29 21:14:04,733 - INFO - [Miner] Block 0 mined after 36254 attempts. Nonce: 36254
2026-09-29 21:14:04,734 - WARNING - [Chain Validation] Cannot validate. The ledger is empty.
2026-09-29 21:14:04,736 - INFO - Block with CHID {'user': {'name': 'Gensis-Block', 'nationalNumber': 0, 'phone': 0, 'age': 0, 'email': 'gensis@blockchain.io', 'birth': '', 'HID': '86b9cfefa3624e99ed49d4b95a65292e3ae59d1acc02e31aa391003979282fe0'}, 'credential': {'image': '', 'credentialID': 0, 'CID': 'be73143655a54956d57ca963bfd4e8437ee884b7a022d790d98afcd91066c65b', 'metadata': {'documentTitle': None, 'documentType': None, 'documentFormat': '.pdf', 'documentContentSize': 0}}, 'issuer': {'name': '', 'businessID': 0, 'AUTHID': '4930fe69eb193324e64c25a851e6c18f3b53657dfcda11c817fc34c450ff953d'}, 'chid': '57a5fa2eabd461db6913d2f6da58ef6fa9222530e0194e0334b3a1d22019344d'} inserted successfully. 
2026-09-29 21:14:04,778 - INFO - [Block Validation] Validatiing the block 0.
2026-09-29 21:14:04,778 - INFO - [Block Validation] The block 0 is valid.
2026-09-29 21:14:04,779 - INFO - [Chain Validation] Chain is valid.
2026-09-29 21:14:04,793 - DEBUG - Using proactor: IocpProactor
2026-09-29 21:14:04,804 - INFO - [Miner]Mining block 1...
2026-09-29 21:14:05,066 - INFO - [Miner] Block 1 mined after 40787 attempts. Nonce: 40787
2026-09-29 21:14:05,067 - INFO - [Block Validation] Validatiing the block 0.
2026-09-29 21:14:05,068 - INFO - [Block Validation] The block 0 is valid.
2026-09-29 21:14:05,068 - INFO - [Chain Validation] Chain is valid.
2026-09-29 21:14:05,070 - INFO - Block with CHID {'user': {'name': 'Alice', 'nationalNumber': 1002, 'phone': 1, 'age': 30, 'email': 'a@x.com', 'birth': '1995-01-01', 'HID': 'b7b5a4ec4731a35d74fea8e4a41b9bf3c87255c9b60f66507abca1942f9633d8'}, 'credential': {'image': 'c4824b64290742375def743acf351ade25d3bc0a54f67363682768785955981c', 'credentialID': 2, 'CID': '63e7938e829fb13a7922bec11d24ed194990db334c1237f4d58556b4a56783b4', 'metadata': {'documentTitle': None, 'documentType': None, 'documentFormat': '.pdf', 'documentContentSize': 0}}, 'issuer': {'name': 'JPUF', 'businessID': 11, 'AUTHID': '8bd1b13d3c9c05b7548cf0e369905b7da65c32d77dbcd9e906d337d8351ecee5'}, 'chid': '565416aeaec63fd7a6c4e979622a104160173e39bc1bd4f8e2cb705874438d41'} inserted successfully. 
2026-09-29 21:14:05,074 - INFO - HTTP Request: POST http://testserver/register "HTTP/1.1 201 Created"
2026-09-29 21:14:05,077 - DEBUG - Using proactor: IocpProactor
2026-09-29 21:14:05,087 - INFO - HTTP Request: POST http://testserver/register "HTTP/1.1 409 Conflict"
2026-09-29 21:14:05,094 - INFO - [Chain Validation] Initializing the chain validator.
2026-09-29 21:14:05,099 - INFO - [Miner]Mining block 0...
2026-09-29 21:14:05,459 - INFO - [Miner] Block 0 mined after 36254 attempts. Nonce: 36254
2026-09-29 21:14:05,459 - WARNING - [Chain Validation] Cannot validate. The ledger is empty.
2026-09-29 21:14:05,461 - INFO - Block with CHID {'user': {'name': 'Gensis-Block', 'nationalNumber': 0, 'phone': 0, 'age': 0, 'email': 'gensis@blockchain.io', 'birth': '', 'HID': '86b9cfefa3624e99ed49d4b95a65292e3ae59d1acc02e31aa391003979282fe0'}, 'credential': {'image': '', 'credentialID': 0, 'CID': 'be73143655a54956d57ca963bfd4e8437ee884b7a022d790d98afcd91066c65b', 'metadata': {'documentTitle': None, 'documentType': None, 'documentFormat': '.pdf', 'documentContentSize': 0}}, 'issuer': {'name': '', 'businessID': 0, 'AUTHID': '4930fe69eb193324e64c25a851e6c18f3b53657dfcda11c817fc34c450ff953d'}, 'chid': '57a5fa2eabd461db6913d2f6da58ef6fa9222530e0194e0334b3a1d22019344d'} inserted successfully. 
2026-09-29 21:14:05,490 - INFO - [Block Validation] Validatiing the block 0.
2026-09-29 21:14:05,491 - INFO - [Block Validation] The block 0 is valid.
2026-09-29 21:14:05,491 - INFO - [Chain Validation] Chain is valid.
2026-09-29 21:14:05,504 - DEBUG - Using proactor: IocpProactor
2026-09-29 21:14:05,517 - INFO - HTTP Request: POST http://testserver/register "HTTP/1.1 422 Unprocessable Content"
2026-09-29 21:14:05,523 - INFO - [Chain Validation] Initializing the chain validator.
2026-09-29 21:14:05,524 - INFO - [Miner]Mining block 0...
2026-09-29 21:14:05,834 - INFO - [Miner] Block 0 mined after 36254 attempts. Nonce: 36254
2026-09-29 21:14:05,835 - WARNING - [Chain Validation] Cannot validate. The ledger is empty.
2026-09-29 21:14:05,836 - INFO - Block with CHID {'user': {'name': 'Gensis-Block', 'nationalNumber': 0, 'phone': 0, 'age': 0, 'email': 'gensis@blockchain.io', 'birth': '', 'HID': '86b9cfefa3624e99ed49d4b95a65292e3ae59d1acc02e31aa391003979282fe0'}, 'credential': {'image': '', 'credentialID': 0, 'CID': 'be73143655a54956d57ca963bfd4e8437ee884b7a022d790d98afcd91066c65b', 'metadata': {'documentTitle': None, 'documentType': None, 'documentFormat': '.pdf', 'documentContentSize': 0}}, 'issuer': {'name': '', 'businessID': 0, 'AUTHID': '4930fe69eb193324e64c25a851e6c18f3b53657dfcda11c817fc34c450ff953d'}, 'chid': '57a5fa2eabd461db6913d2f6da58ef6fa9222530e0194e0334b3a1d22019344d'} inserted successfully. 
2026-09-29 21:14:05,862 - INFO - [Block Validation] Validatiing the block 0.
2026-09-29 21:14:05,863 - INFO - [Block Validation] The block 0 is valid.
2026-09-29 21:14:05,864 - INFO - [Chain Validation] Chain is valid.
2026-09-29 21:14:05,875 - DEBUG - Using proactor: IocpProactor
2026-09-29 21:14:05,886 - INFO - HTTP Request: POST http://testserver/register "HTTP/1.1 400 Bad Request"
2026-09-29 21:14:05,894 - INFO - [Chain Validation] Initializing the chain validator.
2026-09-29 21:14:05,895 - INFO - [Miner]Mining block 0...
2026-09-29 21:14:06,185 - INFO - [Miner] Block 0 mined after 36254 attempts. Nonce: 36254
2026-09-29 21:14:06,185 - WARNING - [Chain Validation] Cannot validate. The ledger is empty.
2026-09-29 21:14:06,186 - INFO - Block with CHID {'user': {'name': 'Gensis-Block', 'nationalNumber': 0, 'phone': 0, 'age': 0, 'email': 'gensis@blockchain.io', 'birth': '', 'HID': '86b9cfefa3624e99ed49d4b95a65292e3ae59d1acc02e31aa391003979282fe0'}, 'credential': {'image': '', 'credentialID': 0, 'CID': 'be73143655a54956d57ca963bfd4e8437ee884b7a022d790d98afcd91066c65b', 'metadata': {'documentTitle': None, 'documentType': None, 'documentFormat': '.pdf', 'documentContentSize': 0}}, 'issuer': {'name': '', 'businessID': 0, 'AUTHID': '4930fe69eb193324e64c25a851e6c18f3b53657dfcda11c817fc34c450ff953d'}, 'chid': '57a5fa2eabd461db6913d2f6da58ef6fa9222530e0194e0334b3a1d22019344d'} inserted successfully. 
2026-09-29 21:14:06,222 - INFO - [Block Validation] Validatiing the block 0.
2026-09-29 21:14:06,222 - INFO - [Block Validation] The block 0 is valid.
2026-09-29 21:14:06,222 - INFO - [Chain Validation] Chain is valid.
2026-09-29 21:14:06,233 - DEBUG - Using proactor: IocpProactor
2026-09-29 21:14:06,240 - INFO - [Miner]Mining block 1...
2026-09-29 21:14:06,459 - INFO - [Miner] Block 1 mined after 28321 attempts. Nonce: 28321
2026-09-29 21:14:06,460 - INFO - [Block Validation] Validatiing the block 0.
2026-09-29 21:14:06,460 - INFO - [Block Validation] The block 0 is valid.
2026-09-29 21:14:06,460 - INFO - [Chain Validation] Chain is valid.
2026-09-29 21:14:06,462 - INFO - Block with CHID {'user': {'name': 'Alice', 'nationalNumber': 1004, 'phone': 1, 'age': 30, 'email': 'a@x.com', 'birth': '1995-01-01', 'HID': '5aac19b7d8962cd134de158c9b24c70932035f6bcea6f0ec7202d88dd116e00f'}, 'credential': {'image': 'a391d60fb74068a4105abaf39ff8899aac0447acd831adf8ae6b625aadad12a5', 'credentialID': 4, 'CID': 'b1751e8cf498aa42c31752b7183d3bd365ff3d5e66cd53b35cfa3bba0e30edac', 'metadata': {'documentTitle': None, 'documentType': None, 'documentFormat': '.pdf', 'documentContentSize': 0}}, 'issuer': {'name': 'JPUF', 'businessID': 13, 'AUTHID': '2ff530b451fc145718cbfcc9ae3400ea68308c4f8a703b28f7981b8cf8faeec2'}, 'chid': '2f159f4a04c01b5e2a2d5bdc9c9d185c206765c85753488a6248eadf7352d56f'} inserted successfully. 
2026-09-29 21:14:06,470 - INFO - HTTP Request: POST http://testserver/register "HTTP/1.1 201 Created"
2026-09-29 21:14:07,795 - INFO - [Chain Validation] Initializing the chain validator.
2026-09-29 21:14:07,803 - INFO - [Miner]Mining block 0...
2026-09-29 21:14:08,436 - INFO - [Miner] Block 0 mined after 36254 attempts. Nonce: 36254
2026-09-29 21:14:08,436 - WARNING - [Chain Validation] Cannot validate. The ledger is empty.
2026-09-29 21:14:08,443 - INFO - Block with CHID {'user': {'name': 'Gensis-Block', 'nationalNumber': 0, 'phone': 0, 'age': 0, 'email': 'gensis@blockchain.io', 'birth': '', 'HID': '86b9cfefa3624e99ed49d4b95a65292e3ae59d1acc02e31aa391003979282fe0'}, 'credential': {'image': '', 'credentialID': 0, 'CID': 'be73143655a54956d57ca963bfd4e8437ee884b7a022d790d98afcd91066c65b', 'metadata': {'documentTitle': None, 'documentType': None, 'documentFormat': '.pdf', 'documentContentSize': 0}}, 'issuer': {'name': '', 'businessID': 0, 'AUTHID': '4930fe69eb193324e64c25a851e6c18f3b53657dfcda11c817fc34c450ff953d'}, 'chid': '57a5fa2eabd461db6913d2f6da58ef6fa9222530e0194e0334b3a1d22019344d'} inserted successfully. 
2026-09-29 21:14:08,592 - INFO - [Block Validation] Validatiing the block 0.
2026-09-29 21:14:08,592 - INFO - [Block Validation] The block 0 is valid.
2026-09-29 21:14:08,592 - INFO - [Chain Validation] Chain is valid.
2026-09-29 21:14:08,719 - DEBUG - Using proactor: IocpProactor
2026-09-29 21:14:08,726 - INFO - [Miner]Mining block 1...
2026-09-29 21:14:08,963 - INFO - [Miner] Block 1 mined after 16710 attempts. Nonce: 16710
2026-09-29 21:14:08,966 - INFO - [Block Validation] Validatiing the block 0.
2026-09-29 21:14:08,966 - INFO - [Block Validation] The block 0 is valid.
2026-09-29 21:14:08,967 - INFO - [Chain Validation] Chain is valid.
2026-09-29 21:14:08,968 - INFO - Block with CHID {'user': {'name': 'Carol', 'nationalNumber': 2002, 'phone': 1, 'age': 30, 'email': 'a@x.com', 'birth': '1995-01-01', 'HID': '7ccdca19127ae4219e99c8e0c608497017406487782aabf35286fa912407c485'}, 'credential': {'image': 'c4824b64290742375def743acf351ade25d3bc0a54f67363682768785955981c', 'credentialID': 2, 'CID': '63e7938e829fb13a7922bec11d24ed194990db334c1237f4d58556b4a56783b4', 'metadata': {'documentTitle': None, 'documentType': None, 'documentFormat': '.pdf', 'documentContentSize': 0}}, 'issuer': {'name': 'GovAuth', 'businessID': 20, 'AUTHID': 'ee5d73cf8f46e498653cd4fdc6593d0135f42384702cddc762894798045821a5'}, 'chid': '1c17cd0a8585b2b170cb1c8dc4b6943a53155be2ce74f9dfef7db1412c0fe89b'} inserted successfully. 
2026-09-29 21:14:08,971 - INFO - HTTP Request: POST http://testserver/register "HTTP/1.1 201 Created"
2026-09-29 21:14:09,075 - DEBUG - Using proactor: IocpProactor
2026-09-29 21:14:09,144 - INFO - HTTP Request: POST http://testserver/check "HTTP/1.1 200 OK"
2026-09-29 21:14:09,294 - INFO - [Chain Validation] Initializing the chain validator.
2026-09-29 21:14:09,295 - INFO - [Miner]Mining block 0...
2026-09-29 21:14:09,817 - INFO - [Miner] Block 0 mined after 36254 attempts. Nonce: 36254
2026-09-29 21:14:09,818 - WARNING - [Chain Validation] Cannot validate. The ledger is empty.
2026-09-29 21:14:09,820 - INFO - Block with CHID {'user': {'name': 'Gensis-Block', 'nationalNumber': 0, 'phone': 0, 'age': 0, 'email': 'gensis@blockchain.io', 'birth': '', 'HID': '86b9cfefa3624e99ed49d4b95a65292e3ae59d1acc02e31aa391003979282fe0'}, 'credential': {'image': '', 'credentialID': 0, 'CID': 'be73143655a54956d57ca963bfd4e8437ee884b7a022d790d98afcd91066c65b', 'metadata': {'documentTitle': None, 'documentType': None, 'documentFormat': '.pdf', 'documentContentSize': 0}}, 'issuer': {'name': '', 'businessID': 0, 'AUTHID': '4930fe69eb193324e64c25a851e6c18f3b53657dfcda11c817fc34c450ff953d'}, 'chid': '57a5fa2eabd461db6913d2f6da58ef6fa9222530e0194e0334b3a1d22019344d'} inserted successfully. 
2026-09-29 21:14:09,906 - INFO - [Block Validation] Validatiing the block 0.
2026-09-29 21:14:09,907 - INFO - [Block Validation] The block 0 is valid.
2026-09-29 21:14:09,907 - INFO - [Chain Validation] Chain is valid.
2026-09-29 21:14:10,001 - DEBUG - Using proactor: IocpProactor
2026-09-29 21:14:10,009 - INFO - [Miner]Mining block 1...
2026-09-29 21:14:10,326 - INFO - [Miner] Block 1 mined after 22782 attempts. Nonce: 22782
2026-09-29 21:14:10,327 - INFO - [Block Validation] Validatiing the block 0.
2026-09-29 21:14:10,328 - INFO - [Block Validation] The block 0 is valid.
2026-09-29 21:14:10,328 - INFO - [Chain Validation] Chain is valid.
2026-09-29 21:14:10,329 - INFO - Block with CHID {'user': {'name': 'Dave', 'nationalNumber': 3003, 'phone': 1, 'age': 30, 'email': 'a@x.com', 'birth': '1995-01-01', 'HID': '927d2a5553a16a35860e8bc661b28e50ee334e4a6c4e28c6f0a80b4d57d53ec7'}, 'credential': {'image': '2470776384e59a9a4514de2da244f4e81434a2d424eddeccf791f60831f70ab7', 'credentialID': 30, 'CID': 'eec779c315baa434305cb7570e3bde956f1a45550c379cf851d13436a9480bd8', 'metadata': {'documentTitle': None, 'documentType': None, 'documentFormat': '.pdf', 'documentContentSize': 0}}, 'issuer': {'name': 'AuthX', 'businessID': 300, 'AUTHID': 'cd8cbefe099dfc49b8d17469a059d32b2b7c9bec598cb0456121911fe71d4a04'}, 'chid': 'adf2732ef578e060e240716007d10e6f63dd66b4874f7101846bba84fdf435c3'} inserted successfully. 
2026-09-29 21:14:10,333 - INFO - HTTP Request: POST http://testserver/register "HTTP/1.1 201 Created"
2026-09-29 21:14:10,356 - DEBUG - Using proactor: IocpProactor
2026-09-29 21:14:10,361 - INFO - [Miner]Mining block 2...
2026-09-29 21:14:10,919 - INFO - [Miner] Block 2 mined after 40999 attempts. Nonce: 40999
2026-09-29 21:14:10,920 - INFO - [Block Validation] Validatiing the block 0.
2026-09-29 21:14:10,920 - INFO - [Block Validation] The block 0 is valid.
2026-09-29 21:14:10,920 - INFO - [Block Validation] Validatiing the block 1.
2026-09-29 21:14:10,921 - INFO - [Block Validation] The block 1 is valid.
2026-09-29 21:14:10,921 - INFO - [Chain Validation] Chain is valid.
2026-09-29 21:14:10,923 - INFO - Block with CHID {'user': {'name': 'Eve', 'nationalNumber': 3004, 'phone': 1, 'age': 30, 'email': 'a@x.com', 'birth': '1995-01-01', 'HID': '2b4f4fefe5b386a0dbdca495830d1f95c47e1f8e5464d2cd7f7a884bbebae2f6'}, 'credential': {'image': '3e824c67993000a7870e29008843ede086ece3c0fef118276b7127fac6a67181', 'credentialID': 31, 'CID': '324f4f90ecbb7a9f611886ee30fa9459bd163706c05804aba0532cd6997c83a2', 'metadata': {'documentTitle': None, 'documentType': None, 'documentFormat': '.pdf', 'documentContentSize': 0}}, 'issuer': {'name': 'AuthY', 'businessID': 301, 'AUTHID': 'cc36aa22367b078b4b8d44d7b466c78824abda384dacaacbe6f825b6c95ef264'}, 'chid': '02e614f85cf3aeef1c79e03e0865fed93b088ac7d135685e567255f21ea3e20f'} inserted successfully. 
2026-09-29 21:14:10,925 - INFO - HTTP Request: POST http://testserver/register "HTTP/1.1 201 Created"
2026-09-29 21:14:10,927 - DEBUG - Using proactor: IocpProactor
2026-09-29 21:14:10,938 - INFO - HTTP Request: POST http://testserver/check "HTTP/1.1 200 OK"
2026-09-29 21:14:10,945 - INFO - [Chain Validation] Initializing the chain validator.
2026-09-29 21:14:10,947 - INFO - [Miner]Mining block 0...
2026-09-29 21:14:11,406 - INFO - [Miner] Block 0 mined after 36254 attempts. Nonce: 36254
2026-09-29 21:14:11,406 - WARNING - [Chain Validation] Cannot validate. The ledger is empty.
2026-09-29 21:14:11,419 - INFO - Block with CHID {'user': {'name': 'Gensis-Block', 'nationalNumber': 0, 'phone': 0, 'age': 0, 'email': 'gensis@blockchain.io', 'birth': '', 'HID': '86b9cfefa3624e99ed49d4b95a65292e3ae59d1acc02e31aa391003979282fe0'}, 'credential': {'image': '', 'credentialID': 0, 'CID': 'be73143655a54956d57ca963bfd4e8437ee884b7a022d790d98afcd91066c65b', 'metadata': {'documentTitle': None, 'documentType': None, 'documentFormat': '.pdf', 'documentContentSize': 0}}, 'issuer': {'name': '', 'businessID': 0, 'AUTHID': '4930fe69eb193324e64c25a851e6c18f3b53657dfcda11c817fc34c450ff953d'}, 'chid': '57a5fa2eabd461db6913d2f6da58ef6fa9222530e0194e0334b3a1d22019344d'} inserted successfully. 
2026-09-29 21:14:11,489 - INFO - [Block Validation] Validatiing the block 0.
2026-09-29 21:14:11,489 - INFO - [Block Validation] The block 0 is valid.
2026-09-29 21:14:11,490 - INFO - [Chain Validation] Chain is valid.
2026-09-29 21:14:11,552 - DEBUG - Using proactor: IocpProactor
2026-09-29 21:14:11,592 - INFO - HTTP Request: POST http://testserver/check "HTTP/1.1 200 OK"
2026-09-29 21:14:11,603 - INFO - [Chain Validation] Initializing the chain validator.
2026-09-29 21:14:11,605 - INFO - [Miner]Mining block 0...
2026-09-29 21:14:12,077 - INFO - [Miner] Block 0 mined after 36254 attempts. Nonce: 36254
2026-09-29 21:14:12,078 - WARNING - [Chain Validation] Cannot validate. The ledger is empty.
2026-09-29 21:14:12,080 - INFO - Block with CHID {'user': {'name': 'Gensis-Block', 'nationalNumber': 0, 'phone': 0, 'age': 0, 'email': 'gensis@blockchain.io', 'birth': '', 'HID': '86b9cfefa3624e99ed49d4b95a65292e3ae59d1acc02e31aa391003979282fe0'}, 'credential': {'image': '', 'credentialID': 0, 'CID': 'be73143655a54956d57ca963bfd4e8437ee884b7a022d790d98afcd91066c65b', 'metadata': {'documentTitle': None, 'documentType': None, 'documentFormat': '.pdf', 'documentContentSize': 0}}, 'issuer': {'name': '', 'businessID': 0, 'AUTHID': '4930fe69eb193324e64c25a851e6c18f3b53657dfcda11c817fc34c450ff953d'}, 'chid': '57a5fa2eabd461db6913d2f6da58ef6fa9222530e0194e0334b3a1d22019344d'} inserted successfully. 
2026-09-29 21:14:12,142 - INFO - [Block Validation] Validatiing the block 0.
2026-09-29 21:14:12,143 - INFO - [Block Validation] The block 0 is valid.
2026-09-29 21:14:12,143 - INFO - [Chain Validation] Chain is valid.
2026-09-29 21:14:12,201 - DEBUG - Using proactor: IocpProactor
2026-09-29 21:14:12,211 - INFO - [Miner]Mining block 1...
2026-09-29 21:14:13,701 - INFO - [Miner] Block 1 mined after 122877 attempts. Nonce: 122877
2026-09-29 21:14:13,703 - INFO - [Block Validation] Validatiing the block 0.
2026-09-29 21:14:13,703 - INFO - [Block Validation] The block 0 is valid.
2026-09-29 21:14:13,703 - INFO - [Chain Validation] Chain is valid.
2026-09-29 21:14:13,704 - INFO - Block with CHID {'user': {'name': 'Frank', 'nationalNumber': 4004, 'phone': 1, 'age': 30, 'email': 'a@x.com', 'birth': '1995-01-01', 'HID': '71150f88955a186236df50d19a93b1ed04931756a7dc2f0555b5c95386604501'}, 'credential': {'image': 'ee4bef504b7df1c8404e8c37373631e3f2ecf5c63a790504b96e56d89985728c', 'credentialID': 40, 'CID': '49f0df665df0b534f308ab4e705ca422c3295da398ce044a8d9b3df011fda6d2', 'metadata': {'documentTitle': None, 'documentType': None, 'documentFormat': '.pdf', 'documentContentSize': 0}}, 'issuer': {'name': 'AuthZ', 'businessID': 400, 'AUTHID': '98fb8368e0c7e807afce4408c4cfeed1068c7088684cbf95580e3b91831dab96'}, 'chid': 'a180109392b2ac22ba24ffb93bdc7777907fa1a072982eaefd239fc86212c685'} inserted successfully. 
2026-09-29 21:14:13,709 - INFO - HTTP Request: POST http://testserver/register "HTTP/1.1 201 Created"
2026-09-29 21:14:13,726 - DEBUG - Using proactor: IocpProactor
2026-09-29 21:14:13,752 - INFO - HTTP Request: GET http://testserver/chain "HTTP/1.1 200 OK"
2026-09-29 21:14:13,759 - INFO - [Chain Validation] Initializing the chain validator.
2026-09-29 21:14:13,761 - INFO - [Miner]Mining block 0...
2026-09-29 21:14:14,301 - INFO - [Miner] Block 0 mined after 36254 attempts. Nonce: 36254
2026-09-29 21:14:14,302 - WARNING - [Chain Validation] Cannot validate. The ledger is empty.
2026-09-29 21:14:14,303 - INFO - Block with CHID {'user': {'name': 'Gensis-Block', 'nationalNumber': 0, 'phone': 0, 'age': 0, 'email': 'gensis@blockchain.io', 'birth': '', 'HID': '86b9cfefa3624e99ed49d4b95a65292e3ae59d1acc02e31aa391003979282fe0'}, 'credential': {'image': '', 'credentialID': 0, 'CID': 'be73143655a54956d57ca963bfd4e8437ee884b7a022d790d98afcd91066c65b', 'metadata': {'documentTitle': None, 'documentType': None, 'documentFormat': '.pdf', 'documentContentSize': 0}}, 'issuer': {'name': '', 'businessID': 0, 'AUTHID': '4930fe69eb193324e64c25a851e6c18f3b53657dfcda11c817fc34c450ff953d'}, 'chid': '57a5fa2eabd461db6913d2f6da58ef6fa9222530e0194e0334b3a1d22019344d'} inserted successfully. 
2026-09-29 21:14:14,375 - INFO - [Block Validation] Validatiing the block 0.
2026-09-29 21:14:14,375 - INFO - [Block Validation] The block 0 is valid.
2026-09-29 21:14:14,375 - INFO - [Chain Validation] Chain is valid.
2026-09-29 21:14:14,469 - DEBUG - Using proactor: IocpProactor
2026-09-29 21:14:14,589 - INFO - [Chain Validation] Initializing the chain validator.
2026-09-29 21:14:14,590 - INFO - [Block Validation] Validatiing the block 0.
2026-09-29 21:14:14,591 - INFO - [Block Validation] The block 0 is valid.
2026-09-29 21:14:14,591 - INFO - [Chain Validation] Chain is valid.
2026-09-29 21:14:14,594 - INFO - HTTP Request: GET http://testserver/status "HTTP/1.1 200 OK"
2026-09-29 21:15:36,058 - INFO - [Chain Validation] Initializing the chain validator.
2026-09-29 21:15:36,065 - INFO - [Miner]Mining block 0...
2026-09-29 21:15:36,339 - INFO - [Miner] Block 0 mined after 36254 attempts. Nonce: 36254
2026-09-29 21:15:36,344 - WARNING - [Chain Validation] Cannot validate. The ledger is empty.
2026-09-29 21:15:36,346 - INFO - Block with CHID {'user': {'name': 'Gensis-Block', 'nationalNumber': 0, 'phone': 0, 'age': 0, 'email': 'gensis@blockchain.io', 'birth': '', 'HID': '86b9cfefa3624e99ed49d4b95a65292e3ae59d1acc02e31aa391003979282fe0'}, 'credential': {'image': '', 'credentialID': 0, 'CID': 'be73143655a54956d57ca963bfd4e8437ee884b7a022d790d98afcd91066c65b', 'metadata': {'documentTitle': None, 'documentType': None, 'documentFormat': '.pdf', 'documentContentSize': 0}}, 'issuer': {'name': '', 'businessID': 0, 'AUTHID': '4930fe69eb193324e64c25a851e6c18f3b53657dfcda11c817fc34c450ff953d'}, 'chid': '57a5fa2eabd461db6913d2f6da58ef6fa9222530e0194e0334b3a1d22019344d'} inserted successfully. 
2026-09-29 21:15:36,378 - INFO - [Block Validation] Validatiing the block 0.
2026-09-29 21:15:36,379 - INFO - [Block Validation] The block 0 is valid.
2026-09-29 21:15:36,379 - INFO - [Chain Validation] Chain is valid.
2026-09-29 21:15:36,683 - DEBUG - Using proactor: IocpProactor
2026-09-29 21:15:36,712 - INFO - [Miner]Mining block 1...
2026-09-29 21:15:37,166 - INFO - [Miner] Block 1 mined after 40936 attempts. Nonce: 40936
2026-09-29 21:15:37,171 - INFO - [Block Validation] Validatiing the block 0.
2026-09-29 21:15:37,172 - INFO - [Block Validation] The block 0 is valid.
2026-09-29 21:15:37,172 - INFO - [Chain Validation] Chain is valid.
2026-09-29 21:15:37,174 - INFO - Block with CHID {'user': {'name': 'Alice', 'nationalNumber': 1001, 'phone': 1, 'age': 30, 'email': 'a@x.com', 'birth': '1995-01-01', 'HID': '17231ca1bfaa73c3b607049f75f3df524b36538b861c559050bff4fbbd64a9d2'}, 'credential': {'image': 'd6fee16dee3d1af56a19a010262615abb7a3f5602de100a866bbc2f268eaba4f', 'credentialID': 1, 'CID': 'a6f38f837ff9689b4eaac950343a818c44f97ff7875d318644b89da21844907f', 'metadata': {'documentTitle': None, 'documentType': None, 'documentFormat': '.pdf', 'documentContentSize': 0}}, 'issuer': {'name': 'JPUF', 'businessID': 10, 'AUTHID': '4e9fed7a5168dd153d040292c205c0f1d65bb64949a99d6a8b1cdebaeffae8cd'}, 'chid': 'c26ee3c84f48bc30ab19c019990d80bc1099e1fcad71ea8895bba6f17768283d'} inserted successfully. 
2026-09-29 21:15:37,203 - INFO - HTTP Request: POST http://testserver/register "HTTP/1.1 201 Created"
2026-09-29 21:15:37,212 - INFO - [Chain Validation] Initializing the chain validator.
2026-09-29 21:15:37,214 - INFO - [Miner]Mining block 0...
2026-09-29 21:15:37,514 - INFO - [Miner] Block 0 mined after 36254 attempts. Nonce: 36254
2026-09-29 21:15:37,515 - WARNING - [Chain Validation] Cannot validate. The ledger is empty.
2026-09-29 21:15:37,519 - INFO - Block with CHID {'user': {'name': 'Gensis-Block', 'nationalNumber': 0, 'phone': 0, 'age': 0, 'email': 'gensis@blockchain.io', 'birth': '', 'HID': '86b9cfefa3624e99ed49d4b95a65292e3ae59d1acc02e31aa391003979282fe0'}, 'credential': {'image': '', 'credentialID': 0, 'CID': 'be73143655a54956d57ca963bfd4e8437ee884b7a022d790d98afcd91066c65b', 'metadata': {'documentTitle': None, 'documentType': None, 'documentFormat': '.pdf', 'documentContentSize': 0}}, 'issuer': {'name': '', 'businessID': 0, 'AUTHID': '4930fe69eb193324e64c25a851e6c18f3b53657dfcda11c817fc34c450ff953d'}, 'chid': '57a5fa2eabd461db6913d2f6da58ef6fa9222530e0194e0334b3a1d22019344d'} inserted successfully. 
2026-09-29 21:15:37,548 - INFO - [Block Validation] Validatiing the block 0.
2026-09-29 21:15:37,548 - INFO - [Block Validation] The block 0 is valid.
2026-09-29 21:15:37,548 - INFO - [Chain Validation] Chain is valid.
2026-09-29 21:15:37,566 - DEBUG - Using proactor: IocpProactor
2026-09-29 21:15:37,620 - INFO - HTTP Request: GET http://testserver/openapi.json "HTTP/1.1 200 OK"
2026-09-29 21:15:37,964 - INFO - [Chain Validation] Initializing the chain validator.
2026-09-29 21:15:37,965 - INFO - [Miner]Mining block 0...
2026-09-29 21:15:38,270 - INFO - [Miner] Block 0 mined after 36254 attempts. Nonce: 36254
2026-09-29 21:15:38,271 - WARNING - [Chain Validation] Cannot validate. The ledger is empty.
2026-09-29 21:15:38,274 - INFO - Block with CHID {'user': {'name': 'Gensis-Block', 'nationalNumber': 0, 'phone': 0, 'age': 0, 'email': 'gensis@blockchain.io', 'birth': '', 'HID': '86b9cfefa3624e99ed49d4b95a65292e3ae59d1acc02e31aa391003979282fe0'}, 'credential': {'image': '', 'credentialID': 0, 'CID': 'be73143655a54956d57ca963bfd4e8437ee884b7a022d790d98afcd91066c65b', 'metadata': {'documentTitle': None, 'documentType': None, 'documentFormat': '.pdf', 'documentContentSize': 0}}, 'issuer': {'name': '', 'businessID': 0, 'AUTHID': '4930fe69eb193324e64c25a851e6c18f3b53657dfcda11c817fc34c450ff953d'}, 'chid': '57a5fa2eabd461db6913d2f6da58ef6fa9222530e0194e0334b3a1d22019344d'} inserted successfully. 
2026-09-29 21:15:38,299 - INFO - [Block Validation] Validatiing the block 0.
2026-09-29 21:15:38,299 - INFO - [Block Validation] The block 0 is valid.
2026-09-29 21:15:38,299 - INFO - [Chain Validation] Chain is valid.
2026-09-29 21:15:38,311 - DEBUG - Using proactor: IocpProactor
2026-09-29 21:15:38,326 - INFO - [Miner]Mining block 1...
2026-09-29 21:15:38,675 - INFO - [Miner] Block 1 mined after 40787 attempts. Nonce: 40787
2026-09-29 21:15:38,676 - INFO - [Block Validation] Validatiing the block 0.
2026-09-29 21:15:38,677 - INFO - [Block Validation] The block 0 is valid.
2026-09-29 21:15:38,677 - INFO - [Chain Validation] Chain is valid.
2026-09-29 21:15:38,679 - INFO - Block with CHID {'user': {'name': 'Alice', 'nationalNumber': 1002, 'phone': 1, 'age': 30, 'email': 'a@x.com', 'birth': '1995-01-01', 'HID': 'b7b5a4ec4731a35d74fea8e4a41b9bf3c87255c9b60f66507abca1942f9633d8'}, 'credential': {'image': 'c4824b64290742375def743acf351ade25d3bc0a54f67363682768785955981c', 'credentialID': 2, 'CID': '63e7938e829fb13a7922bec11d24ed194990db334c1237f4d58556b4a56783b4', 'metadata': {'documentTitle': None, 'documentType': None, 'documentFormat': '.pdf', 'documentContentSize': 0}}, 'issuer': {'name': 'JPUF', 'businessID': 11, 'AUTHID': '8bd1b13d3c9c05b7548cf0e369905b7da65c32d77dbcd9e906d337d8351ecee5'}, 'chid': '565416aeaec63fd7a6c4e979622a104160173e39bc1bd4f8e2cb705874438d41'} inserted successfully. 
2026-09-29 21:15:38,682 - INFO - HTTP Request: POST http://testserver/register "HTTP/1.1 201 Created"
2026-09-29 21:15:38,685 - DEBUG - Using proactor: IocpProactor
2026-09-29 21:15:38,694 - INFO - HTTP Request: POST http://testserver/register "HTTP/1.1 409 Conflict"
2026-09-29 21:15:38,705 - INFO - [Chain Validation] Initializing the chain validator.
2026-09-29 21:15:38,708 - INFO - [Miner]Mining block 0...
2026-09-29 21:15:39,064 - INFO - [Miner] Block 0 mined after 36254 attempts. Nonce: 36254
2026-09-29 21:15:39,065 - WARNING - [Chain Validation] Cannot validate. The ledger is empty.
2026-09-29 21:15:39,072 - INFO - Block with CHID {'user': {'name': 'Gensis-Block', 'nationalNumber': 0, 'phone': 0, 'age': 0, 'email': 'gensis@blockchain.io', 'birth': '', 'HID': '86b9cfefa3624e99ed49d4b95a65292e3ae59d1acc02e31aa391003979282fe0'}, 'credential': {'image': '', 'credentialID': 0, 'CID': 'be73143655a54956d57ca963bfd4e8437ee884b7a022d790d98afcd91066c65b', 'metadata': {'documentTitle': None, 'documentType': None, 'documentFormat': '.pdf', 'documentContentSize': 0}}, 'issuer': {'name': '', 'businessID': 0, 'AUTHID': '4930fe69eb193324e64c25a851e6c18f3b53657dfcda11c817fc34c450ff953d'}, 'chid': '57a5fa2eabd461db6913d2f6da58ef6fa9222530e0194e0334b3a1d22019344d'} inserted successfully. 
2026-09-29 21:15:39,278 - INFO - [Block Validation] Validatiing the block 0.
2026-09-29 21:15:39,278 - INFO - [Block Validation] The block 0 is valid.
2026-09-29 21:15:39,278 - INFO - [Chain Validation] Chain is valid.
2026-09-29 21:15:39,429 - DEBUG - Using proactor: IocpProactor
2026-09-29 21:15:39,447 - INFO - HTTP Request: POST http://testserver/register "HTTP/1.1 422 Unprocessable Content"
2026-09-29 21:15:39,683 - INFO - [Chain Validation] Initializing the chain validator.
2026-09-29 21:15:39,690 - INFO - [Miner]Mining block 0...
2026-09-29 21:15:40,215 - INFO - [Miner] Block 0 mined after 36254 attempts. Nonce: 36254
2026-09-29 21:15:40,216 - WARNING - [Chain Validation] Cannot validate. The ledger is empty.
2026-09-29 21:15:40,219 - INFO - Block with CHID {'user': {'name': 'Gensis-Block', 'nationalNumber': 0, 'phone': 0, 'age': 0, 'email': 'gensis@blockchain.io', 'birth': '', 'HID': '86b9cfefa3624e99ed49d4b95a65292e3ae59d1acc02e31aa391003979282fe0'}, 'credential': {'image': '', 'credentialID': 0, 'CID': 'be73143655a54956d57ca963bfd4e8437ee884b7a022d790d98afcd91066c65b', 'metadata': {'documentTitle': None, 'documentType': None, 'documentFormat': '.pdf', 'documentContentSize': 0}}, 'issuer': {'name': '', 'businessID': 0, 'AUTHID': '4930fe69eb193324e64c25a851e6c18f3b53657dfcda11c817fc34c450ff953d'}, 'chid': '57a5fa2eabd461db6913d2f6da58ef6fa9222530e0194e0334b3a1d22019344d'} inserted successfully. 
2026-09-29 21:15:40,416 - INFO - [Block Validation] Validatiing the block 0.
2026-09-29 21:15:40,416 - INFO - [Block Validation] The block 0 is valid.
2026-09-29 21:15:40,416 - INFO - [Chain Validation] Chain is valid.
2026-09-29 21:15:40,474 - DEBUG - Using proactor: IocpProactor
2026-09-29 21:15:40,493 - INFO - HTTP Request: POST http://testserver/register "HTTP/1.1 400 Bad Request"
2026-09-29 21:15:40,524 - INFO - [Chain Validation] Initializing the chain validator.
2026-09-29 21:15:40,526 - INFO - [Miner]Mining block 0...
2026-09-29 21:15:41,253 - INFO - [Miner] Block 0 mined after 36254 attempts. Nonce: 36254
2026-09-29 21:15:41,274 - WARNING - [Chain Validation] Cannot validate. The ledger is empty.
2026-09-29 21:15:41,278 - INFO - Block with CHID {'user': {'name': 'Gensis-Block', 'nationalNumber': 0, 'phone': 0, 'age': 0, 'email': 'gensis@blockchain.io', 'birth': '', 'HID': '86b9cfefa3624e99ed49d4b95a65292e3ae59d1acc02e31aa391003979282fe0'}, 'credential': {'image': '', 'credentialID': 0, 'CID': 'be73143655a54956d57ca963bfd4e8437ee884b7a022d790d98afcd91066c65b', 'metadata': {'documentTitle': None, 'documentType': None, 'documentFormat': '.pdf', 'documentContentSize': 0}}, 'issuer': {'name': '', 'businessID': 0, 'AUTHID': '4930fe69eb193324e64c25a851e6c18f3b53657dfcda11c817fc34c450ff953d'}, 'chid': '57a5fa2eabd461db6913d2f6da58ef6fa9222530e0194e0334b3a1d22019344d'} inserted successfully. 
2026-09-29 21:15:41,300 - INFO - [Block Validation] Validatiing the block 0.
2026-09-29 21:15:41,300 - INFO - [Block Validation] The block 0 is valid.
2026-09-29 21:15:41,300 - INFO - [Chain Validation] Chain is valid.
2026-09-29 21:15:41,364 - DEBUG - Using proactor: IocpProactor
2026-09-29 21:15:41,372 - INFO - [Miner]Mining block 1...
2026-09-29 21:15:41,804 - INFO - [Miner] Block 1 mined after 28321 attempts. Nonce: 28321
2026-09-29 21:15:41,805 - INFO - [Block Validation] Validatiing the block 0.
2026-09-29 21:15:41,805 - INFO - [Block Validation] The block 0 is valid.
2026-09-29 21:15:41,805 - INFO - [Chain Validation] Chain is valid.
2026-09-29 21:15:41,807 - INFO - Block with CHID {'user': {'name': 'Alice', 'nationalNumber': 1004, 'phone': 1, 'age': 30, 'email': 'a@x.com', 'birth': '1995-01-01', 'HID': '5aac19b7d8962cd134de158c9b24c70932035f6bcea6f0ec7202d88dd116e00f'}, 'credential': {'image': 'a391d60fb74068a4105abaf39ff8899aac0447acd831adf8ae6b625aadad12a5', 'credentialID': 4, 'CID': 'b1751e8cf498aa42c31752b7183d3bd365ff3d5e66cd53b35cfa3bba0e30edac', 'metadata': {'documentTitle': None, 'documentType': None, 'documentFormat': '.pdf', 'documentContentSize': 0}}, 'issuer': {'name': 'JPUF', 'businessID': 13, 'AUTHID': '2ff530b451fc145718cbfcc9ae3400ea68308c4f8a703b28f7981b8cf8faeec2'}, 'chid': '2f159f4a04c01b5e2a2d5bdc9c9d185c206765c85753488a6248eadf7352d56f'} inserted successfully. 
2026-09-29 21:15:41,811 - INFO - HTTP Request: POST http://testserver/register "HTTP/1.1 201 Created"
2026-09-29 21:15:41,888 - INFO - [Chain Validation] Initializing the chain validator.
2026-09-29 21:15:41,891 - INFO - [Miner]Mining block 0...
2026-09-29 21:15:42,402 - INFO - [Miner] Block 0 mined after 36254 attempts. Nonce: 36254
2026-09-29 21:15:42,404 - WARNING - [Chain Validation] Cannot validate. The ledger is empty.
2026-09-29 21:15:42,406 - INFO - Block with CHID {'user': {'name': 'Gensis-Block', 'nationalNumber': 0, 'phone': 0, 'age': 0, 'email': 'gensis@blockchain.io', 'birth': '', 'HID': '86b9cfefa3624e99ed49d4b95a65292e3ae59d1acc02e31aa391003979282fe0'}, 'credential': {'image': '', 'credentialID': 0, 'CID': 'be73143655a54956d57ca963bfd4e8437ee884b7a022d790d98afcd91066c65b', 'metadata': {'documentTitle': None, 'documentType': None, 'documentFormat': '.pdf', 'documentContentSize': 0}}, 'issuer': {'name': '', 'businessID': 0, 'AUTHID': '4930fe69eb193324e64c25a851e6c18f3b53657dfcda11c817fc34c450ff953d'}, 'chid': '57a5fa2eabd461db6913d2f6da58ef6fa9222530e0194e0334b3a1d22019344d'} inserted successfully. 
2026-09-29 21:15:42,536 - INFO - [Block Validation] Validatiing the block 0.
2026-09-29 21:15:42,537 - INFO - [Block Validation] The block 0 is valid.
2026-09-29 21:15:42,537 - INFO - [Chain Validation] Chain is valid.
2026-09-29 21:15:42,573 - DEBUG - Using proactor: IocpProactor
2026-09-29 21:15:42,583 - INFO - [Miner]Mining block 1...
2026-09-29 21:15:42,797 - INFO - [Miner] Block 1 mined after 16710 attempts. Nonce: 16710
2026-09-29 21:15:42,798 - INFO - [Block Validation] Validatiing the block 0.
2026-09-29 21:15:42,798 - INFO - [Block Validation] The block 0 is valid.
2026-09-29 21:15:42,798 - INFO - [Chain Validation] Chain is valid.
2026-09-29 21:15:42,799 - INFO - Block with CHID {'user': {'name': 'Carol', 'nationalNumber': 2002, 'phone': 1, 'age': 30, 'email': 'a@x.com', 'birth': '1995-01-01', 'HID': '7ccdca19127ae4219e99c8e0c608497017406487782aabf35286fa912407c485'}, 'credential': {'image': 'c4824b64290742375def743acf351ade25d3bc0a54f67363682768785955981c', 'credentialID': 2, 'CID': '63e7938e829fb13a7922bec11d24ed194990db334c1237f4d58556b4a56783b4', 'metadata': {'documentTitle': None, 'documentType': None, 'documentFormat': '.pdf', 'documentContentSize': 0}}, 'issuer': {'name': 'GovAuth', 'businessID': 20, 'AUTHID': 'ee5d73cf8f46e498653cd4fdc6593d0135f42384702cddc762894798045821a5'}, 'chid': '1c17cd0a8585b2b170cb1c8dc4b6943a53155be2ce74f9dfef7db1412c0fe89b'} inserted successfully. 
2026-09-29 21:15:42,818 - INFO - HTTP Request: POST http://testserver/register "HTTP/1.1 201 Created"
2026-09-29 21:15:42,910 - DEBUG - Using proactor: IocpProactor
2026-09-29 21:15:42,997 - INFO - HTTP Request: POST http://testserver/check "HTTP/1.1 200 OK"
2026-09-29 21:15:43,035 - INFO - [Chain Validation] Initializing the chain validator.
2026-09-29 21:15:43,037 - INFO - [Miner]Mining block 0...
2026-09-29 21:15:43,439 - INFO - [Miner] Block 0 mined after 36254 attempts. Nonce: 36254
2026-09-29 21:15:43,440 - WARNING - [Chain Validation] Cannot validate. The ledger is empty.
2026-09-29 21:15:43,445 - INFO - Block with CHID {'user': {'name': 'Gensis-Block', 'nationalNumber': 0, 'phone': 0, 'age': 0, 'email': 'gensis@blockchain.io', 'birth': '', 'HID': '86b9cfefa3624e99ed49d4b95a65292e3ae59d1acc02e31aa391003979282fe0'}, 'credential': {'image': '', 'credentialID': 0, 'CID': 'be73143655a54956d57ca963bfd4e8437ee884b7a022d790d98afcd91066c65b', 'metadata': {'documentTitle': None, 'documentType': None, 'documentFormat': '.pdf', 'documentContentSize': 0}}, 'issuer': {'name': '', 'businessID': 0, 'AUTHID': '4930fe69eb193324e64c25a851e6c18f3b53657dfcda11c817fc34c450ff953d'}, 'chid': '57a5fa2eabd461db6913d2f6da58ef6fa9222530e0194e0334b3a1d22019344d'} inserted successfully. 
2026-09-29 21:15:43,580 - INFO - [Block Validation] Validatiing the block 0.
2026-09-29 21:15:43,580 - INFO - [Block Validation] The block 0 is valid.
2026-09-29 21:15:43,580 - INFO - [Chain Validation] Chain is valid.
2026-09-29 21:15:43,603 - DEBUG - Using proactor: IocpProactor
2026-09-29 21:15:43,619 - INFO - [Miner]Mining block 1...
2026-09-29 21:15:43,916 - INFO - [Miner] Block 1 mined after 22782 attempts. Nonce: 22782
2026-09-29 21:15:43,917 - INFO - [Block Validation] Validatiing the block 0.
2026-09-29 21:15:43,917 - INFO - [Block Validation] The block 0 is valid.
2026-09-29 21:15:43,917 - INFO - [Chain Validation] Chain is valid.
2026-09-29 21:15:43,920 - INFO - Block with CHID {'user': {'name': 'Dave', 'nationalNumber': 3003, 'phone': 1, 'age': 30, 'email': 'a@x.com', 'birth': '1995-01-01', 'HID': '927d2a5553a16a35860e8bc661b28e50ee334e4a6c4e28c6f0a80b4d57d53ec7'}, 'credential': {'image': '2470776384e59a9a4514de2da244f4e81434a2d424eddeccf791f60831f70ab7', 'credentialID': 30, 'CID': 'eec779c315baa434305cb7570e3bde956f1a45550c379cf851d13436a9480bd8', 'metadata': {'documentTitle': None, 'documentType': None, 'documentFormat': '.pdf', 'documentContentSize': 0}}, 'issuer': {'name': 'AuthX', 'businessID': 300, 'AUTHID': 'cd8cbefe099dfc49b8d17469a059d32b2b7c9bec598cb0456121911fe71d4a04'}, 'chid': 'adf2732ef578e060e240716007d10e6f63dd66b4874f7101846bba84fdf435c3'} inserted successfully. 
2026-09-29 21:15:43,923 - INFO - HTTP Request: POST http://testserver/register "HTTP/1.1 201 Created"
2026-09-29 21:15:43,938 - DEBUG - Using proactor: IocpProactor
2026-09-29 21:15:43,943 - INFO - [Miner]Mining block 2...
2026-09-29 21:15:44,500 - INFO - [Miner] Block 2 mined after 40999 attempts. Nonce: 40999
2026-09-29 21:15:44,501 - INFO - [Block Validation] Validatiing the block 0.
2026-09-29 21:15:44,501 - INFO - [Block Validation] The block 0 is valid.
2026-09-29 21:15:44,502 - INFO - [Block Validation] Validatiing the block 1.
2026-09-29 21:15:44,502 - INFO - [Block Validation] The block 1 is valid.
2026-09-29 21:15:44,502 - INFO - [Chain Validation] Chain is valid.
2026-09-29 21:15:44,504 - INFO - Block with CHID {'user': {'name': 'Eve', 'nationalNumber': 3004, 'phone': 1, 'age': 30, 'email': 'a@x.com', 'birth': '1995-01-01', 'HID': '2b4f4fefe5b386a0dbdca495830d1f95c47e1f8e5464d2cd7f7a884bbebae2f6'}, 'credential': {'image': '3e824c67993000a7870e29008843ede086ece3c0fef118276b7127fac6a67181', 'credentialID': 31, 'CID': '324f4f90ecbb7a9f611886ee30fa9459bd163706c05804aba0532cd6997c83a2', 'metadata': {'documentTitle': None, 'documentType': None, 'documentFormat': '.pdf', 'documentContentSize': 0}}, 'issuer': {'name': 'AuthY', 'businessID': 301, 'AUTHID': 'cc36aa22367b078b4b8d44d7b466c78824abda384dacaacbe6f825b6c95ef264'}, 'chid': '02e614f85cf3aeef1c79e03e0865fed93b088ac7d135685e567255f21ea3e20f'} inserted successfully. 
2026-09-29 21:15:44,506 - INFO - HTTP Request: POST http://testserver/register "HTTP/1.1 201 Created"
2026-09-29 21:15:44,528 - DEBUG - Using proactor: IocpProactor
2026-09-29 21:15:44,539 - INFO - HTTP Request: POST http://testserver/check "HTTP/1.1 200 OK"
2026-09-29 21:15:44,550 - INFO - [Chain Validation] Initializing the chain validator.
2026-09-29 21:15:44,552 - INFO - [Miner]Mining block 0...
2026-09-29 21:15:45,067 - INFO - [Miner] Block 0 mined after 36254 attempts. Nonce: 36254
2026-09-29 21:15:45,067 - WARNING - [Chain Validation] Cannot validate. The ledger is empty.
2026-09-29 21:15:45,069 - INFO - Block with CHID {'user': {'name': 'Gensis-Block', 'nationalNumber': 0, 'phone': 0, 'age': 0, 'email': 'gensis@blockchain.io', 'birth': '', 'HID': '86b9cfefa3624e99ed49d4b95a65292e3ae59d1acc02e31aa391003979282fe0'}, 'credential': {'image': '', 'credentialID': 0, 'CID': 'be73143655a54956d57ca963bfd4e8437ee884b7a022d790d98afcd91066c65b', 'metadata': {'documentTitle': None, 'documentType': None, 'documentFormat': '.pdf', 'documentContentSize': 0}}, 'issuer': {'name': '', 'businessID': 0, 'AUTHID': '4930fe69eb193324e64c25a851e6c18f3b53657dfcda11c817fc34c450ff953d'}, 'chid': '57a5fa2eabd461db6913d2f6da58ef6fa9222530e0194e0334b3a1d22019344d'} inserted successfully. 
2026-09-29 21:15:45,114 - INFO - [Block Validation] Validatiing the block 0.
2026-09-29 21:15:45,114 - INFO - [Block Validation] The block 0 is valid.
2026-09-29 21:15:45,114 - INFO - [Chain Validation] Chain is valid.
2026-09-29 21:15:45,153 - DEBUG - Using proactor: IocpProactor
2026-09-29 21:15:45,223 - INFO - HTTP Request: POST http://testserver/check "HTTP/1.1 200 OK"
2026-09-29 21:15:45,236 - INFO - [Chain Validation] Initializing the chain validator.
2026-09-29 21:15:45,240 - INFO - [Miner]Mining block 0...
2026-09-29 21:15:45,737 - INFO - [Miner] Block 0 mined after 36254 attempts. Nonce: 36254
2026-09-29 21:15:45,738 - WARNING - [Chain Validation] Cannot validate. The ledger is empty.
2026-09-29 21:15:45,739 - INFO - Block with CHID {'user': {'name': 'Gensis-Block', 'nationalNumber': 0, 'phone': 0, 'age': 0, 'email': 'gensis@blockchain.io', 'birth': '', 'HID': '86b9cfefa3624e99ed49d4b95a65292e3ae59d1acc02e31aa391003979282fe0'}, 'credential': {'image': '', 'credentialID': 0, 'CID': 'be73143655a54956d57ca963bfd4e8437ee884b7a022d790d98afcd91066c65b', 'metadata': {'documentTitle': None, 'documentType': None, 'documentFormat': '.pdf', 'documentContentSize': 0}}, 'issuer': {'name': '', 'businessID': 0, 'AUTHID': '4930fe69eb193324e64c25a851e6c18f3b53657dfcda11c817fc34c450ff953d'}, 'chid': '57a5fa2eabd461db6913d2f6da58ef6fa9222530e0194e0334b3a1d22019344d'} inserted successfully. 
2026-09-29 21:15:45,854 - INFO - [Block Validation] Validatiing the block 0.
2026-09-29 21:15:45,854 - INFO - [Block Validation] The block 0 is valid.
2026-09-29 21:15:45,855 - INFO - [Chain Validation] Chain is valid.
2026-09-29 21:15:45,893 - DEBUG - Using proactor: IocpProactor
2026-09-29 21:15:45,902 - INFO - [Miner]Mining block 1...
2026-09-29 21:15:47,750 - INFO - [Miner] Block 1 mined after 122877 attempts. Nonce: 122877
2026-09-29 21:15:47,751 - INFO - [Block Validation] Validatiing the block 0.
2026-09-29 21:15:47,752 - INFO - [Block Validation] The block 0 is valid.
2026-09-29 21:15:47,752 - INFO - [Chain Validation] Chain is valid.
2026-09-29 21:15:47,753 - INFO - Block with CHID {'user': {'name': 'Frank', 'nationalNumber': 4004, 'phone': 1, 'age': 30, 'email': 'a@x.com', 'birth': '1995-01-01', 'HID': '71150f88955a186236df50d19a93b1ed04931756a7dc2f0555b5c95386604501'}, 'credential': {'image': 'ee4bef504b7df1c8404e8c37373631e3f2ecf5c63a790504b96e56d89985728c', 'credentialID': 40, 'CID': '49f0df665df0b534f308ab4e705ca422c3295da398ce044a8d9b3df011fda6d2', 'metadata': {'documentTitle': None, 'documentType': None, 'documentFormat': '.pdf', 'documentContentSize': 0}}, 'issuer': {'name': 'AuthZ', 'businessID': 400, 'AUTHID': '98fb8368e0c7e807afce4408c4cfeed1068c7088684cbf95580e3b91831dab96'}, 'chid': 'a180109392b2ac22ba24ffb93bdc7777907fa1a072982eaefd239fc86212c685'} inserted successfully. 
2026-09-29 21:15:47,756 - INFO - HTTP Request: POST http://testserver/register "HTTP/1.1 201 Created"
2026-09-29 21:15:47,823 - DEBUG - Using proactor: IocpProactor
2026-09-29 21:15:47,923 - INFO - HTTP Request: GET http://testserver/chain "HTTP/1.1 200 OK"
2026-09-29 21:15:48,230 - INFO - [Chain Validation] Initializing the chain validator.
2026-09-29 21:15:48,232 - INFO - [Miner]Mining block 0...
2026-09-29 21:15:49,106 - INFO - [Miner] Block 0 mined after 36254 attempts. Nonce: 36254
2026-09-29 21:15:49,107 - WARNING - [Chain Validation] Cannot validate. The ledger is empty.
2026-09-29 21:15:49,108 - INFO - Block with CHID {'user': {'name': 'Gensis-Block', 'nationalNumber': 0, 'phone': 0, 'age': 0, 'email': 'gensis@blockchain.io', 'birth': '', 'HID': '86b9cfefa3624e99ed49d4b95a65292e3ae59d1acc02e31aa391003979282fe0'}, 'credential': {'image': '', 'credentialID': 0, 'CID': 'be73143655a54956d57ca963bfd4e8437ee884b7a022d790d98afcd91066c65b', 'metadata': {'documentTitle': None, 'documentType': None, 'documentFormat': '.pdf', 'documentContentSize': 0}}, 'issuer': {'name': '', 'businessID': 0, 'AUTHID': '4930fe69eb193324e64c25a851e6c18f3b53657dfcda11c817fc34c450ff953d'}, 'chid': '57a5fa2eabd461db6913d2f6da58ef6fa9222530e0194e0334b3a1d22019344d'} inserted successfully. 
2026-09-29 21:15:49,249 - INFO - [Block Validation] Validatiing the block 0.
2026-09-29 21:15:49,249 - INFO - [Block Validation] The block 0 is valid.
2026-09-29 21:15:49,249 - INFO - [Chain Validation] Chain is valid.
2026-09-29 21:15:49,387 - DEBUG - Using proactor: IocpProactor
2026-09-29 21:15:49,507 - INFO - [Chain Validation] Initializing the chain validator.
2026-09-29 21:15:49,508 - INFO - [Block Validation] Validatiing the block 0.
2026-09-29 21:15:49,509 - INFO - [Block Validation] The block 0 is valid.
2026-09-29 21:15:49,509 - INFO - [Chain Validation] Chain is valid.
2026-09-29 21:15:49,512 - INFO - HTTP Request: GET http://testserver/status "HTTP/1.1 200 OK"
2026-09-29 21:16:30,333 - INFO - [Chain Validation] Initializing the chain validator.
2026-09-29 21:16:30,336 - INFO - [Miner]Mining block 0...
2026-09-29 21:16:30,675 - INFO - [Miner] Block 0 mined after 36254 attempts. Nonce: 36254
2026-09-29 21:16:30,675 - WARNING - [Chain Validation] Cannot validate. The ledger is empty.
2026-09-29 21:16:30,677 - INFO - Block with CHID {'user': {'name': 'Gensis-Block', 'nationalNumber': 0, 'phone': 0, 'age': 0, 'email': 'gensis@blockchain.io', 'birth': '', 'HID': '86b9cfefa3624e99ed49d4b95a65292e3ae59d1acc02e31aa391003979282fe0'}, 'credential': {'image': '', 'credentialID': 0, 'CID': 'be73143655a54956d57ca963bfd4e8437ee884b7a022d790d98afcd91066c65b', 'metadata': {'documentTitle': None, 'documentType': None, 'documentFormat': '.pdf', 'documentContentSize': 0}}, 'issuer': {'name': '', 'businessID': 0, 'AUTHID': '4930fe69eb193324e64c25a851e6c18f3b53657dfcda11c817fc34c450ff953d'}, 'chid': '57a5fa2eabd461db6913d2f6da58ef6fa9222530e0194e0334b3a1d22019344d'} inserted successfully. 
2026-09-29 21:16:30,721 - INFO - [Block Validation] Validatiing the block 0.
2026-09-29 21:16:30,722 - INFO - [Block Validation] The block 0 is valid.
2026-09-29 21:16:30,722 - INFO - [Chain Validation] Chain is valid.
2026-09-29 21:17:28,324 - INFO - [Chain Validation] Initializing the chain validator.
2026-09-29 21:17:28,340 - INFO - [Miner]Mining block 0...
2026-09-29 21:17:28,789 - INFO - [Miner] Block 0 mined after 36254 attempts. Nonce: 36254
2026-09-29 21:17:28,797 - WARNING - [Chain Validation] Cannot validate. The ledger is empty.
2026-09-29 21:17:28,798 - INFO - Block with CHID {'user': {'name': 'Gensis-Block', 'nationalNumber': 0, 'phone': 0, 'age': 0, 'email': 'gensis@blockchain.io', 'birth': '', 'HID': '86b9cfefa3624e99ed49d4b95a65292e3ae59d1acc02e31aa391003979282fe0'}, 'credential': {'image': '', 'credentialID': 0, 'CID': 'be73143655a54956d57ca963bfd4e8437ee884b7a022d790d98afcd91066c65b', 'metadata': {'documentTitle': None, 'documentType': None, 'documentFormat': '.pdf', 'documentContentSize': 0}}, 'issuer': {'name': '', 'businessID': 0, 'AUTHID': '4930fe69eb193324e64c25a851e6c18f3b53657dfcda11c817fc34c450ff953d'}, 'chid': '57a5fa2eabd461db6913d2f6da58ef6fa9222530e0194e0334b3a1d22019344d'} inserted successfully. 
2026-09-29 21:17:28,878 - INFO - [Block Validation] Validatiing the block 0.
2026-09-29 21:17:28,879 - INFO - [Block Validation] The block 0 is valid.
2026-09-29 21:17:28,880 - INFO - [Chain Validation] Chain is valid.
2026-09-29 21:17:29,296 - DEBUG - Using proactor: IocpProactor
2026-09-29 21:17:29,344 - INFO - [Miner]Mining block 1...
2026-09-29 21:17:29,907 - INFO - [Miner] Block 1 mined after 40936 attempts. Nonce: 40936
2026-09-29 21:17:29,908 - INFO - [Block Validation] Validatiing the block 0.
2026-09-29 21:17:29,908 - INFO - [Block Validation] The block 0 is valid.
2026-09-29 21:17:29,909 - INFO - [Chain Validation] Chain is valid.
2026-09-29 21:17:29,910 - INFO - Block with CHID {'user': {'name': 'Alice', 'nationalNumber': 1001, 'phone': 1, 'age': 30, 'email': 'a@x.com', 'birth': '1995-01-01', 'HID': '17231ca1bfaa73c3b607049f75f3df524b36538b861c559050bff4fbbd64a9d2'}, 'credential': {'image': 'd6fee16dee3d1af56a19a010262615abb7a3f5602de100a866bbc2f268eaba4f', 'credentialID': 1, 'CID': 'a6f38f837ff9689b4eaac950343a818c44f97ff7875d318644b89da21844907f', 'metadata': {'documentTitle': None, 'documentType': None, 'documentFormat': '.pdf', 'documentContentSize': 0}}, 'issuer': {'name': 'JPUF', 'businessID': 10, 'AUTHID': '4e9fed7a5168dd153d040292c205c0f1d65bb64949a99d6a8b1cdebaeffae8cd'}, 'chid': 'c26ee3c84f48bc30ab19c019990d80bc1099e1fcad71ea8895bba6f17768283d'} inserted successfully. 
2026-09-29 21:17:29,919 - INFO - HTTP Request: POST http://testserver/register "HTTP/1.1 201 Created"
2026-09-29 21:17:29,927 - INFO - [Chain Validation] Initializing the chain validator.
2026-09-29 21:17:29,928 - INFO - [Miner]Mining block 0...
2026-09-29 21:17:30,343 - INFO - [Miner] Block 0 mined after 36254 attempts. Nonce: 36254
2026-09-29 21:17:30,344 - WARNING - [Chain Validation] Cannot validate. The ledger is empty.
2026-09-29 21:17:30,346 - INFO - Block with CHID {'user': {'name': 'Gensis-Block', 'nationalNumber': 0, 'phone': 0, 'age': 0, 'email': 'gensis@blockchain.io', 'birth': '', 'HID': '86b9cfefa3624e99ed49d4b95a65292e3ae59d1acc02e31aa391003979282fe0'}, 'credential': {'image': '', 'credentialID': 0, 'CID': 'be73143655a54956d57ca963bfd4e8437ee884b7a022d790d98afcd91066c65b', 'metadata': {'documentTitle': None, 'documentType': None, 'documentFormat': '.pdf', 'documentContentSize': 0}}, 'issuer': {'name': '', 'businessID': 0, 'AUTHID': '4930fe69eb193324e64c25a851e6c18f3b53657dfcda11c817fc34c450ff953d'}, 'chid': '57a5fa2eabd461db6913d2f6da58ef6fa9222530e0194e0334b3a1d22019344d'} inserted successfully. 
2026-09-29 21:17:30,419 - INFO - [Block Validation] Validatiing the block 0.
2026-09-29 21:17:30,419 - INFO - [Block Validation] The block 0 is valid.
2026-09-29 21:17:30,419 - INFO - [Chain Validation] Chain is valid.
2026-09-29 21:17:30,483 - DEBUG - Using proactor: IocpProactor
2026-09-29 21:17:30,537 - INFO - HTTP Request: GET http://testserver/openapi.json "HTTP/1.1 200 OK"
2026-09-29 21:17:31,194 - INFO - [Chain Validation] Initializing the chain validator.
2026-09-29 21:17:31,196 - INFO - [Miner]Mining block 0...
2026-09-29 21:17:31,487 - INFO - [Miner] Block 0 mined after 36254 attempts. Nonce: 36254
2026-09-29 21:17:31,487 - WARNING - [Chain Validation] Cannot validate. The ledger is empty.
2026-09-29 21:17:31,492 - INFO - Block with CHID {'user': {'name': 'Gensis-Block', 'nationalNumber': 0, 'phone': 0, 'age': 0, 'email': 'gensis@blockchain.io', 'birth': '', 'HID': '86b9cfefa3624e99ed49d4b95a65292e3ae59d1acc02e31aa391003979282fe0'}, 'credential': {'image': '', 'credentialID': 0, 'CID': 'be73143655a54956d57ca963bfd4e8437ee884b7a022d790d98afcd91066c65b', 'metadata': {'documentTitle': None, 'documentType': None, 'documentFormat': '.pdf', 'documentContentSize': 0}}, 'issuer': {'name': '', 'businessID': 0, 'AUTHID': '4930fe69eb193324e64c25a851e6c18f3b53657dfcda11c817fc34c450ff953d'}, 'chid': '57a5fa2eabd461db6913d2f6da58ef6fa9222530e0194e0334b3a1d22019344d'} inserted successfully. 
2026-09-29 21:17:31,530 - INFO - [Block Validation] Validatiing the block 0.
2026-09-29 21:17:31,530 - INFO - [Block Validation] The block 0 is valid.
2026-09-29 21:17:31,531 - INFO - [Chain Validation] Chain is valid.
2026-09-29 21:17:31,570 - DEBUG - Using proactor: IocpProactor
2026-09-29 21:17:31,593 - INFO - [Miner]Mining block 1...
2026-09-29 21:17:32,199 - INFO - [Miner] Block 1 mined after 40787 attempts. Nonce: 40787
2026-09-29 21:17:32,199 - INFO - [Block Validation] Validatiing the block 0.
2026-09-29 21:17:32,214 - INFO - [Block Validation] The block 0 is valid.
2026-09-29 21:17:32,214 - INFO - [Chain Validation] Chain is valid.
2026-09-29 21:17:32,217 - INFO - Block with CHID {'user': {'name': 'Alice', 'nationalNumber': 1002, 'phone': 1, 'age': 30, 'email': 'a@x.com', 'birth': '1995-01-01', 'HID': 'b7b5a4ec4731a35d74fea8e4a41b9bf3c87255c9b60f66507abca1942f9633d8'}, 'credential': {'image': 'c4824b64290742375def743acf351ade25d3bc0a54f67363682768785955981c', 'credentialID': 2, 'CID': '63e7938e829fb13a7922bec11d24ed194990db334c1237f4d58556b4a56783b4', 'metadata': {'documentTitle': None, 'documentType': None, 'documentFormat': '.pdf', 'documentContentSize': 0}}, 'issuer': {'name': 'JPUF', 'businessID': 11, 'AUTHID': '8bd1b13d3c9c05b7548cf0e369905b7da65c32d77dbcd9e906d337d8351ecee5'}, 'chid': '565416aeaec63fd7a6c4e979622a104160173e39bc1bd4f8e2cb705874438d41'} inserted successfully. 
2026-09-29 21:17:32,220 - INFO - HTTP Request: POST http://testserver/register "HTTP/1.1 201 Created"
2026-09-29 21:17:32,347 - DEBUG - Using proactor: IocpProactor
2026-09-29 21:17:32,354 - INFO - HTTP Request: POST http://testserver/register "HTTP/1.1 409 Conflict"
2026-09-29 21:17:32,551 - INFO - [Chain Validation] Initializing the chain validator.
2026-09-29 21:17:32,559 - INFO - [Miner]Mining block 0...
2026-09-29 21:17:33,323 - INFO - [Miner] Block 0 mined after 36254 attempts. Nonce: 36254
2026-09-29 21:17:33,324 - WARNING - [Chain Validation] Cannot validate. The ledger is empty.
2026-09-29 21:17:33,325 - INFO - Block with CHID {'user': {'name': 'Gensis-Block', 'nationalNumber': 0, 'phone': 0, 'age': 0, 'email': 'gensis@blockchain.io', 'birth': '', 'HID': '86b9cfefa3624e99ed49d4b95a65292e3ae59d1acc02e31aa391003979282fe0'}, 'credential': {'image': '', 'credentialID': 0, 'CID': 'be73143655a54956d57ca963bfd4e8437ee884b7a022d790d98afcd91066c65b', 'metadata': {'documentTitle': None, 'documentType': None, 'documentFormat': '.pdf', 'documentContentSize': 0}}, 'issuer': {'name': '', 'businessID': 0, 'AUTHID': '4930fe69eb193324e64c25a851e6c18f3b53657dfcda11c817fc34c450ff953d'}, 'chid': '57a5fa2eabd461db6913d2f6da58ef6fa9222530e0194e0334b3a1d22019344d'} inserted successfully. 
2026-09-29 21:17:33,582 - INFO - [Block Validation] Validatiing the block 0.
2026-09-29 21:17:33,582 - INFO - [Block Validation] The block 0 is valid.
2026-09-29 21:17:33,582 - INFO - [Chain Validation] Chain is valid.
2026-09-29 21:17:33,692 - DEBUG - Using proactor: IocpProactor
2026-09-29 21:17:33,721 - INFO - HTTP Request: POST http://testserver/register "HTTP/1.1 422 Unprocessable Content"
2026-09-29 21:17:33,927 - INFO - [Chain Validation] Initializing the chain validator.
2026-09-29 21:17:33,930 - INFO - [Miner]Mining block 0...
2026-09-29 21:17:34,565 - INFO - [Miner] Block 0 mined after 36254 attempts. Nonce: 36254
2026-09-29 21:17:34,566 - WARNING - [Chain Validation] Cannot validate. The ledger is empty.
2026-09-29 21:17:34,568 - INFO - Block with CHID {'user': {'name': 'Gensis-Block', 'nationalNumber': 0, 'phone': 0, 'age': 0, 'email': 'gensis@blockchain.io', 'birth': '', 'HID': '86b9cfefa3624e99ed49d4b95a65292e3ae59d1acc02e31aa391003979282fe0'}, 'credential': {'image': '', 'credentialID': 0, 'CID': 'be73143655a54956d57ca963bfd4e8437ee884b7a022d790d98afcd91066c65b', 'metadata': {'documentTitle': None, 'documentType': None, 'documentFormat': '.pdf', 'documentContentSize': 0}}, 'issuer': {'name': '', 'businessID': 0, 'AUTHID': '4930fe69eb193324e64c25a851e6c18f3b53657dfcda11c817fc34c450ff953d'}, 'chid': '57a5fa2eabd461db6913d2f6da58ef6fa9222530e0194e0334b3a1d22019344d'} inserted successfully. 
2026-09-29 21:17:34,735 - INFO - [Block Validation] Validatiing the block 0.
2026-09-29 21:17:34,736 - INFO - [Block Validation] The block 0 is valid.
2026-09-29 21:17:34,736 - INFO - [Chain Validation] Chain is valid.
2026-09-29 21:17:35,032 - DEBUG - Using proactor: IocpProactor
2026-09-29 21:17:35,062 - INFO - HTTP Request: POST http://testserver/register "HTTP/1.1 400 Bad Request"
2026-09-29 21:17:35,493 - INFO - [Chain Validation] Initializing the chain validator.
2026-09-29 21:17:35,495 - INFO - [Miner]Mining block 0...
2026-09-29 21:17:36,576 - INFO - [Miner] Block 0 mined after 36254 attempts. Nonce: 36254
2026-09-29 21:17:36,576 - WARNING - [Chain Validation] Cannot validate. The ledger is empty.
2026-09-29 21:17:36,579 - INFO - Block with CHID {'user': {'name': 'Gensis-Block', 'nationalNumber': 0, 'phone': 0, 'age': 0, 'email': 'gensis@blockchain.io', 'birth': '', 'HID': '86b9cfefa3624e99ed49d4b95a65292e3ae59d1acc02e31aa391003979282fe0'}, 'credential': {'image': '', 'credentialID': 0, 'CID': 'be73143655a54956d57ca963bfd4e8437ee884b7a022d790d98afcd91066c65b', 'metadata': {'documentTitle': None, 'documentType': None, 'documentFormat': '.pdf', 'documentContentSize': 0}}, 'issuer': {'name': '', 'businessID': 0, 'AUTHID': '4930fe69eb193324e64c25a851e6c18f3b53657dfcda11c817fc34c450ff953d'}, 'chid': '57a5fa2eabd461db6913d2f6da58ef6fa9222530e0194e0334b3a1d22019344d'} inserted successfully. 
2026-09-29 21:17:37,614 - INFO - [Block Validation] Validatiing the block 0.
2026-09-29 21:17:37,614 - INFO - [Block Validation] The block 0 is valid.
2026-09-29 21:17:37,615 - INFO - [Chain Validation] Chain is valid.
2026-09-29 21:17:37,668 - DEBUG - Using proactor: IocpProactor
2026-09-29 21:17:37,685 - INFO - [Miner]Mining block 1...
2026-09-29 21:17:37,909 - INFO - [Miner] Block 1 mined after 28321 attempts. Nonce: 28321
2026-09-29 21:17:37,910 - INFO - [Block Validation] Validatiing the block 0.
2026-09-29 21:17:37,910 - INFO - [Block Validation] The block 0 is valid.
2026-09-29 21:17:37,910 - INFO - [Chain Validation] Chain is valid.
2026-09-29 21:17:37,913 - INFO - Block with CHID {'user': {'name': 'Alice', 'nationalNumber': 1004, 'phone': 1, 'age': 30, 'email': 'a@x.com', 'birth': '1995-01-01', 'HID': '5aac19b7d8962cd134de158c9b24c70932035f6bcea6f0ec7202d88dd116e00f'}, 'credential': {'image': 'a391d60fb74068a4105abaf39ff8899aac0447acd831adf8ae6b625aadad12a5', 'credentialID': 4, 'CID': 'b1751e8cf498aa42c31752b7183d3bd365ff3d5e66cd53b35cfa3bba0e30edac', 'metadata': {'documentTitle': None, 'documentType': None, 'documentFormat': '.pdf', 'documentContentSize': 0}}, 'issuer': {'name': 'JPUF', 'businessID': 13, 'AUTHID': '2ff530b451fc145718cbfcc9ae3400ea68308c4f8a703b28f7981b8cf8faeec2'}, 'chid': '2f159f4a04c01b5e2a2d5bdc9c9d185c206765c85753488a6248eadf7352d56f'} inserted successfully. 
2026-09-29 21:17:37,916 - INFO - HTTP Request: POST http://testserver/register "HTTP/1.1 201 Created"
2026-09-29 21:17:37,953 - INFO - [Chain Validation] Initializing the chain validator.
2026-09-29 21:17:37,956 - INFO - [Miner]Mining block 0...
2026-09-29 21:17:38,387 - INFO - [Miner] Block 0 mined after 36254 attempts. Nonce: 36254
2026-09-29 21:17:38,720 - WARNING - [Chain Validation] Cannot validate. The ledger is empty.
2026-09-29 21:17:38,724 - INFO - Block with CHID {'user': {'name': 'Gensis-Block', 'nationalNumber': 0, 'phone': 0, 'age': 0, 'email': 'gensis@blockchain.io', 'birth': '', 'HID': '86b9cfefa3624e99ed49d4b95a65292e3ae59d1acc02e31aa391003979282fe0'}, 'credential': {'image': '', 'credentialID': 0, 'CID': 'be73143655a54956d57ca963bfd4e8437ee884b7a022d790d98afcd91066c65b', 'metadata': {'documentTitle': None, 'documentType': None, 'documentFormat': '.pdf', 'documentContentSize': 0}}, 'issuer': {'name': '', 'businessID': 0, 'AUTHID': '4930fe69eb193324e64c25a851e6c18f3b53657dfcda11c817fc34c450ff953d'}, 'chid': '57a5fa2eabd461db6913d2f6da58ef6fa9222530e0194e0334b3a1d22019344d'} inserted successfully. 
2026-09-29 21:17:38,930 - INFO - [Block Validation] Validatiing the block 0.
2026-09-29 21:17:38,930 - INFO - [Block Validation] The block 0 is valid.
2026-09-29 21:17:38,931 - INFO - [Chain Validation] Chain is valid.
2026-09-29 21:17:38,967 - DEBUG - Using proactor: IocpProactor
2026-09-29 21:17:38,982 - INFO - [Miner]Mining block 1...
2026-09-29 21:17:39,121 - INFO - [Miner] Block 1 mined after 16710 attempts. Nonce: 16710
2026-09-29 21:17:39,122 - INFO - [Block Validation] Validatiing the block 0.
2026-09-29 21:17:39,122 - INFO - [Block Validation] The block 0 is valid.
2026-09-29 21:17:39,123 - INFO - [Chain Validation] Chain is valid.
2026-09-29 21:17:39,124 - INFO - Block with CHID {'user': {'name': 'Carol', 'nationalNumber': 2002, 'phone': 1, 'age': 30, 'email': 'a@x.com', 'birth': '1995-01-01', 'HID': '7ccdca19127ae4219e99c8e0c608497017406487782aabf35286fa912407c485'}, 'credential': {'image': 'c4824b64290742375def743acf351ade25d3bc0a54f67363682768785955981c', 'credentialID': 2, 'CID': '63e7938e829fb13a7922bec11d24ed194990db334c1237f4d58556b4a56783b4', 'metadata': {'documentTitle': None, 'documentType': None, 'documentFormat': '.pdf', 'documentContentSize': 0}}, 'issuer': {'name': 'GovAuth', 'businessID': 20, 'AUTHID': 'ee5d73cf8f46e498653cd4fdc6593d0135f42384702cddc762894798045821a5'}, 'chid': '1c17cd0a8585b2b170cb1c8dc4b6943a53155be2ce74f9dfef7db1412c0fe89b'} inserted successfully. 
2026-09-29 21:17:39,127 - INFO - HTTP Request: POST http://testserver/register "HTTP/1.1 201 Created"
2026-09-29 21:17:39,142 - DEBUG - Using proactor: IocpProactor
2026-09-29 21:17:39,157 - INFO - HTTP Request: POST http://testserver/check "HTTP/1.1 200 OK"
2026-09-29 21:17:39,603 - INFO - [Chain Validation] Initializing the chain validator.
2026-09-29 21:17:39,610 - INFO - [Miner]Mining block 0...
2026-09-29 21:17:39,960 - INFO - [Miner] Block 0 mined after 36254 attempts. Nonce: 36254
2026-09-29 21:17:40,068 - WARNING - [Chain Validation] Cannot validate. The ledger is empty.
2026-09-29 21:17:40,071 - INFO - Block with CHID {'user': {'name': 'Gensis-Block', 'nationalNumber': 0, 'phone': 0, 'age': 0, 'email': 'gensis@blockchain.io', 'birth': '', 'HID': '86b9cfefa3624e99ed49d4b95a65292e3ae59d1acc02e31aa391003979282fe0'}, 'credential': {'image': '', 'credentialID': 0, 'CID': 'be73143655a54956d57ca963bfd4e8437ee884b7a022d790d98afcd91066c65b', 'metadata': {'documentTitle': None, 'documentType': None, 'documentFormat': '.pdf', 'documentContentSize': 0}}, 'issuer': {'name': '', 'businessID': 0, 'AUTHID': '4930fe69eb193324e64c25a851e6c18f3b53657dfcda11c817fc34c450ff953d'}, 'chid': '57a5fa2eabd461db6913d2f6da58ef6fa9222530e0194e0334b3a1d22019344d'} inserted successfully. 
2026-09-29 21:17:40,297 - INFO - [Block Validation] Validatiing the block 0.
2026-09-29 21:17:40,298 - INFO - [Block Validation] The block 0 is valid.
2026-09-29 21:17:40,298 - INFO - [Chain Validation] Chain is valid.
2026-09-29 21:17:40,325 - DEBUG - Using proactor: IocpProactor
2026-09-29 21:17:40,348 - INFO - [Miner]Mining block 1...
2026-09-29 21:17:40,599 - INFO - [Miner] Block 1 mined after 22782 attempts. Nonce: 22782
2026-09-29 21:17:40,600 - INFO - [Block Validation] Validatiing the block 0.
2026-09-29 21:17:40,601 - INFO - [Block Validation] The block 0 is valid.
2026-09-29 21:17:40,601 - INFO - [Chain Validation] Chain is valid.
2026-09-29 21:17:40,603 - INFO - Block with CHID {'user': {'name': 'Dave', 'nationalNumber': 3003, 'phone': 1, 'age': 30, 'email': 'a@x.com', 'birth': '1995-01-01', 'HID': '927d2a5553a16a35860e8bc661b28e50ee334e4a6c4e28c6f0a80b4d57d53ec7'}, 'credential': {'image': '2470776384e59a9a4514de2da244f4e81434a2d424eddeccf791f60831f70ab7', 'credentialID': 30, 'CID': 'eec779c315baa434305cb7570e3bde956f1a45550c379cf851d13436a9480bd8', 'metadata': {'documentTitle': None, 'documentType': None, 'documentFormat': '.pdf', 'documentContentSize': 0}}, 'issuer': {'name': 'AuthX', 'businessID': 300, 'AUTHID': 'cd8cbefe099dfc49b8d17469a059d32b2b7c9bec598cb0456121911fe71d4a04'}, 'chid': 'adf2732ef578e060e240716007d10e6f63dd66b4874f7101846bba84fdf435c3'} inserted successfully. 
2026-09-29 21:17:40,606 - INFO - HTTP Request: POST http://testserver/register "HTTP/1.1 201 Created"
2026-09-29 21:17:40,625 - DEBUG - Using proactor: IocpProactor
2026-09-29 21:17:40,630 - INFO - [Miner]Mining block 2...
2026-09-29 21:17:41,122 - INFO - [Miner] Block 2 mined after 40999 attempts. Nonce: 40999
2026-09-29 21:17:41,184 - INFO - [Block Validation] Validatiing the block 0.
2026-09-29 21:17:41,458 - INFO - [Block Validation] The block 0 is valid.
2026-09-29 21:17:41,458 - INFO - [Block Validation] Validatiing the block 1.
2026-09-29 21:17:41,458 - INFO - [Block Validation] The block 1 is valid.
2026-09-29 21:17:41,459 - INFO - [Chain Validation] Chain is valid.
2026-09-29 21:17:42,275 - INFO - Block with CHID {'user': {'name': 'Eve', 'nationalNumber': 3004, 'phone': 1, 'age': 30, 'email': 'a@x.com', 'birth': '1995-01-01', 'HID': '2b4f4fefe5b386a0dbdca495830d1f95c47e1f8e5464d2cd7f7a884bbebae2f6'}, 'credential': {'image': '3e824c67993000a7870e29008843ede086ece3c0fef118276b7127fac6a67181', 'credentialID': 31, 'CID': '324f4f90ecbb7a9f611886ee30fa9459bd163706c05804aba0532cd6997c83a2', 'metadata': {'documentTitle': None, 'documentType': None, 'documentFormat': '.pdf', 'documentContentSize': 0}}, 'issuer': {'name': 'AuthY', 'businessID': 301, 'AUTHID': 'cc36aa22367b078b4b8d44d7b466c78824abda384dacaacbe6f825b6c95ef264'}, 'chid': '02e614f85cf3aeef1c79e03e0865fed93b088ac7d135685e567255f21ea3e20f'} inserted successfully. 
2026-09-29 21:17:42,278 - INFO - HTTP Request: POST http://testserver/register "HTTP/1.1 201 Created"
2026-09-29 21:17:42,283 - DEBUG - Using proactor: IocpProactor
2026-09-29 21:17:42,289 - INFO - HTTP Request: POST http://testserver/check "HTTP/1.1 200 OK"
2026-09-29 21:17:42,574 - INFO - [Chain Validation] Initializing the chain validator.
2026-09-29 21:17:42,787 - INFO - [Miner]Mining block 0...
2026-09-29 21:17:43,729 - INFO - [Miner] Block 0 mined after 36254 attempts. Nonce: 36254
2026-09-29 21:17:43,731 - WARNING - [Chain Validation] Cannot validate. The ledger is empty.
2026-09-29 21:17:43,733 - INFO - Block with CHID {'user': {'name': 'Gensis-Block', 'nationalNumber': 0, 'phone': 0, 'age': 0, 'email': 'gensis@blockchain.io', 'birth': '', 'HID': '86b9cfefa3624e99ed49d4b95a65292e3ae59d1acc02e31aa391003979282fe0'}, 'credential': {'image': '', 'credentialID': 0, 'CID': 'be73143655a54956d57ca963bfd4e8437ee884b7a022d790d98afcd91066c65b', 'metadata': {'documentTitle': None, 'documentType': None, 'documentFormat': '.pdf', 'documentContentSize': 0}}, 'issuer': {'name': '', 'businessID': 0, 'AUTHID': '4930fe69eb193324e64c25a851e6c18f3b53657dfcda11c817fc34c450ff953d'}, 'chid': '57a5fa2eabd461db6913d2f6da58ef6fa9222530e0194e0334b3a1d22019344d'} inserted successfully. 
2026-09-29 21:17:43,953 - INFO - [Block Validation] Validatiing the block 0.
2026-09-29 21:17:43,954 - INFO - [Block Validation] The block 0 is valid.
2026-09-29 21:17:43,958 - INFO - [Chain Validation] Chain is valid.
2026-09-29 21:17:44,166 - DEBUG - Using proactor: IocpProactor
2026-09-29 21:17:44,315 - INFO - HTTP Request: POST http://testserver/check "HTTP/1.1 200 OK"
2026-09-29 21:17:44,584 - INFO - [Chain Validation] Initializing the chain validator.
2026-09-29 21:17:44,587 - INFO - [Miner]Mining block 0...
2026-09-29 21:17:45,284 - INFO - [Miner] Block 0 mined after 36254 attempts. Nonce: 36254
2026-09-29 21:17:45,284 - WARNING - [Chain Validation] Cannot validate. The ledger is empty.
2026-09-29 21:17:45,286 - INFO - Block with CHID {'user': {'name': 'Gensis-Block', 'nationalNumber': 0, 'phone': 0, 'age': 0, 'email': 'gensis@blockchain.io', 'birth': '', 'HID': '86b9cfefa3624e99ed49d4b95a65292e3ae59d1acc02e31aa391003979282fe0'}, 'credential': {'image': '', 'credentialID': 0, 'CID': 'be73143655a54956d57ca963bfd4e8437ee884b7a022d790d98afcd91066c65b', 'metadata': {'documentTitle': None, 'documentType': None, 'documentFormat': '.pdf', 'documentContentSize': 0}}, 'issuer': {'name': '', 'businessID': 0, 'AUTHID': '4930fe69eb193324e64c25a851e6c18f3b53657dfcda11c817fc34c450ff953d'}, 'chid': '57a5fa2eabd461db6913d2f6da58ef6fa9222530e0194e0334b3a1d22019344d'} inserted successfully. 
2026-09-29 21:17:45,376 - INFO - [Block Validation] Validatiing the block 0.
2026-09-29 21:17:45,376 - INFO - [Block Validation] The block 0 is valid.
2026-09-29 21:17:45,376 - INFO - [Chain Validation] Chain is valid.
2026-09-29 21:17:45,568 - DEBUG - Using proactor: IocpProactor
2026-09-29 21:17:45,600 - INFO - [Miner]Mining block 1...
2026-09-29 21:17:48,568 - INFO - [Miner] Block 1 mined after 122877 attempts. Nonce: 122877
2026-09-29 21:17:48,570 - INFO - [Block Validation] Validatiing the block 0.
2026-09-29 21:17:48,570 - INFO - [Block Validation] The block 0 is valid.
2026-09-29 21:17:48,570 - INFO - [Chain Validation] Chain is valid.
2026-09-29 21:17:48,572 - INFO - Block with CHID {'user': {'name': 'Frank', 'nationalNumber': 4004, 'phone': 1, 'age': 30, 'email': 'a@x.com', 'birth': '1995-01-01', 'HID': '71150f88955a186236df50d19a93b1ed04931756a7dc2f0555b5c95386604501'}, 'credential': {'image': 'ee4bef504b7df1c8404e8c37373631e3f2ecf5c63a790504b96e56d89985728c', 'credentialID': 40, 'CID': '49f0df665df0b534f308ab4e705ca422c3295da398ce044a8d9b3df011fda6d2', 'metadata': {'documentTitle': None, 'documentType': None, 'documentFormat': '.pdf', 'documentContentSize': 0}}, 'issuer': {'name': 'AuthZ', 'businessID': 400, 'AUTHID': '98fb8368e0c7e807afce4408c4cfeed1068c7088684cbf95580e3b91831dab96'}, 'chid': 'a180109392b2ac22ba24ffb93bdc7777907fa1a072982eaefd239fc86212c685'} inserted successfully. 
2026-09-29 21:17:48,575 - INFO - HTTP Request: POST http://testserver/register "HTTP/1.1 201 Created"
2026-09-29 21:17:48,721 - DEBUG - Using proactor: IocpProactor
2026-09-29 21:17:48,876 - INFO - HTTP Request: GET http://testserver/chain "HTTP/1.1 200 OK"
2026-09-29 21:17:49,189 - INFO - [Chain Validation] Initializing the chain validator.
2026-09-29 21:17:49,191 - INFO - [Miner]Mining block 0...
2026-09-29 21:17:49,933 - INFO - [Miner] Block 0 mined after 36254 attempts. Nonce: 36254
2026-09-29 21:17:49,934 - WARNING - [Chain Validation] Cannot validate. The ledger is empty.
2026-09-29 21:17:49,936 - INFO - Block with CHID {'user': {'name': 'Gensis-Block', 'nationalNumber': 0, 'phone': 0, 'age': 0, 'email': 'gensis@blockchain.io', 'birth': '', 'HID': '86b9cfefa3624e99ed49d4b95a65292e3ae59d1acc02e31aa391003979282fe0'}, 'credential': {'image': '', 'credentialID': 0, 'CID': 'be73143655a54956d57ca963bfd4e8437ee884b7a022d790d98afcd91066c65b', 'metadata': {'documentTitle': None, 'documentType': None, 'documentFormat': '.pdf', 'documentContentSize': 0}}, 'issuer': {'name': '', 'businessID': 0, 'AUTHID': '4930fe69eb193324e64c25a851e6c18f3b53657dfcda11c817fc34c450ff953d'}, 'chid': '57a5fa2eabd461db6913d2f6da58ef6fa9222530e0194e0334b3a1d22019344d'} inserted successfully. 
2026-09-29 21:17:50,089 - INFO - [Block Validation] Validatiing the block 0.
2026-09-29 21:17:50,089 - INFO - [Block Validation] The block 0 is valid.
2026-09-29 21:17:50,090 - INFO - [Chain Validation] Chain is valid.
2026-09-29 21:17:50,167 - DEBUG - Using proactor: IocpProactor
2026-09-29 21:17:50,239 - INFO - [Chain Validation] Initializing the chain validator.
2026-09-29 21:17:50,241 - INFO - [Block Validation] Validatiing the block 0.
2026-09-29 21:17:50,241 - INFO - [Block Validation] The block 0 is valid.
2026-09-29 21:17:50,241 - INFO - [Chain Validation] Chain is valid.
2026-09-29 21:17:50,244 - INFO - HTTP Request: GET http://testserver/status "HTTP/1.1 200 OK"
2026-09-29 21:18:11,769 - INFO - [Chain Validation] Initializing the chain validator.
2026-09-29 21:18:11,778 - INFO - [Block Validation] Validatiing the block 0.
2026-09-29 21:18:11,779 - INFO - [Block Validation] The block 0 is valid.
2026-09-29 21:18:11,779 - INFO - [Chain Validation] Chain is valid.
2026-09-29 21:18:26,742 - INFO - [Chain Validation] Initializing the chain validator.
2026-09-29 21:18:26,747 - INFO - [Block Validation] Validatiing the block 0.
2026-09-29 21:18:26,748 - INFO - [Block Validation] The block 0 is valid.
2026-09-29 21:18:26,748 - INFO - [Chain Validation] Chain is valid.
2026-09-29 21:18:51,484 - INFO - [Chain Validation] Initializing the chain validator.
2026-09-29 21:18:51,499 - INFO - [Miner]Mining block 0...
2026-09-29 21:18:51,826 - INFO - [Miner] Block 0 mined after 36254 attempts. Nonce: 36254
2026-09-29 21:18:51,834 - WARNING - [Chain Validation] Cannot validate. The ledger is empty.
2026-09-29 21:18:51,836 - INFO - Block with CHID {'user': {'name': 'Gensis-Block', 'nationalNumber': 0, 'phone': 0, 'age': 0, 'email': 'gensis@blockchain.io', 'birth': '', 'HID': '86b9cfefa3624e99ed49d4b95a65292e3ae59d1acc02e31aa391003979282fe0'}, 'credential': {'image': '', 'credentialID': 0, 'CID': 'be73143655a54956d57ca963bfd4e8437ee884b7a022d790d98afcd91066c65b', 'metadata': {'documentTitle': None, 'documentType': None, 'documentFormat': '.pdf', 'documentContentSize': 0}}, 'issuer': {'name': '', 'businessID': 0, 'AUTHID': '4930fe69eb193324e64c25a851e6c18f3b53657dfcda11c817fc34c450ff953d'}, 'chid': '57a5fa2eabd461db6913d2f6da58ef6fa9222530e0194e0334b3a1d22019344d'} inserted successfully. 
2026-09-29 21:18:51,951 - INFO - [Block Validation] Validatiing the block 0.
2026-09-29 21:18:51,951 - INFO - [Block Validation] The block 0 is valid.
2026-09-29 21:18:51,951 - INFO - [Chain Validation] Chain is valid.
2026-09-29 21:18:52,268 - DEBUG - Using proactor: IocpProactor
2026-09-29 21:18:52,300 - INFO - [Miner]Mining block 1...
2026-09-29 21:18:52,738 - INFO - [Miner] Block 1 mined after 40936 attempts. Nonce: 40936
2026-09-29 21:18:52,740 - INFO - [Block Validation] Validatiing the block 0.
2026-09-29 21:18:52,741 - INFO - [Block Validation] The block 0 is valid.
2026-09-29 21:18:52,741 - INFO - [Chain Validation] Chain is valid.
2026-09-29 21:18:52,743 - INFO - Block with CHID {'user': {'name': 'Alice', 'nationalNumber': 1001, 'phone': 1, 'age': 30, 'email': 'a@x.com', 'birth': '1995-01-01', 'HID': '17231ca1bfaa73c3b607049f75f3df524b36538b861c559050bff4fbbd64a9d2'}, 'credential': {'image': 'd6fee16dee3d1af56a19a010262615abb7a3f5602de100a866bbc2f268eaba4f', 'credentialID': 1, 'CID': 'a6f38f837ff9689b4eaac950343a818c44f97ff7875d318644b89da21844907f', 'metadata': {'documentTitle': None, 'documentType': None, 'documentFormat': '.pdf', 'documentContentSize': 0}}, 'issuer': {'name': 'JPUF', 'businessID': 10, 'AUTHID': '4e9fed7a5168dd153d040292c205c0f1d65bb64949a99d6a8b1cdebaeffae8cd'}, 'chid': 'c26ee3c84f48bc30ab19c019990d80bc1099e1fcad71ea8895bba6f17768283d'} inserted successfully. 
2026-09-29 21:18:52,750 - INFO - HTTP Request: POST http://testserver/register "HTTP/1.1 201 Created"
2026-09-29 21:18:52,759 - INFO - [Chain Validation] Initializing the chain validator.
2026-09-29 21:18:52,767 - INFO - [Miner]Mining block 0...
2026-09-29 21:18:53,192 - INFO - [Miner] Block 0 mined after 36254 attempts. Nonce: 36254
2026-09-29 21:18:53,193 - WARNING - [Chain Validation] Cannot validate. The ledger is empty.
2026-09-29 21:18:53,199 - INFO - Block with CHID {'user': {'name': 'Gensis-Block', 'nationalNumber': 0, 'phone': 0, 'age': 0, 'email': 'gensis@blockchain.io', 'birth': '', 'HID': '86b9cfefa3624e99ed49d4b95a65292e3ae59d1acc02e31aa391003979282fe0'}, 'credential': {'image': '', 'credentialID': 0, 'CID': 'be73143655a54956d57ca963bfd4e8437ee884b7a022d790d98afcd91066c65b', 'metadata': {'documentTitle': None, 'documentType': None, 'documentFormat': '.pdf', 'documentContentSize': 0}}, 'issuer': {'name': '', 'businessID': 0, 'AUTHID': '4930fe69eb193324e64c25a851e6c18f3b53657dfcda11c817fc34c450ff953d'}, 'chid': '57a5fa2eabd461db6913d2f6da58ef6fa9222530e0194e0334b3a1d22019344d'} inserted successfully. 
2026-09-29 21:18:53,243 - INFO - [Block Validation] Validatiing the block 0.
2026-09-29 21:18:53,244 - INFO - [Block Validation] The block 0 is valid.
2026-09-29 21:18:53,249 - INFO - [Chain Validation] Chain is valid.
2026-09-29 21:18:53,272 - DEBUG - Using proactor: IocpProactor
2026-09-29 21:18:53,318 - INFO - HTTP Request: GET http://testserver/openapi.json "HTTP/1.1 200 OK"
2026-09-29 21:18:53,324 - INFO - [Chain Validation] Initializing the chain validator.
2026-09-29 21:18:53,328 - INFO - [Miner]Mining block 0...
2026-09-29 21:18:53,721 - INFO - [Miner] Block 0 mined after 36254 attempts. Nonce: 36254
2026-09-29 21:18:53,721 - WARNING - [Chain Validation] Cannot validate. The ledger is empty.
2026-09-29 21:18:53,723 - INFO - Block with CHID {'user': {'name': 'Gensis-Block', 'nationalNumber': 0, 'phone': 0, 'age': 0, 'email': 'gensis@blockchain.io', 'birth': '', 'HID': '86b9cfefa3624e99ed49d4b95a65292e3ae59d1acc02e31aa391003979282fe0'}, 'credential': {'image': '', 'credentialID': 0, 'CID': 'be73143655a54956d57ca963bfd4e8437ee884b7a022d790d98afcd91066c65b', 'metadata': {'documentTitle': None, 'documentType': None, 'documentFormat': '.pdf', 'documentContentSize': 0}}, 'issuer': {'name': '', 'businessID': 0, 'AUTHID': '4930fe69eb193324e64c25a851e6c18f3b53657dfcda11c817fc34c450ff953d'}, 'chid': '57a5fa2eabd461db6913d2f6da58ef6fa9222530e0194e0334b3a1d22019344d'} inserted successfully. 
2026-09-29 21:18:53,799 - INFO - [Block Validation] Validatiing the block 0.
2026-09-29 21:18:53,799 - INFO - [Block Validation] The block 0 is valid.
2026-09-29 21:18:53,799 - INFO - [Chain Validation] Chain is valid.
2026-09-29 21:18:53,868 - DEBUG - Using proactor: IocpProactor
2026-09-29 21:18:53,889 - INFO - [Miner]Mining block 1...
2026-09-29 21:18:54,469 - INFO - [Miner] Block 1 mined after 40787 attempts. Nonce: 40787
2026-09-29 21:18:54,469 - INFO - [Block Validation] Validatiing the block 0.
2026-09-29 21:18:54,470 - INFO - [Block Validation] The block 0 is valid.
2026-09-29 21:18:54,470 - INFO - [Chain Validation] Chain is valid.
2026-09-29 21:18:54,472 - INFO - Block with CHID {'user': {'name': 'Alice', 'nationalNumber': 1002, 'phone': 1, 'age': 30, 'email': 'a@x.com', 'birth': '1995-01-01', 'HID': 'b7b5a4ec4731a35d74fea8e4a41b9bf3c87255c9b60f66507abca1942f9633d8'}, 'credential': {'image': 'c4824b64290742375def743acf351ade25d3bc0a54f67363682768785955981c', 'credentialID': 2, 'CID': '63e7938e829fb13a7922bec11d24ed194990db334c1237f4d58556b4a56783b4', 'metadata': {'documentTitle': None, 'documentType': None, 'documentFormat': '.pdf', 'documentContentSize': 0}}, 'issuer': {'name': 'JPUF', 'businessID': 11, 'AUTHID': '8bd1b13d3c9c05b7548cf0e369905b7da65c32d77dbcd9e906d337d8351ecee5'}, 'chid': '565416aeaec63fd7a6c4e979622a104160173e39bc1bd4f8e2cb705874438d41'} inserted successfully. 
2026-09-29 21:18:54,478 - INFO - HTTP Request: POST http://testserver/register "HTTP/1.1 201 Created"
2026-09-29 21:18:54,523 - DEBUG - Using proactor: IocpProactor
2026-09-29 21:18:54,532 - INFO - HTTP Request: POST http://testserver/register "HTTP/1.1 409 Conflict"
2026-09-29 21:18:54,540 - INFO - [Chain Validation] Initializing the chain validator.
2026-09-29 21:18:54,542 - INFO - [Miner]Mining block 0...
2026-09-29 21:18:55,080 - INFO - [Miner] Block 0 mined after 36254 attempts. Nonce: 36254
2026-09-29 21:18:55,081 - WARNING - [Chain Validation] Cannot validate. The ledger is empty.
2026-09-29 21:18:55,084 - INFO - Block with CHID {'user': {'name': 'Gensis-Block', 'nationalNumber': 0, 'phone': 0, 'age': 0, 'email': 'gensis@blockchain.io', 'birth': '', 'HID': '86b9cfefa3624e99ed49d4b95a65292e3ae59d1acc02e31aa391003979282fe0'}, 'credential': {'image': '', 'credentialID': 0, 'CID': 'be73143655a54956d57ca963bfd4e8437ee884b7a022d790d98afcd91066c65b', 'metadata': {'documentTitle': None, 'documentType': None, 'documentFormat': '.pdf', 'documentContentSize': 0}}, 'issuer': {'name': '', 'businessID': 0, 'AUTHID': '4930fe69eb193324e64c25a851e6c18f3b53657dfcda11c817fc34c450ff953d'}, 'chid': '57a5fa2eabd461db6913d2f6da58ef6fa9222530e0194e0334b3a1d22019344d'} inserted successfully. 
2026-09-29 21:18:55,247 - INFO - [Block Validation] Validatiing the block 0.
2026-09-29 21:18:55,250 - INFO - [Block Validation] The block 0 is valid.
2026-09-29 21:18:55,251 - INFO - [Chain Validation] Chain is valid.
2026-09-29 21:18:55,397 - DEBUG - Using proactor: IocpProactor
2026-09-29 21:18:55,425 - INFO - HTTP Request: POST http://testserver/register "HTTP/1.1 422 Unprocessable Content"
2026-09-29 21:18:55,505 - INFO - [Chain Validation] Initializing the chain validator.
2026-09-29 21:18:55,507 - INFO - [Miner]Mining block 0...
2026-09-29 21:18:56,111 - INFO - [Miner] Block 0 mined after 36254 attempts. Nonce: 36254
2026-09-29 21:18:56,174 - WARNING - [Chain Validation] Cannot validate. The ledger is empty.
2026-09-29 21:18:56,175 - INFO - Block with CHID {'user': {'name': 'Gensis-Block', 'nationalNumber': 0, 'phone': 0, 'age': 0, 'email': 'gensis@blockchain.io', 'birth': '', 'HID': '86b9cfefa3624e99ed49d4b95a65292e3ae59d1acc02e31aa391003979282fe0'}, 'credential': {'image': '', 'credentialID': 0, 'CID': 'be73143655a54956d57ca963bfd4e8437ee884b7a022d790d98afcd91066c65b', 'metadata': {'documentTitle': None, 'documentType': None, 'documentFormat': '.pdf', 'documentContentSize': 0}}, 'issuer': {'name': '', 'businessID': 0, 'AUTHID': '4930fe69eb193324e64c25a851e6c18f3b53657dfcda11c817fc34c450ff953d'}, 'chid': '57a5fa2eabd461db6913d2f6da58ef6fa9222530e0194e0334b3a1d22019344d'} inserted successfully. 
2026-09-29 21:18:56,486 - INFO - [Block Validation] Validatiing the block 0.
2026-09-29 21:18:56,486 - INFO - [Block Validation] The block 0 is valid.
2026-09-29 21:18:56,486 - INFO - [Chain Validation] Chain is valid.
2026-09-29 21:18:56,865 - DEBUG - Using proactor: IocpProactor
2026-09-29 21:18:56,887 - INFO - HTTP Request: POST http://testserver/register "HTTP/1.1 400 Bad Request"
2026-09-29 21:18:57,009 - INFO - [Chain Validation] Initializing the chain validator.
2026-09-29 21:18:57,020 - INFO - [Miner]Mining block 0...
2026-09-29 21:18:57,617 - INFO - [Miner] Block 0 mined after 36254 attempts. Nonce: 36254
2026-09-29 21:18:57,617 - WARNING - [Chain Validation] Cannot validate. The ledger is empty.
2026-09-29 21:18:57,619 - INFO - Block with CHID {'user': {'name': 'Gensis-Block', 'nationalNumber': 0, 'phone': 0, 'age': 0, 'email': 'gensis@blockchain.io', 'birth': '', 'HID': '86b9cfefa3624e99ed49d4b95a65292e3ae59d1acc02e31aa391003979282fe0'}, 'credential': {'image': '', 'credentialID': 0, 'CID': 'be73143655a54956d57ca963bfd4e8437ee884b7a022d790d98afcd91066c65b', 'metadata': {'documentTitle': None, 'documentType': None, 'documentFormat': '.pdf', 'documentContentSize': 0}}, 'issuer': {'name': '', 'businessID': 0, 'AUTHID': '4930fe69eb193324e64c25a851e6c18f3b53657dfcda11c817fc34c450ff953d'}, 'chid': '57a5fa2eabd461db6913d2f6da58ef6fa9222530e0194e0334b3a1d22019344d'} inserted successfully. 
2026-09-29 21:18:57,851 - INFO - [Block Validation] Validatiing the block 0.
2026-09-29 21:18:57,851 - INFO - [Block Validation] The block 0 is valid.
2026-09-29 21:18:57,851 - INFO - [Chain Validation] Chain is valid.
2026-09-29 21:18:57,938 - DEBUG - Using proactor: IocpProactor
2026-09-29 21:18:57,952 - INFO - [Miner]Mining block 1...
2026-09-29 21:18:58,391 - INFO - [Miner] Block 1 mined after 28321 attempts. Nonce: 28321
2026-09-29 21:18:58,392 - INFO - [Block Validation] Validatiing the block 0.
2026-09-29 21:18:58,393 - INFO - [Block Validation] The block 0 is valid.
2026-09-29 21:18:58,393 - INFO - [Chain Validation] Chain is valid.
2026-09-29 21:18:58,395 - INFO - Block with CHID {'user': {'name': 'Alice', 'nationalNumber': 1004, 'phone': 1, 'age': 30, 'email': 'a@x.com', 'birth': '1995-01-01', 'HID': '5aac19b7d8962cd134de158c9b24c70932035f6bcea6f0ec7202d88dd116e00f'}, 'credential': {'image': 'a391d60fb74068a4105abaf39ff8899aac0447acd831adf8ae6b625aadad12a5', 'credentialID': 4, 'CID': 'b1751e8cf498aa42c31752b7183d3bd365ff3d5e66cd53b35cfa3bba0e30edac', 'metadata': {'documentTitle': None, 'documentType': None, 'documentFormat': '.pdf', 'documentContentSize': 0}}, 'issuer': {'name': 'JPUF', 'businessID': 13, 'AUTHID': '2ff530b451fc145718cbfcc9ae3400ea68308c4f8a703b28f7981b8cf8faeec2'}, 'chid': '2f159f4a04c01b5e2a2d5bdc9c9d185c206765c85753488a6248eadf7352d56f'} inserted successfully. 
2026-09-29 21:18:58,398 - INFO - HTTP Request: POST http://testserver/register "HTTP/1.1 201 Created"
2026-09-29 21:18:58,426 - INFO - [Chain Validation] Initializing the chain validator.
2026-09-29 21:18:58,428 - INFO - [Miner]Mining block 0...
2026-09-29 21:18:59,078 - INFO - [Miner] Block 0 mined after 36254 attempts. Nonce: 36254
2026-09-29 21:18:59,078 - WARNING - [Chain Validation] Cannot validate. The ledger is empty.
2026-09-29 21:18:59,079 - INFO - Block with CHID {'user': {'name': 'Gensis-Block', 'nationalNumber': 0, 'phone': 0, 'age': 0, 'email': 'gensis@blockchain.io', 'birth': '', 'HID': '86b9cfefa3624e99ed49d4b95a65292e3ae59d1acc02e31aa391003979282fe0'}, 'credential': {'image': '', 'credentialID': 0, 'CID': 'be73143655a54956d57ca963bfd4e8437ee884b7a022d790d98afcd91066c65b', 'metadata': {'documentTitle': None, 'documentType': None, 'documentFormat': '.pdf', 'documentContentSize': 0}}, 'issuer': {'name': '', 'businessID': 0, 'AUTHID': '4930fe69eb193324e64c25a851e6c18f3b53657dfcda11c817fc34c450ff953d'}, 'chid': '57a5fa2eabd461db6913d2f6da58ef6fa9222530e0194e0334b3a1d22019344d'} inserted successfully. 
2026-09-29 21:18:59,333 - INFO - [Block Validation] Validatiing the block 0.
2026-09-29 21:18:59,334 - INFO - [Block Validation] The block 0 is valid.
2026-09-29 21:18:59,335 - INFO - [Chain Validation] Chain is valid.
2026-09-29 21:18:59,424 - DEBUG - Using proactor: IocpProactor
2026-09-29 21:18:59,444 - INFO - [Miner]Mining block 1...
2026-09-29 21:18:59,727 - INFO - [Miner] Block 1 mined after 16710 attempts. Nonce: 16710
2026-09-29 21:18:59,728 - INFO - [Block Validation] Validatiing the block 0.
2026-09-29 21:18:59,729 - INFO - [Block Validation] The block 0 is valid.
2026-09-29 21:18:59,729 - INFO - [Chain Validation] Chain is valid.
2026-09-29 21:18:59,731 - INFO - Block with CHID {'user': {'name': 'Carol', 'nationalNumber': 2002, 'phone': 1, 'age': 30, 'email': 'a@x.com', 'birth': '1995-01-01', 'HID': '7ccdca19127ae4219e99c8e0c608497017406487782aabf35286fa912407c485'}, 'credential': {'image': 'c4824b64290742375def743acf351ade25d3bc0a54f67363682768785955981c', 'credentialID': 2, 'CID': '63e7938e829fb13a7922bec11d24ed194990db334c1237f4d58556b4a56783b4', 'metadata': {'documentTitle': None, 'documentType': None, 'documentFormat': '.pdf', 'documentContentSize': 0}}, 'issuer': {'name': 'GovAuth', 'businessID': 20, 'AUTHID': 'ee5d73cf8f46e498653cd4fdc6593d0135f42384702cddc762894798045821a5'}, 'chid': '1c17cd0a8585b2b170cb1c8dc4b6943a53155be2ce74f9dfef7db1412c0fe89b'} inserted successfully. 
2026-09-29 21:18:59,733 - INFO - HTTP Request: POST http://testserver/register "HTTP/1.1 201 Created"
2026-09-29 21:18:59,777 - DEBUG - Using proactor: IocpProactor
2026-09-29 21:18:59,835 - INFO - HTTP Request: POST http://testserver/check "HTTP/1.1 200 OK"
2026-09-29 21:18:59,849 - INFO - [Chain Validation] Initializing the chain validator.
2026-09-29 21:18:59,852 - INFO - [Miner]Mining block 0...
2026-09-29 21:19:00,373 - INFO - [Miner] Block 0 mined after 36254 attempts. Nonce: 36254
2026-09-29 21:19:00,374 - WARNING - [Chain Validation] Cannot validate. The ledger is empty.
2026-09-29 21:19:00,376 - INFO - Block with CHID {'user': {'name': 'Gensis-Block', 'nationalNumber': 0, 'phone': 0, 'age': 0, 'email': 'gensis@blockchain.io', 'birth': '', 'HID': '86b9cfefa3624e99ed49d4b95a65292e3ae59d1acc02e31aa391003979282fe0'}, 'credential': {'image': '', 'credentialID': 0, 'CID': 'be73143655a54956d57ca963bfd4e8437ee884b7a022d790d98afcd91066c65b', 'metadata': {'documentTitle': None, 'documentType': None, 'documentFormat': '.pdf', 'documentContentSize': 0}}, 'issuer': {'name': '', 'businessID': 0, 'AUTHID': '4930fe69eb193324e64c25a851e6c18f3b53657dfcda11c817fc34c450ff953d'}, 'chid': '57a5fa2eabd461db6913d2f6da58ef6fa9222530e0194e0334b3a1d22019344d'} inserted successfully. 
2026-09-29 21:19:00,451 - INFO - [Block Validation] Validatiing the block 0.
2026-09-29 21:19:00,451 - INFO - [Block Validation] The block 0 is valid.
2026-09-29 21:19:00,451 - INFO - [Chain Validation] Chain is valid.
2026-09-29 21:19:00,500 - DEBUG - Using proactor: IocpProactor
2026-09-29 21:19:00,519 - INFO - [Miner]Mining block 1...
2026-09-29 21:19:00,779 - INFO - [Miner] Block 1 mined after 22782 attempts. Nonce: 22782
2026-09-29 21:19:00,780 - INFO - [Block Validation] Validatiing the block 0.
2026-09-29 21:19:00,780 - INFO - [Block Validation] The block 0 is valid.
2026-09-29 21:19:00,781 - INFO - [Chain Validation] Chain is valid.
2026-09-29 21:19:00,782 - INFO - Block with CHID {'user': {'name': 'Dave', 'nationalNumber': 3003, 'phone': 1, 'age': 30, 'email': 'a@x.com', 'birth': '1995-01-01', 'HID': '927d2a5553a16a35860e8bc661b28e50ee334e4a6c4e28c6f0a80b4d57d53ec7'}, 'credential': {'image': '2470776384e59a9a4514de2da244f4e81434a2d424eddeccf791f60831f70ab7', 'credentialID': 30, 'CID': 'eec779c315baa434305cb7570e3bde956f1a45550c379cf851d13436a9480bd8', 'metadata': {'documentTitle': None, 'documentType': None, 'documentFormat': '.pdf', 'documentContentSize': 0}}, 'issuer': {'name': 'AuthX', 'businessID': 300, 'AUTHID': 'cd8cbefe099dfc49b8d17469a059d32b2b7c9bec598cb0456121911fe71d4a04'}, 'chid': 'adf2732ef578e060e240716007d10e6f63dd66b4874f7101846bba84fdf435c3'} inserted successfully. 
2026-09-29 21:19:00,785 - INFO - HTTP Request: POST http://testserver/register "HTTP/1.1 201 Created"
2026-09-29 21:19:00,813 - DEBUG - Using proactor: IocpProactor
2026-09-29 21:19:00,829 - INFO - [Miner]Mining block 2...
2026-09-29 21:19:01,368 - INFO - [Miner] Block 2 mined after 40999 attempts. Nonce: 40999
2026-09-29 21:19:01,373 - INFO - [Block Validation] Validatiing the block 0.
2026-09-29 21:19:01,376 - INFO - [Block Validation] The block 0 is valid.
2026-09-29 21:19:01,376 - INFO - [Block Validation] Validatiing the block 1.
2026-09-29 21:19:01,377 - INFO - [Block Validation] The block 1 is valid.
2026-09-29 21:19:01,377 - INFO - [Chain Validation] Chain is valid.
2026-09-29 21:19:01,379 - INFO - Block with CHID {'user': {'name': 'Eve', 'nationalNumber': 3004, 'phone': 1, 'age': 30, 'email': 'a@x.com', 'birth': '1995-01-01', 'HID': '2b4f4fefe5b386a0dbdca495830d1f95c47e1f8e5464d2cd7f7a884bbebae2f6'}, 'credential': {'image': '3e824c67993000a7870e29008843ede086ece3c0fef118276b7127fac6a67181', 'credentialID': 31, 'CID': '324f4f90ecbb7a9f611886ee30fa9459bd163706c05804aba0532cd6997c83a2', 'metadata': {'documentTitle': None, 'documentType': None, 'documentFormat': '.pdf', 'documentContentSize': 0}}, 'issuer': {'name': 'AuthY', 'businessID': 301, 'AUTHID': 'cc36aa22367b078b4b8d44d7b466c78824abda384dacaacbe6f825b6c95ef264'}, 'chid': '02e614f85cf3aeef1c79e03e0865fed93b088ac7d135685e567255f21ea3e20f'} inserted successfully. 
2026-09-29 21:19:01,381 - INFO - HTTP Request: POST http://testserver/register "HTTP/1.1 201 Created"
2026-09-29 21:19:01,395 - DEBUG - Using proactor: IocpProactor
2026-09-29 21:19:01,417 - INFO - HTTP Request: POST http://testserver/check "HTTP/1.1 200 OK"
2026-09-29 21:19:01,428 - INFO - [Chain Validation] Initializing the chain validator.
2026-09-29 21:19:01,429 - INFO - [Miner]Mining block 0...
2026-09-29 21:19:01,910 - INFO - [Miner] Block 0 mined after 36254 attempts. Nonce: 36254
2026-09-29 21:19:01,910 - WARNING - [Chain Validation] Cannot validate. The ledger is empty.
2026-09-29 21:19:01,912 - INFO - Block with CHID {'user': {'name': 'Gensis-Block', 'nationalNumber': 0, 'phone': 0, 'age': 0, 'email': 'gensis@blockchain.io', 'birth': '', 'HID': '86b9cfefa3624e99ed49d4b95a65292e3ae59d1acc02e31aa391003979282fe0'}, 'credential': {'image': '', 'credentialID': 0, 'CID': 'be73143655a54956d57ca963bfd4e8437ee884b7a022d790d98afcd91066c65b', 'metadata': {'documentTitle': None, 'documentType': None, 'documentFormat': '.pdf', 'documentContentSize': 0}}, 'issuer': {'name': '', 'businessID': 0, 'AUTHID': '4930fe69eb193324e64c25a851e6c18f3b53657dfcda11c817fc34c450ff953d'}, 'chid': '57a5fa2eabd461db6913d2f6da58ef6fa9222530e0194e0334b3a1d22019344d'} inserted successfully. 
2026-09-29 21:19:02,068 - INFO - [Block Validation] Validatiing the block 0.
2026-09-29 21:19:02,072 - INFO - [Block Validation] The block 0 is valid.
2026-09-29 21:19:02,073 - INFO - [Chain Validation] Chain is valid.
2026-09-29 21:19:02,158 - DEBUG - Using proactor: IocpProactor
2026-09-29 21:19:02,280 - INFO - HTTP Request: POST http://testserver/check "HTTP/1.1 200 OK"
2026-09-29 21:19:02,300 - INFO - [Chain Validation] Initializing the chain validator.
2026-09-29 21:19:02,302 - INFO - [Miner]Mining block 0...
2026-09-29 21:19:02,748 - INFO - [Miner] Block 0 mined after 36254 attempts. Nonce: 36254
2026-09-29 21:19:02,749 - WARNING - [Chain Validation] Cannot validate. The ledger is empty.
2026-09-29 21:19:02,750 - INFO - Block with CHID {'user': {'name': 'Gensis-Block', 'nationalNumber': 0, 'phone': 0, 'age': 0, 'email': 'gensis@blockchain.io', 'birth': '', 'HID': '86b9cfefa3624e99ed49d4b95a65292e3ae59d1acc02e31aa391003979282fe0'}, 'credential': {'image': '', 'credentialID': 0, 'CID': 'be73143655a54956d57ca963bfd4e8437ee884b7a022d790d98afcd91066c65b', 'metadata': {'documentTitle': None, 'documentType': None, 'documentFormat': '.pdf', 'documentContentSize': 0}}, 'issuer': {'name': '', 'businessID': 0, 'AUTHID': '4930fe69eb193324e64c25a851e6c18f3b53657dfcda11c817fc34c450ff953d'}, 'chid': '57a5fa2eabd461db6913d2f6da58ef6fa9222530e0194e0334b3a1d22019344d'} inserted successfully. 
2026-09-29 21:19:02,810 - INFO - [Block Validation] Validatiing the block 0.
2026-09-29 21:19:02,811 - INFO - [Block Validation] The block 0 is valid.
2026-09-29 21:19:02,811 - INFO - [Chain Validation] Chain is valid.
2026-09-29 21:19:02,879 - DEBUG - Using proactor: IocpProactor
2026-09-29 21:19:02,897 - INFO - [Miner]Mining block 1...
2026-09-29 21:19:04,492 - INFO - [Miner] Block 1 mined after 122877 attempts. Nonce: 122877
2026-09-29 21:19:04,493 - INFO - [Block Validation] Validatiing the block 0.
2026-09-29 21:19:04,493 - INFO - [Block Validation] The block 0 is valid.
2026-09-29 21:19:04,493 - INFO - [Chain Validation] Chain is valid.
2026-09-29 21:19:04,495 - INFO - Block with CHID {'user': {'name': 'Frank', 'nationalNumber': 4004, 'phone': 1, 'age': 30, 'email': 'a@x.com', 'birth': '1995-01-01', 'HID': '71150f88955a186236df50d19a93b1ed04931756a7dc2f0555b5c95386604501'}, 'credential': {'image': 'ee4bef504b7df1c8404e8c37373631e3f2ecf5c63a790504b96e56d89985728c', 'credentialID': 40, 'CID': '49f0df665df0b534f308ab4e705ca422c3295da398ce044a8d9b3df011fda6d2', 'metadata': {'documentTitle': None, 'documentType': None, 'documentFormat': '.pdf', 'documentContentSize': 0}}, 'issuer': {'name': 'AuthZ', 'businessID': 400, 'AUTHID': '98fb8368e0c7e807afce4408c4cfeed1068c7088684cbf95580e3b91831dab96'}, 'chid': 'a180109392b2ac22ba24ffb93bdc7777907fa1a072982eaefd239fc86212c685'} inserted successfully. 
2026-09-29 21:19:04,497 - INFO - HTTP Request: POST http://testserver/register "HTTP/1.1 201 Created"
2026-09-29 21:19:04,523 - DEBUG - Using proactor: IocpProactor
2026-09-29 21:19:04,543 - INFO - HTTP Request: GET http://testserver/chain "HTTP/1.1 200 OK"
2026-09-29 21:19:04,564 - INFO - [Chain Validation] Initializing the chain validator.
2026-09-29 21:19:04,566 - INFO - [Miner]Mining block 0...
2026-09-29 21:19:05,115 - INFO - [Miner] Block 0 mined after 36254 attempts. Nonce: 36254
2026-09-29 21:19:05,116 - WARNING - [Chain Validation] Cannot validate. The ledger is empty.
2026-09-29 21:19:05,117 - INFO - Block with CHID {'user': {'name': 'Gensis-Block', 'nationalNumber': 0, 'phone': 0, 'age': 0, 'email': 'gensis@blockchain.io', 'birth': '', 'HID': '86b9cfefa3624e99ed49d4b95a65292e3ae59d1acc02e31aa391003979282fe0'}, 'credential': {'image': '', 'credentialID': 0, 'CID': 'be73143655a54956d57ca963bfd4e8437ee884b7a022d790d98afcd91066c65b', 'metadata': {'documentTitle': None, 'documentType': None, 'documentFormat': '.pdf', 'documentContentSize': 0}}, 'issuer': {'name': '', 'businessID': 0, 'AUTHID': '4930fe69eb193324e64c25a851e6c18f3b53657dfcda11c817fc34c450ff953d'}, 'chid': '57a5fa2eabd461db6913d2f6da58ef6fa9222530e0194e0334b3a1d22019344d'} inserted successfully. 
2026-09-29 21:19:05,296 - INFO - [Block Validation] Validatiing the block 0.
2026-09-29 21:19:05,296 - INFO - [Block Validation] The block 0 is valid.
2026-09-29 21:19:05,296 - INFO - [Chain Validation] Chain is valid.
2026-09-29 21:19:05,416 - DEBUG - Using proactor: IocpProactor
2026-09-29 21:19:05,545 - INFO - [Chain Validation] Initializing the chain validator.
2026-09-29 21:19:05,546 - INFO - [Block Validation] Validatiing the block 0.
2026-09-29 21:19:05,546 - INFO - [Block Validation] The block 0 is valid.
2026-09-29 21:19:05,546 - INFO - [Chain Validation] Chain is valid.
2026-09-29 21:19:05,549 - INFO - HTTP Request: GET http://testserver/status "HTTP/1.1 200 OK"
2026-09-29 21:20:09,827 - INFO - [Chain Validation] Initializing the chain validator.
2026-09-29 21:20:09,877 - INFO - [Block Validation] Validatiing the block 0.
2026-09-29 21:20:09,877 - INFO - [Block Validation] The block 0 is valid.
2026-09-29 21:20:09,878 - INFO - [Block Validation] Validatiing the block 1.
2026-09-29 21:20:09,878 - INFO - [Block Validation] The block 1 is valid.
2026-09-29 21:20:09,879 - INFO - [Block Validation] Validatiing the block 2.
2026-09-29 21:20:09,879 - INFO - [Block Validation] The block 2 is valid.
2026-09-29 21:20:09,880 - INFO - [Block Validation] Validatiing the block 3.
2026-09-29 21:20:09,880 - INFO - [Block Validation] The block 3 is valid.
2026-09-29 21:20:09,880 - INFO - [Block Validation] Validatiing the block 4.
2026-09-29 21:20:09,880 - INFO - [Block Validation] The block 4 is valid.
2026-09-29 21:20:09,881 - INFO - [Block Validation] Validatiing the block 5.
2026-09-29 21:20:09,881 - INFO - [Block Validation] The block 5 is valid.
2026-09-29 21:20:09,881 - INFO - [Block Validation] Validatiing the block 6.
2026-09-29 21:20:09,882 - INFO - [Block Validation] The block 6 is valid.
2026-09-29 21:20:09,882 - INFO - [Block Validation] Validatiing the block 7.
2026-09-29 21:20:09,882 - INFO - [Block Validation] The block 7 is valid.
2026-09-29 21:20:09,882 - INFO - [Block Validation] Validatiing the block 8.
2026-09-29 21:20:09,883 - INFO - [Block Validation] The block 8 is valid.
2026-09-29 21:20:09,883 - INFO - [Block Validation] Validatiing the block 9.
2026-09-29 21:20:09,883 - INFO - [Block Validation] The block 9 is valid.
2026-09-29 21:20:09,883 - INFO - [Block Validation] Validatiing the block 10.
2026-09-29 21:20:09,884 - INFO - [Block Validation] The block 10 is valid.
2026-09-29 21:20:09,884 - INFO - [Chain Validation] Chain is valid.
2026-09-29 21:20:10,114 - DEBUG - Using proactor: IocpProactor
2026-09-29 21:21:31,566 - INFO - [Chain Validation] Initializing the chain validator.
2026-09-29 21:21:31,610 - INFO - [Block Validation] Validatiing the block 0.
2026-09-29 21:21:31,611 - INFO - [Block Validation] The block 0 is valid.
2026-09-29 21:21:31,611 - INFO - [Block Validation] Validatiing the block 1.
2026-09-29 21:21:31,611 - INFO - [Block Validation] The block 1 is valid.
2026-09-29 21:21:31,612 - INFO - [Block Validation] Validatiing the block 2.
2026-09-29 21:21:31,612 - INFO - [Block Validation] The block 2 is valid.
2026-09-29 21:21:31,612 - INFO - [Block Validation] Validatiing the block 3.
2026-09-29 21:21:31,613 - INFO - [Block Validation] The block 3 is valid.
2026-09-29 21:21:31,613 - INFO - [Block Validation] Validatiing the block 4.
2026-09-29 21:21:31,613 - INFO - [Block Validation] The block 4 is valid.
2026-09-29 21:21:31,614 - INFO - [Block Validation] Validatiing the block 5.
2026-09-29 21:21:31,614 - INFO - [Block Validation] The block 5 is valid.
2026-09-29 21:21:31,614 - INFO - [Block Validation] Validatiing the block 6.
2026-09-29 21:21:31,614 - INFO - [Block Validation] The block 6 is valid.
2026-09-29 21:21:31,615 - INFO - [Block Validation] Validatiing the block 7.
2026-09-29 21:21:31,615 - INFO - [Block Validation] The block 7 is valid.
2026-09-29 21:21:31,615 - INFO - [Block Validation] Validatiing the block 8.
2026-09-29 21:21:31,615 - INFO - [Block Validation] The block 8 is valid.
2026-09-29 21:21:31,616 - INFO - [Block Validation] Validatiing the block 9.
2026-09-29 21:21:31,616 - INFO - [Block Validation] The block 9 is valid.
2026-09-29 21:21:31,616 - INFO - [Block Validation] Validatiing the block 10.
2026-09-29 21:21:31,616 - INFO - [Block Validation] The block 10 is valid.
2026-09-29 21:21:31,617 - INFO - [Chain Validation] Chain is valid.
2026-09-29 21:21:31,813 - DEBUG - Using proactor: IocpProactor
2026-09-29 21:22:23,874 - INFO - [Chain Validation] Initializing the chain validator.
2026-09-29 21:22:23,878 - INFO - [Miner]Mining block 0...
2026-09-29 21:22:24,148 - INFO - [Miner] Block 0 mined after 36254 attempts. Nonce: 36254
2026-09-29 21:22:24,157 - WARNING - [Chain Validation] Cannot validate. The ledger is empty.
2026-09-29 21:22:24,159 - INFO - Block with CHID {'user': {'name': 'Gensis-Block', 'nationalNumber': 0, 'phone': 0, 'age': 0, 'email': 'gensis@blockchain.io', 'birth': '', 'HID': '86b9cfefa3624e99ed49d4b95a65292e3ae59d1acc02e31aa391003979282fe0'}, 'credential': {'image': '', 'credentialID': 0, 'CID': 'be73143655a54956d57ca963bfd4e8437ee884b7a022d790d98afcd91066c65b', 'metadata': {'documentTitle': None, 'documentType': None, 'documentFormat': '.pdf', 'documentContentSize': 0}}, 'issuer': {'name': '', 'businessID': 0, 'AUTHID': '4930fe69eb193324e64c25a851e6c18f3b53657dfcda11c817fc34c450ff953d'}, 'chid': '57a5fa2eabd461db6913d2f6da58ef6fa9222530e0194e0334b3a1d22019344d'} inserted successfully. 
2026-09-29 21:22:24,202 - INFO - [Block Validation] Validatiing the block 0.
2026-09-29 21:22:24,203 - INFO - [Block Validation] The block 0 is valid.
2026-09-29 21:22:24,203 - INFO - [Chain Validation] Chain is valid.
2026-09-29 21:22:24,365 - DEBUG - Using proactor: IocpProactor
2026-09-29 21:22:24,380 - INFO - [Miner]Mining block 1...
2026-09-29 21:22:24,610 - INFO - [Miner] Block 1 mined after 40936 attempts. Nonce: 40936
2026-09-29 21:22:24,610 - INFO - [Block Validation] Validatiing the block 0.
2026-09-29 21:22:24,610 - INFO - [Block Validation] The block 0 is valid.
2026-09-29 21:22:24,610 - INFO - [Chain Validation] Chain is valid.
2026-09-29 21:22:24,611 - INFO - Block with CHID {'user': {'name': 'Alice', 'nationalNumber': 1001, 'phone': 1, 'age': 30, 'email': 'a@x.com', 'birth': '1995-01-01', 'HID': '17231ca1bfaa73c3b607049f75f3df524b36538b861c559050bff4fbbd64a9d2'}, 'credential': {'image': 'd6fee16dee3d1af56a19a010262615abb7a3f5602de100a866bbc2f268eaba4f', 'credentialID': 1, 'CID': 'a6f38f837ff9689b4eaac950343a818c44f97ff7875d318644b89da21844907f', 'metadata': {'documentTitle': None, 'documentType': None, 'documentFormat': '.pdf', 'documentContentSize': 0}}, 'issuer': {'name': 'JPUF', 'businessID': 10, 'AUTHID': '4e9fed7a5168dd153d040292c205c0f1d65bb64949a99d6a8b1cdebaeffae8cd'}, 'chid': 'c26ee3c84f48bc30ab19c019990d80bc1099e1fcad71ea8895bba6f17768283d'} inserted successfully. 
2026-09-29 21:22:24,616 - INFO - HTTP Request: POST http://testserver/register "HTTP/1.1 201 Created"
2026-09-29 21:22:24,620 - INFO - [Chain Validation] Initializing the chain validator.
2026-09-29 21:22:24,622 - INFO - [Miner]Mining block 0...
2026-09-29 21:22:24,806 - INFO - [Miner] Block 0 mined after 36254 attempts. Nonce: 36254
2026-09-29 21:22:24,806 - WARNING - [Chain Validation] Cannot validate. The ledger is empty.
2026-09-29 21:22:24,807 - INFO - Block with CHID {'user': {'name': 'Gensis-Block', 'nationalNumber': 0, 'phone': 0, 'age': 0, 'email': 'gensis@blockchain.io', 'birth': '', 'HID': '86b9cfefa3624e99ed49d4b95a65292e3ae59d1acc02e31aa391003979282fe0'}, 'credential': {'image': '', 'credentialID': 0, 'CID': 'be73143655a54956d57ca963bfd4e8437ee884b7a022d790d98afcd91066c65b', 'metadata': {'documentTitle': None, 'documentType': None, 'documentFormat': '.pdf', 'documentContentSize': 0}}, 'issuer': {'name': '', 'businessID': 0, 'AUTHID': '4930fe69eb193324e64c25a851e6c18f3b53657dfcda11c817fc34c450ff953d'}, 'chid': '57a5fa2eabd461db6913d2f6da58ef6fa9222530e0194e0334b3a1d22019344d'} inserted successfully. 
2026-09-29 21:22:24,831 - INFO - [Block Validation] Validatiing the block 0.
2026-09-29 21:22:24,832 - INFO - [Block Validation] The block 0 is valid.
2026-09-29 21:22:24,832 - INFO - [Chain Validation] Chain is valid.
2026-09-29 21:22:24,854 - DEBUG - Using proactor: IocpProactor
2026-09-29 21:22:24,898 - INFO - HTTP Request: GET http://testserver/openapi.json "HTTP/1.1 200 OK"
2026-09-29 21:22:24,905 - INFO - [Chain Validation] Initializing the chain validator.
2026-09-29 21:22:24,907 - INFO - [Miner]Mining block 0...
2026-09-29 21:22:25,111 - INFO - [Miner] Block 0 mined after 36254 attempts. Nonce: 36254
2026-09-29 21:22:25,111 - WARNING - [Chain Validation] Cannot validate. The ledger is empty.
2026-09-29 21:22:25,112 - INFO - Block with CHID {'user': {'name': 'Gensis-Block', 'nationalNumber': 0, 'phone': 0, 'age': 0, 'email': 'gensis@blockchain.io', 'birth': '', 'HID': '86b9cfefa3624e99ed49d4b95a65292e3ae59d1acc02e31aa391003979282fe0'}, 'credential': {'image': '', 'credentialID': 0, 'CID': 'be73143655a54956d57ca963bfd4e8437ee884b7a022d790d98afcd91066c65b', 'metadata': {'documentTitle': None, 'documentType': None, 'documentFormat': '.pdf', 'documentContentSize': 0}}, 'issuer': {'name': '', 'businessID': 0, 'AUTHID': '4930fe69eb193324e64c25a851e6c18f3b53657dfcda11c817fc34c450ff953d'}, 'chid': '57a5fa2eabd461db6913d2f6da58ef6fa9222530e0194e0334b3a1d22019344d'} inserted successfully. 
2026-09-29 21:22:25,138 - INFO - [Block Validation] Validatiing the block 0.
2026-09-29 21:22:25,139 - INFO - [Block Validation] The block 0 is valid.
2026-09-29 21:22:25,139 - INFO - [Chain Validation] Chain is valid.
2026-09-29 21:22:25,160 - DEBUG - Using proactor: IocpProactor
2026-09-29 21:22:25,181 - INFO - [Miner]Mining block 1...
2026-09-29 21:22:25,436 - INFO - [Miner] Block 1 mined after 40787 attempts. Nonce: 40787
2026-09-29 21:22:25,436 - INFO - [Block Validation] Validatiing the block 0.
2026-09-29 21:22:25,437 - INFO - [Block Validation] The block 0 is valid.
2026-09-29 21:22:25,437 - INFO - [Chain Validation] Chain is valid.
2026-09-29 21:22:25,438 - INFO - Block with CHID {'user': {'name': 'Alice', 'nationalNumber': 1002, 'phone': 1, 'age': 30, 'email': 'a@x.com', 'birth': '1995-01-01', 'HID': 'b7b5a4ec4731a35d74fea8e4a41b9bf3c87255c9b60f66507abca1942f9633d8'}, 'credential': {'image': 'c4824b64290742375def743acf351ade25d3bc0a54f67363682768785955981c', 'credentialID': 2, 'CID': '63e7938e829fb13a7922bec11d24ed194990db334c1237f4d58556b4a56783b4', 'metadata': {'documentTitle': None, 'documentType': None, 'documentFormat': '.pdf', 'documentContentSize': 0}}, 'issuer': {'name': 'JPUF', 'businessID': 11, 'AUTHID': '8bd1b13d3c9c05b7548cf0e369905b7da65c32d77dbcd9e906d337d8351ecee5'}, 'chid': '565416aeaec63fd7a6c4e979622a104160173e39bc1bd4f8e2cb705874438d41'} inserted successfully. 
2026-09-29 21:22:25,441 - INFO - HTTP Request: POST http://testserver/register "HTTP/1.1 201 Created"
2026-09-29 21:22:25,443 - DEBUG - Using proactor: IocpProactor
2026-09-29 21:22:25,451 - INFO - HTTP Request: POST http://testserver/register "HTTP/1.1 409 Conflict"
2026-09-29 21:22:25,460 - INFO - [Chain Validation] Initializing the chain validator.
2026-09-29 21:22:25,462 - INFO - [Miner]Mining block 0...
2026-09-29 21:22:25,749 - INFO - [Miner] Block 0 mined after 36254 attempts. Nonce: 36254
2026-09-29 21:22:25,749 - WARNING - [Chain Validation] Cannot validate. The ledger is empty.
2026-09-29 21:22:25,751 - INFO - Block with CHID {'user': {'name': 'Gensis-Block', 'nationalNumber': 0, 'phone': 0, 'age': 0, 'email': 'gensis@blockchain.io', 'birth': '', 'HID': '86b9cfefa3624e99ed49d4b95a65292e3ae59d1acc02e31aa391003979282fe0'}, 'credential': {'image': '', 'credentialID': 0, 'CID': 'be73143655a54956d57ca963bfd4e8437ee884b7a022d790d98afcd91066c65b', 'metadata': {'documentTitle': None, 'documentType': None, 'documentFormat': '.pdf', 'documentContentSize': 0}}, 'issuer': {'name': '', 'businessID': 0, 'AUTHID': '4930fe69eb193324e64c25a851e6c18f3b53657dfcda11c817fc34c450ff953d'}, 'chid': '57a5fa2eabd461db6913d2f6da58ef6fa9222530e0194e0334b3a1d22019344d'} inserted successfully. 
2026-09-29 21:22:25,775 - INFO - [Block Validation] Validatiing the block 0.
2026-09-29 21:22:25,775 - INFO - [Block Validation] The block 0 is valid.
2026-09-29 21:22:25,776 - INFO - [Chain Validation] Chain is valid.
2026-09-29 21:22:25,796 - DEBUG - Using proactor: IocpProactor
2026-09-29 21:22:25,827 - INFO - HTTP Request: POST http://testserver/register "HTTP/1.1 422 Unprocessable Content"
2026-09-29 21:22:25,835 - INFO - [Chain Validation] Initializing the chain validator.
2026-09-29 21:22:25,838 - INFO - [Miner]Mining block 0...
2026-09-29 21:22:26,072 - INFO - [Miner] Block 0 mined after 36254 attempts. Nonce: 36254
2026-09-29 21:22:26,072 - WARNING - [Chain Validation] Cannot validate. The ledger is empty.
2026-09-29 21:22:26,073 - INFO - Block with CHID {'user': {'name': 'Gensis-Block', 'nationalNumber': 0, 'phone': 0, 'age': 0, 'email': 'gensis@blockchain.io', 'birth': '', 'HID': '86b9cfefa3624e99ed49d4b95a65292e3ae59d1acc02e31aa391003979282fe0'}, 'credential': {'image': '', 'credentialID': 0, 'CID': 'be73143655a54956d57ca963bfd4e8437ee884b7a022d790d98afcd91066c65b', 'metadata': {'documentTitle': None, 'documentType': None, 'documentFormat': '.pdf', 'documentContentSize': 0}}, 'issuer': {'name': '', 'businessID': 0, 'AUTHID': '4930fe69eb193324e64c25a851e6c18f3b53657dfcda11c817fc34c450ff953d'}, 'chid': '57a5fa2eabd461db6913d2f6da58ef6fa9222530e0194e0334b3a1d22019344d'} inserted successfully. 
2026-09-29 21:22:26,094 - INFO - [Block Validation] Validatiing the block 0.
2026-09-29 21:22:26,094 - INFO - [Block Validation] The block 0 is valid.
2026-09-29 21:22:26,094 - INFO - [Chain Validation] Chain is valid.
2026-09-29 21:22:26,108 - DEBUG - Using proactor: IocpProactor
2026-09-29 21:22:26,128 - INFO - HTTP Request: POST http://testserver/register "HTTP/1.1 400 Bad Request"
2026-09-29 21:22:26,136 - INFO - [Chain Validation] Initializing the chain validator.
2026-09-29 21:22:26,138 - INFO - [Miner]Mining block 0...
2026-09-29 21:22:26,379 - INFO - [Miner] Block 0 mined after 36254 attempts. Nonce: 36254
2026-09-29 21:22:26,379 - WARNING - [Chain Validation] Cannot validate. The ledger is empty.
2026-09-29 21:22:26,380 - INFO - Block with CHID {'user': {'name': 'Gensis-Block', 'nationalNumber': 0, 'phone': 0, 'age': 0, 'email': 'gensis@blockchain.io', 'birth': '', 'HID': '86b9cfefa3624e99ed49d4b95a65292e3ae59d1acc02e31aa391003979282fe0'}, 'credential': {'image': '', 'credentialID': 0, 'CID': 'be73143655a54956d57ca963bfd4e8437ee884b7a022d790d98afcd91066c65b', 'metadata': {'documentTitle': None, 'documentType': None, 'documentFormat': '.pdf', 'documentContentSize': 0}}, 'issuer': {'name': '', 'businessID': 0, 'AUTHID': '4930fe69eb193324e64c25a851e6c18f3b53657dfcda11c817fc34c450ff953d'}, 'chid': '57a5fa2eabd461db6913d2f6da58ef6fa9222530e0194e0334b3a1d22019344d'} inserted successfully. 
2026-09-29 21:22:26,416 - INFO - [Block Validation] Validatiing the block 0.
2026-09-29 21:22:26,417 - INFO - [Block Validation] The block 0 is valid.
2026-09-29 21:22:26,417 - INFO - [Chain Validation] Chain is valid.
2026-09-29 21:22:26,437 - DEBUG - Using proactor: IocpProactor
2026-09-29 21:22:26,454 - INFO - [Miner]Mining block 1...
2026-09-29 21:22:26,656 - INFO - [Miner] Block 1 mined after 28321 attempts. Nonce: 28321
2026-09-29 21:22:26,657 - INFO - [Block Validation] Validatiing the block 0.
2026-09-29 21:22:26,657 - INFO - [Block Validation] The block 0 is valid.
2026-09-29 21:22:26,658 - INFO - [Chain Validation] Chain is valid.
2026-09-29 21:22:26,659 - INFO - Block with CHID {'user': {'name': 'Alice', 'nationalNumber': 1004, 'phone': 1, 'age': 30, 'email': 'a@x.com', 'birth': '1995-01-01', 'HID': '5aac19b7d8962cd134de158c9b24c70932035f6bcea6f0ec7202d88dd116e00f'}, 'credential': {'image': 'a391d60fb74068a4105abaf39ff8899aac0447acd831adf8ae6b625aadad12a5', 'credentialID': 4, 'CID': 'b1751e8cf498aa42c31752b7183d3bd365ff3d5e66cd53b35cfa3bba0e30edac', 'metadata': {'documentTitle': None, 'documentType': None, 'documentFormat': '.pdf', 'documentContentSize': 0}}, 'issuer': {'name': 'JPUF', 'businessID': 13, 'AUTHID': '2ff530b451fc145718cbfcc9ae3400ea68308c4f8a703b28f7981b8cf8faeec2'}, 'chid': '2f159f4a04c01b5e2a2d5bdc9c9d185c206765c85753488a6248eadf7352d56f'} inserted successfully. 
2026-09-29 21:22:26,662 - INFO - HTTP Request: POST http://testserver/register "HTTP/1.1 201 Created"
2026-09-29 21:22:26,670 - INFO - [Chain Validation] Initializing the chain validator.
2026-09-29 21:22:26,672 - INFO - [Miner]Mining block 0...
2026-09-29 21:22:26,952 - INFO - [Miner] Block 0 mined after 36254 attempts. Nonce: 36254
2026-09-29 21:22:26,952 - WARNING - [Chain Validation] Cannot validate. The ledger is empty.
2026-09-29 21:22:26,953 - INFO - Block with CHID {'user': {'name': 'Gensis-Block', 'nationalNumber': 0, 'phone': 0, 'age': 0, 'email': 'gensis@blockchain.io', 'birth': '', 'HID': '86b9cfefa3624e99ed49d4b95a65292e3ae59d1acc02e31aa391003979282fe0'}, 'credential': {'image': '', 'credentialID': 0, 'CID': 'be73143655a54956d57ca963bfd4e8437ee884b7a022d790d98afcd91066c65b', 'metadata': {'documentTitle': None, 'documentType': None, 'documentFormat': '.pdf', 'documentContentSize': 0}}, 'issuer': {'name': '', 'businessID': 0, 'AUTHID': '4930fe69eb193324e64c25a851e6c18f3b53657dfcda11c817fc34c450ff953d'}, 'chid': '57a5fa2eabd461db6913d2f6da58ef6fa9222530e0194e0334b3a1d22019344d'} inserted successfully. 
2026-09-29 21:22:26,976 - INFO - [Block Validation] Validatiing the block 0.
2026-09-29 21:22:26,976 - INFO - [Block Validation] The block 0 is valid.
2026-09-29 21:22:26,977 - INFO - [Chain Validation] Chain is valid.
2026-09-29 21:22:26,998 - DEBUG - Using proactor: IocpProactor
2026-09-29 21:22:27,016 - INFO - [Miner]Mining block 1...
2026-09-29 21:22:27,136 - INFO - [Miner] Block 1 mined after 16710 attempts. Nonce: 16710
2026-09-29 21:22:27,137 - INFO - [Block Validation] Validatiing the block 0.
2026-09-29 21:22:27,137 - INFO - [Block Validation] The block 0 is valid.
2026-09-29 21:22:27,137 - INFO - [Chain Validation] Chain is valid.
2026-09-29 21:22:27,139 - INFO - Block with CHID {'user': {'name': 'Carol', 'nationalNumber': 2002, 'phone': 1, 'age': 30, 'email': 'a@x.com', 'birth': '1995-01-01', 'HID': '7ccdca19127ae4219e99c8e0c608497017406487782aabf35286fa912407c485'}, 'credential': {'image': 'c4824b64290742375def743acf351ade25d3bc0a54f67363682768785955981c', 'credentialID': 2, 'CID': '63e7938e829fb13a7922bec11d24ed194990db334c1237f4d58556b4a56783b4', 'metadata': {'documentTitle': None, 'documentType': None, 'documentFormat': '.pdf', 'documentContentSize': 0}}, 'issuer': {'name': 'GovAuth', 'businessID': 20, 'AUTHID': 'ee5d73cf8f46e498653cd4fdc6593d0135f42384702cddc762894798045821a5'}, 'chid': '1c17cd0a8585b2b170cb1c8dc4b6943a53155be2ce74f9dfef7db1412c0fe89b'} inserted successfully. 
2026-09-29 21:22:27,142 - INFO - HTTP Request: POST http://testserver/register "HTTP/1.1 201 Created"
2026-09-29 21:22:27,143 - DEBUG - Using proactor: IocpProactor
2026-09-29 21:22:27,152 - INFO - HTTP Request: POST http://testserver/check "HTTP/1.1 200 OK"
2026-09-29 21:22:27,211 - INFO - [Chain Validation] Initializing the chain validator.
2026-09-29 21:22:27,214 - INFO - [Miner]Mining block 0...
2026-09-29 21:22:27,471 - INFO - [Miner] Block 0 mined after 36254 attempts. Nonce: 36254
2026-09-29 21:22:27,471 - WARNING - [Chain Validation] Cannot validate. The ledger is empty.
2026-09-29 21:22:27,473 - INFO - Block with CHID {'user': {'name': 'Gensis-Block', 'nationalNumber': 0, 'phone': 0, 'age': 0, 'email': 'gensis@blockchain.io', 'birth': '', 'HID': '86b9cfefa3624e99ed49d4b95a65292e3ae59d1acc02e31aa391003979282fe0'}, 'credential': {'image': '', 'credentialID': 0, 'CID': 'be73143655a54956d57ca963bfd4e8437ee884b7a022d790d98afcd91066c65b', 'metadata': {'documentTitle': None, 'documentType': None, 'documentFormat': '.pdf', 'documentContentSize': 0}}, 'issuer': {'name': '', 'businessID': 0, 'AUTHID': '4930fe69eb193324e64c25a851e6c18f3b53657dfcda11c817fc34c450ff953d'}, 'chid': '57a5fa2eabd461db6913d2f6da58ef6fa9222530e0194e0334b3a1d22019344d'} inserted successfully. 
2026-09-29 21:22:27,602 - INFO - [Block Validation] Validatiing the block 0.
2026-09-29 21:22:27,603 - INFO - [Block Validation] The block 0 is valid.
2026-09-29 21:22:27,603 - INFO - [Chain Validation] Chain is valid.
2026-09-29 21:22:27,625 - DEBUG - Using proactor: IocpProactor
2026-09-29 21:22:27,643 - INFO - [Miner]Mining block 1...
2026-09-29 21:22:27,773 - INFO - [Miner] Block 1 mined after 22782 attempts. Nonce: 22782
2026-09-29 21:22:27,774 - INFO - [Block Validation] Validatiing the block 0.
2026-09-29 21:22:27,774 - INFO - [Block Validation] The block 0 is valid.
2026-09-29 21:22:27,774 - INFO - [Chain Validation] Chain is valid.
2026-09-29 21:22:27,776 - INFO - Block with CHID {'user': {'name': 'Dave', 'nationalNumber': 3003, 'phone': 1, 'age': 30, 'email': 'a@x.com', 'birth': '1995-01-01', 'HID': '927d2a5553a16a35860e8bc661b28e50ee334e4a6c4e28c6f0a80b4d57d53ec7'}, 'credential': {'image': '2470776384e59a9a4514de2da244f4e81434a2d424eddeccf791f60831f70ab7', 'credentialID': 30, 'CID': 'eec779c315baa434305cb7570e3bde956f1a45550c379cf851d13436a9480bd8', 'metadata': {'documentTitle': None, 'documentType': None, 'documentFormat': '.pdf', 'documentContentSize': 0}}, 'issuer': {'name': 'AuthX', 'businessID': 300, 'AUTHID': 'cd8cbefe099dfc49b8d17469a059d32b2b7c9bec598cb0456121911fe71d4a04'}, 'chid': 'adf2732ef578e060e240716007d10e6f63dd66b4874f7101846bba84fdf435c3'} inserted successfully. 
2026-09-29 21:22:27,779 - INFO - HTTP Request: POST http://testserver/register "HTTP/1.1 201 Created"
2026-09-29 21:22:27,781 - DEBUG - Using proactor: IocpProactor
2026-09-29 21:22:27,786 - INFO - [Miner]Mining block 2...
2026-09-29 21:22:28,037 - INFO - [Miner] Block 2 mined after 40999 attempts. Nonce: 40999
2026-09-29 21:22:28,038 - INFO - [Block Validation] Validatiing the block 0.
2026-09-29 21:22:28,038 - INFO - [Block Validation] The block 0 is valid.
2026-09-29 21:22:28,039 - INFO - [Block Validation] Validatiing the block 1.
2026-09-29 21:22:28,039 - INFO - [Block Validation] The block 1 is valid.
2026-09-29 21:22:28,039 - INFO - [Chain Validation] Chain is valid.
2026-09-29 21:22:28,041 - INFO - Block with CHID {'user': {'name': 'Eve', 'nationalNumber': 3004, 'phone': 1, 'age': 30, 'email': 'a@x.com', 'birth': '1995-01-01', 'HID': '2b4f4fefe5b386a0dbdca495830d1f95c47e1f8e5464d2cd7f7a884bbebae2f6'}, 'credential': {'image': '3e824c67993000a7870e29008843ede086ece3c0fef118276b7127fac6a67181', 'credentialID': 31, 'CID': '324f4f90ecbb7a9f611886ee30fa9459bd163706c05804aba0532cd6997c83a2', 'metadata': {'documentTitle': None, 'documentType': None, 'documentFormat': '.pdf', 'documentContentSize': 0}}, 'issuer': {'name': 'AuthY', 'businessID': 301, 'AUTHID': 'cc36aa22367b078b4b8d44d7b466c78824abda384dacaacbe6f825b6c95ef264'}, 'chid': '02e614f85cf3aeef1c79e03e0865fed93b088ac7d135685e567255f21ea3e20f'} inserted successfully. 
2026-09-29 21:22:28,043 - INFO - HTTP Request: POST http://testserver/register "HTTP/1.1 201 Created"
2026-09-29 21:22:28,045 - DEBUG - Using proactor: IocpProactor
2026-09-29 21:22:28,053 - INFO - HTTP Request: POST http://testserver/check "HTTP/1.1 200 OK"
2026-09-29 21:22:28,062 - INFO - [Chain Validation] Initializing the chain validator.
2026-09-29 21:22:28,064 - INFO - [Miner]Mining block 0...
2026-09-29 21:22:28,294 - INFO - [Miner] Block 0 mined after 36254 attempts. Nonce: 36254
2026-09-29 21:22:28,294 - WARNING - [Chain Validation] Cannot validate. The ledger is empty.
2026-09-29 21:22:28,295 - INFO - Block with CHID {'user': {'name': 'Gensis-Block', 'nationalNumber': 0, 'phone': 0, 'age': 0, 'email': 'gensis@blockchain.io', 'birth': '', 'HID': '86b9cfefa3624e99ed49d4b95a65292e3ae59d1acc02e31aa391003979282fe0'}, 'credential': {'image': '', 'credentialID': 0, 'CID': 'be73143655a54956d57ca963bfd4e8437ee884b7a022d790d98afcd91066c65b', 'metadata': {'documentTitle': None, 'documentType': None, 'documentFormat': '.pdf', 'documentContentSize': 0}}, 'issuer': {'name': '', 'businessID': 0, 'AUTHID': '4930fe69eb193324e64c25a851e6c18f3b53657dfcda11c817fc34c450ff953d'}, 'chid': '57a5fa2eabd461db6913d2f6da58ef6fa9222530e0194e0334b3a1d22019344d'} inserted successfully. 
2026-09-29 21:22:28,316 - INFO - [Block Validation] Validatiing the block 0.
2026-09-29 21:22:28,316 - INFO - [Block Validation] The block 0 is valid.
2026-09-29 21:22:28,317 - INFO - [Chain Validation] Chain is valid.
2026-09-29 21:22:28,340 - DEBUG - Using proactor: IocpProactor
2026-09-29 21:22:28,361 - INFO - HTTP Request: POST http://testserver/check "HTTP/1.1 200 OK"
2026-09-29 21:22:28,369 - INFO - [Chain Validation] Initializing the chain validator.
2026-09-29 21:22:28,371 - INFO - [Miner]Mining block 0...
2026-09-29 21:22:28,560 - INFO - [Miner] Block 0 mined after 36254 attempts. Nonce: 36254
2026-09-29 21:22:28,560 - WARNING - [Chain Validation] Cannot validate. The ledger is empty.
2026-09-29 21:22:28,561 - INFO - Block with CHID {'user': {'name': 'Gensis-Block', 'nationalNumber': 0, 'phone': 0, 'age': 0, 'email': 'gensis@blockchain.io', 'birth': '', 'HID': '86b9cfefa3624e99ed49d4b95a65292e3ae59d1acc02e31aa391003979282fe0'}, 'credential': {'image': '', 'credentialID': 0, 'CID': 'be73143655a54956d57ca963bfd4e8437ee884b7a022d790d98afcd91066c65b', 'metadata': {'documentTitle': None, 'documentType': None, 'documentFormat': '.pdf', 'documentContentSize': 0}}, 'issuer': {'name': '', 'businessID': 0, 'AUTHID': '4930fe69eb193324e64c25a851e6c18f3b53657dfcda11c817fc34c450ff953d'}, 'chid': '57a5fa2eabd461db6913d2f6da58ef6fa9222530e0194e0334b3a1d22019344d'} inserted successfully. 
2026-09-29 21:22:28,582 - INFO - [Block Validation] Validatiing the block 0.
2026-09-29 21:22:28,582 - INFO - [Block Validation] The block 0 is valid.
2026-09-29 21:22:28,582 - INFO - [Chain Validation] Chain is valid.
2026-09-29 21:22:28,602 - DEBUG - Using proactor: IocpProactor
2026-09-29 21:22:28,617 - INFO - [Miner]Mining block 1...
2026-09-29 21:22:29,389 - INFO - [Miner] Block 1 mined after 122877 attempts. Nonce: 122877
2026-09-29 21:22:29,389 - INFO - [Block Validation] Validatiing the block 0.
2026-09-29 21:22:29,390 - INFO - [Block Validation] The block 0 is valid.
2026-09-29 21:22:29,390 - INFO - [Chain Validation] Chain is valid.
2026-09-29 21:22:29,391 - INFO - Block with CHID {'user': {'name': 'Frank', 'nationalNumber': 4004, 'phone': 1, 'age': 30, 'email': 'a@x.com', 'birth': '1995-01-01', 'HID': '71150f88955a186236df50d19a93b1ed04931756a7dc2f0555b5c95386604501'}, 'credential': {'image': 'ee4bef504b7df1c8404e8c37373631e3f2ecf5c63a790504b96e56d89985728c', 'credentialID': 40, 'CID': '49f0df665df0b534f308ab4e705ca422c3295da398ce044a8d9b3df011fda6d2', 'metadata': {'documentTitle': None, 'documentType': None, 'documentFormat': '.pdf', 'documentContentSize': 0}}, 'issuer': {'name': 'AuthZ', 'businessID': 400, 'AUTHID': '98fb8368e0c7e807afce4408c4cfeed1068c7088684cbf95580e3b91831dab96'}, 'chid': 'a180109392b2ac22ba24ffb93bdc7777907fa1a072982eaefd239fc86212c685'} inserted successfully. 
2026-09-29 21:22:29,394 - INFO - HTTP Request: POST http://testserver/register "HTTP/1.1 201 Created"
2026-09-29 21:22:29,396 - DEBUG - Using proactor: IocpProactor
2026-09-29 21:22:29,413 - INFO - HTTP Request: GET http://testserver/chain "HTTP/1.1 200 OK"
2026-09-29 21:22:29,422 - INFO - [Chain Validation] Initializing the chain validator.
2026-09-29 21:22:29,424 - INFO - [Miner]Mining block 0...
2026-09-29 21:22:29,637 - INFO - [Miner] Block 0 mined after 36254 attempts. Nonce: 36254
2026-09-29 21:22:29,638 - WARNING - [Chain Validation] Cannot validate. The ledger is empty.
2026-09-29 21:22:29,639 - INFO - Block with CHID {'user': {'name': 'Gensis-Block', 'nationalNumber': 0, 'phone': 0, 'age': 0, 'email': 'gensis@blockchain.io', 'birth': '', 'HID': '86b9cfefa3624e99ed49d4b95a65292e3ae59d1acc02e31aa391003979282fe0'}, 'credential': {'image': '', 'credentialID': 0, 'CID': 'be73143655a54956d57ca963bfd4e8437ee884b7a022d790d98afcd91066c65b', 'metadata': {'documentTitle': None, 'documentType': None, 'documentFormat': '.pdf', 'documentContentSize': 0}}, 'issuer': {'name': '', 'businessID': 0, 'AUTHID': '4930fe69eb193324e64c25a851e6c18f3b53657dfcda11c817fc34c450ff953d'}, 'chid': '57a5fa2eabd461db6913d2f6da58ef6fa9222530e0194e0334b3a1d22019344d'} inserted successfully. 
2026-09-29 21:22:29,662 - INFO - [Block Validation] Validatiing the block 0.
2026-09-29 21:22:29,662 - INFO - [Block Validation] The block 0 is valid.
2026-09-29 21:22:29,662 - INFO - [Chain Validation] Chain is valid.
2026-09-29 21:22:29,684 - DEBUG - Using proactor: IocpProactor
2026-09-29 21:22:29,701 - INFO - [Chain Validation] Initializing the chain validator.
2026-09-29 21:22:29,701 - INFO - [Block Validation] Validatiing the block 0.
2026-09-29 21:22:29,702 - INFO - [Block Validation] The block 0 is valid.
2026-09-29 21:22:29,702 - INFO - [Chain Validation] Chain is valid.
2026-09-29 21:22:29,705 - INFO - HTTP Request: GET http://testserver/status "HTTP/1.1 200 OK"
2026-09-29 21:22:29,717 - INFO - [Chain Validation] Initializing the chain validator.
2026-09-29 21:22:29,722 - INFO - [Miner]Mining block 0...
2026-09-29 21:22:29,990 - INFO - [Miner] Block 0 mined after 36254 attempts. Nonce: 36254
2026-09-29 21:22:29,990 - WARNING - [Chain Validation] Cannot validate. The ledger is empty.
2026-09-29 21:22:29,992 - INFO - Block with CHID {'user': {'name': 'Gensis-Block', 'nationalNumber': 0, 'phone': 0, 'age': 0, 'email': 'gensis@blockchain.io', 'birth': '', 'HID': '86b9cfefa3624e99ed49d4b95a65292e3ae59d1acc02e31aa391003979282fe0'}, 'credential': {'image': '', 'credentialID': 0, 'CID': 'be73143655a54956d57ca963bfd4e8437ee884b7a022d790d98afcd91066c65b', 'metadata': {'documentTitle': None, 'documentType': None, 'documentFormat': '.pdf', 'documentContentSize': 0}}, 'issuer': {'name': '', 'businessID': 0, 'AUTHID': '4930fe69eb193324e64c25a851e6c18f3b53657dfcda11c817fc34c450ff953d'}, 'chid': '57a5fa2eabd461db6913d2f6da58ef6fa9222530e0194e0334b3a1d22019344d'} inserted successfully. 
2026-09-29 21:22:30,025 - INFO - [Block Validation] Validatiing the block 0.
2026-09-29 21:22:30,026 - INFO - [Block Validation] The block 0 is valid.
2026-09-29 21:22:30,026 - INFO - [Chain Validation] Chain is valid.
2026-09-29 21:22:30,028 - INFO - [Miner]Mining block 1...
2026-09-29 21:22:31,260 - INFO - [Miner] Block 1 mined after 263556 attempts. Nonce: 263556
2026-09-29 21:22:31,260 - INFO - [Block Validation] Validatiing the block 0.
2026-09-29 21:22:31,260 - INFO - [Block Validation] The block 0 is valid.
2026-09-29 21:22:31,260 - INFO - [Chain Validation] Chain is valid.
2026-09-29 21:22:31,261 - INFO - Block with CHID {'user': {'name': 'Test', 'nationalNumber': 1, 'phone': 1, 'age': 20, 'email': 'test@bc.io', 'birth': '', 'HID': 'c81ee803e0b4d22ec53f3c9570d7d3aeb35b4c08f621b6ae8aec5c2acbd04cfc'}, 'credential': {'image': '', 'credentialID': 1, 'CID': '7f384ef9d1d01fb1be4b80cbab80e5a4fc6f7ba72faf78fe5db2bc1eb24ada5b', 'metadata': {'documentTitle': None, 'documentType': None, 'documentFormat': '.pdf', 'documentContentSize': 0}}, 'issuer': {'name': 'TestAuth', 'businessID': 1, 'AUTHID': '23a42193fc0960eeefa88e280cdd06ac4474aec773e1e92c69621cba17a57884'}, 'chid': 'b37b57b87e34551147466414755e88cf3d0bdd84a680ed5950eb367730d278c1'} inserted successfully. 
2026-09-29 21:22:31,266 - INFO - [Chain Validation] Initializing the chain validator.
2026-09-29 21:22:31,267 - INFO - [Miner]Mining block 0...
2026-09-29 21:22:31,452 - INFO - [Miner] Block 0 mined after 36254 attempts. Nonce: 36254
2026-09-29 21:22:31,453 - WARNING - [Chain Validation] Cannot validate. The ledger is empty.
2026-09-29 21:22:31,454 - INFO - Block with CHID {'user': {'name': 'Gensis-Block', 'nationalNumber': 0, 'phone': 0, 'age': 0, 'email': 'gensis@blockchain.io', 'birth': '', 'HID': '86b9cfefa3624e99ed49d4b95a65292e3ae59d1acc02e31aa391003979282fe0'}, 'credential': {'image': '', 'credentialID': 0, 'CID': 'be73143655a54956d57ca963bfd4e8437ee884b7a022d790d98afcd91066c65b', 'metadata': {'documentTitle': None, 'documentType': None, 'documentFormat': '.pdf', 'documentContentSize': 0}}, 'issuer': {'name': '', 'businessID': 0, 'AUTHID': '4930fe69eb193324e64c25a851e6c18f3b53657dfcda11c817fc34c450ff953d'}, 'chid': '57a5fa2eabd461db6913d2f6da58ef6fa9222530e0194e0334b3a1d22019344d'} inserted successfully. 
2026-09-29 21:22:31,476 - INFO - [Block Validation] Validatiing the block 0.
2026-09-29 21:22:31,476 - INFO - [Block Validation] The block 0 is valid.
2026-09-29 21:22:31,476 - INFO - [Chain Validation] Chain is valid.
2026-09-29 21:22:31,477 - INFO - [Miner]Mining block 1...
2026-09-29 21:22:32,741 - INFO - [Miner] Block 1 mined after 263556 attempts. Nonce: 263556
2026-09-29 21:22:32,742 - INFO - [Block Validation] Validatiing the block 0.
2026-09-29 21:22:32,742 - INFO - [Block Validation] The block 0 is valid.
2026-09-29 21:22:32,742 - INFO - [Chain Validation] Chain is valid.
2026-09-29 21:22:32,744 - INFO - Block with CHID {'user': {'name': 'Test', 'nationalNumber': 1, 'phone': 1, 'age': 20, 'email': 'test@bc.io', 'birth': '', 'HID': 'c81ee803e0b4d22ec53f3c9570d7d3aeb35b4c08f621b6ae8aec5c2acbd04cfc'}, 'credential': {'image': '', 'credentialID': 1, 'CID': '7f384ef9d1d01fb1be4b80cbab80e5a4fc6f7ba72faf78fe5db2bc1eb24ada5b', 'metadata': {'documentTitle': None, 'documentType': None, 'documentFormat': '.pdf', 'documentContentSize': 0}}, 'issuer': {'name': 'TestAuth', 'businessID': 1, 'AUTHID': '23a42193fc0960eeefa88e280cdd06ac4474aec773e1e92c69621cba17a57884'}, 'chid': 'b37b57b87e34551147466414755e88cf3d0bdd84a680ed5950eb367730d278c1'} inserted successfully. 
2026-09-29 21:22:32,751 - INFO - [Chain Validation] Initializing the chain validator.
2026-09-29 21:22:32,753 - INFO - [Miner]Mining block 0...
2026-09-29 21:22:33,030 - INFO - [Miner] Block 0 mined after 36254 attempts. Nonce: 36254
2026-09-29 21:22:33,031 - WARNING - [Chain Validation] Cannot validate. The ledger is empty.
2026-09-29 21:22:33,032 - INFO - Block with CHID {'user': {'name': 'Gensis-Block', 'nationalNumber': 0, 'phone': 0, 'age': 0, 'email': 'gensis@blockchain.io', 'birth': '', 'HID': '86b9cfefa3624e99ed49d4b95a65292e3ae59d1acc02e31aa391003979282fe0'}, 'credential': {'image': '', 'credentialID': 0, 'CID': 'be73143655a54956d57ca963bfd4e8437ee884b7a022d790d98afcd91066c65b', 'metadata': {'documentTitle': None, 'documentType': None, 'documentFormat': '.pdf', 'documentContentSize': 0}}, 'issuer': {'name': '', 'businessID': 0, 'AUTHID': '4930fe69eb193324e64c25a851e6c18f3b53657dfcda11c817fc34c450ff953d'}, 'chid': '57a5fa2eabd461db6913d2f6da58ef6fa9222530e0194e0334b3a1d22019344d'} inserted successfully. 
2026-09-29 21:22:33,053 - INFO - [Block Validation] Validatiing the block 0.
2026-09-29 21:22:33,053 - INFO - [Block Validation] The block 0 is valid.
2026-09-29 21:22:33,054 - INFO - [Chain Validation] Chain is valid.
2026-09-29 21:22:33,055 - INFO - [Miner]Mining block 1...
2026-09-29 21:22:34,331 - INFO - [Miner] Block 1 mined after 263556 attempts. Nonce: 263556
2026-09-29 21:22:34,331 - INFO - [Block Validation] Validatiing the block 0.
2026-09-29 21:22:34,332 - INFO - [Block Validation] The block 0 is valid.
2026-09-29 21:22:34,332 - INFO - [Chain Validation] Chain is valid.
2026-09-29 21:22:34,333 - INFO - Block with CHID {'user': {'name': 'Test', 'nationalNumber': 1, 'phone': 1, 'age': 20, 'email': 'test@bc.io', 'birth': '', 'HID': 'c81ee803e0b4d22ec53f3c9570d7d3aeb35b4c08f621b6ae8aec5c2acbd04cfc'}, 'credential': {'image': '', 'credentialID': 1, 'CID': '7f384ef9d1d01fb1be4b80cbab80e5a4fc6f7ba72faf78fe5db2bc1eb24ada5b', 'metadata': {'documentTitle': None, 'documentType': None, 'documentFormat': '.pdf', 'documentContentSize': 0}}, 'issuer': {'name': 'TestAuth', 'businessID': 1, 'AUTHID': '23a42193fc0960eeefa88e280cdd06ac4474aec773e1e92c69621cba17a57884'}, 'chid': 'b37b57b87e34551147466414755e88cf3d0bdd84a680ed5950eb367730d278c1'} inserted successfully. 
2026-09-29 21:22:34,337 - INFO - [Chain Validation] Initializing the chain validator.
2026-09-29 21:22:34,338 - INFO - [Miner]Mining block 0...
2026-09-29 21:22:34,561 - INFO - [Miner] Block 0 mined after 36254 attempts. Nonce: 36254
2026-09-29 21:22:34,561 - WARNING - [Chain Validation] Cannot validate. The ledger is empty.
2026-09-29 21:22:34,563 - INFO - Block with CHID {'user': {'name': 'Gensis-Block', 'nationalNumber': 0, 'phone': 0, 'age': 0, 'email': 'gensis@blockchain.io', 'birth': '', 'HID': '86b9cfefa3624e99ed49d4b95a65292e3ae59d1acc02e31aa391003979282fe0'}, 'credential': {'image': '', 'credentialID': 0, 'CID': 'be73143655a54956d57ca963bfd4e8437ee884b7a022d790d98afcd91066c65b', 'metadata': {'documentTitle': None, 'documentType': None, 'documentFormat': '.pdf', 'documentContentSize': 0}}, 'issuer': {'name': '', 'businessID': 0, 'AUTHID': '4930fe69eb193324e64c25a851e6c18f3b53657dfcda11c817fc34c450ff953d'}, 'chid': '57a5fa2eabd461db6913d2f6da58ef6fa9222530e0194e0334b3a1d22019344d'} inserted successfully. 
2026-09-29 21:22:34,588 - INFO - [Block Validation] Validatiing the block 0.
2026-09-29 21:22:34,589 - INFO - [Block Validation] The block 0 is valid.
2026-09-29 21:22:34,589 - INFO - [Chain Validation] Chain is valid.
2026-09-29 21:22:34,590 - INFO - [Miner]Mining block 1...
2026-09-29 21:22:35,741 - INFO - [Miner] Block 1 mined after 263556 attempts. Nonce: 263556
2026-09-29 21:22:35,742 - INFO - [Block Validation] Validatiing the block 0.
2026-09-29 21:22:35,742 - INFO - [Block Validation] The block 0 is valid.
2026-09-29 21:22:35,742 - INFO - [Chain Validation] Chain is valid.
2026-09-29 21:22:35,744 - INFO - Block with CHID {'user': {'name': 'Test', 'nationalNumber': 1, 'phone': 1, 'age': 20, 'email': 'test@bc.io', 'birth': '', 'HID': 'c81ee803e0b4d22ec53f3c9570d7d3aeb35b4c08f621b6ae8aec5c2acbd04cfc'}, 'credential': {'image': '', 'credentialID': 1, 'CID': '7f384ef9d1d01fb1be4b80cbab80e5a4fc6f7ba72faf78fe5db2bc1eb24ada5b', 'metadata': {'documentTitle': None, 'documentType': None, 'documentFormat': '.pdf', 'documentContentSize': 0}}, 'issuer': {'name': 'TestAuth', 'businessID': 1, 'AUTHID': '23a42193fc0960eeefa88e280cdd06ac4474aec773e1e92c69621cba17a57884'}, 'chid': 'b37b57b87e34551147466414755e88cf3d0bdd84a680ed5950eb367730d278c1'} inserted successfully. 
2026-09-29 21:22:35,753 - INFO - [Chain Validation] Initializing the chain validator.
2026-09-29 21:22:35,755 - INFO - [Miner]Mining block 0...
2026-09-29 21:22:35,954 - INFO - [Miner] Block 0 mined after 36254 attempts. Nonce: 36254
2026-09-29 21:22:35,955 - WARNING - [Chain Validation] Cannot validate. The ledger is empty.
2026-09-29 21:22:35,956 - INFO - Block with CHID {'user': {'name': 'Gensis-Block', 'nationalNumber': 0, 'phone': 0, 'age': 0, 'email': 'gensis@blockchain.io', 'birth': '', 'HID': '86b9cfefa3624e99ed49d4b95a65292e3ae59d1acc02e31aa391003979282fe0'}, 'credential': {'image': '', 'credentialID': 0, 'CID': 'be73143655a54956d57ca963bfd4e8437ee884b7a022d790d98afcd91066c65b', 'metadata': {'documentTitle': None, 'documentType': None, 'documentFormat': '.pdf', 'documentContentSize': 0}}, 'issuer': {'name': '', 'businessID': 0, 'AUTHID': '4930fe69eb193324e64c25a851e6c18f3b53657dfcda11c817fc34c450ff953d'}, 'chid': '57a5fa2eabd461db6913d2f6da58ef6fa9222530e0194e0334b3a1d22019344d'} inserted successfully. 
2026-09-29 21:22:35,976 - INFO - [Block Validation] Validatiing the block 0.
2026-09-29 21:22:35,976 - INFO - [Block Validation] The block 0 is valid.
2026-09-29 21:22:35,977 - INFO - [Chain Validation] Chain is valid.
2026-09-29 21:22:35,978 - INFO - [Miner]Mining block 1...
2026-09-29 21:22:37,094 - INFO - [Miner] Block 1 mined after 263556 attempts. Nonce: 263556
2026-09-29 21:22:37,095 - INFO - [Block Validation] Validatiing the block 0.
2026-09-29 21:22:37,095 - INFO - [Block Validation] The block 0 is valid.
2026-09-29 21:22:37,095 - INFO - [Chain Validation] Chain is valid.
2026-09-29 21:22:37,096 - INFO - Block with CHID {'user': {'name': 'Test', 'nationalNumber': 1, 'phone': 1, 'age': 20, 'email': 'test@bc.io', 'birth': '', 'HID': 'c81ee803e0b4d22ec53f3c9570d7d3aeb35b4c08f621b6ae8aec5c2acbd04cfc'}, 'credential': {'image': '', 'credentialID': 1, 'CID': '7f384ef9d1d01fb1be4b80cbab80e5a4fc6f7ba72faf78fe5db2bc1eb24ada5b', 'metadata': {'documentTitle': None, 'documentType': None, 'documentFormat': '.pdf', 'documentContentSize': 0}}, 'issuer': {'name': 'TestAuth', 'businessID': 1, 'AUTHID': '23a42193fc0960eeefa88e280cdd06ac4474aec773e1e92c69621cba17a57884'}, 'chid': 'b37b57b87e34551147466414755e88cf3d0bdd84a680ed5950eb367730d278c1'} inserted successfully. 
2026-09-29 21:22:37,102 - INFO - [Chain Validation] Initializing the chain validator.
2026-09-29 21:22:37,103 - INFO - [Miner]Mining block 0...
2026-09-29 21:22:37,578 - INFO - [Miner] Block 0 mined after 36254 attempts. Nonce: 36254
2026-09-29 21:22:37,578 - WARNING - [Chain Validation] Cannot validate. The ledger is empty.
2026-09-29 21:22:37,580 - INFO - Block with CHID {'user': {'name': 'Gensis-Block', 'nationalNumber': 0, 'phone': 0, 'age': 0, 'email': 'gensis@blockchain.io', 'birth': '', 'HID': '86b9cfefa3624e99ed49d4b95a65292e3ae59d1acc02e31aa391003979282fe0'}, 'credential': {'image': '', 'credentialID': 0, 'CID': 'be73143655a54956d57ca963bfd4e8437ee884b7a022d790d98afcd91066c65b', 'metadata': {'documentTitle': None, 'documentType': None, 'documentFormat': '.pdf', 'documentContentSize': 0}}, 'issuer': {'name': '', 'businessID': 0, 'AUTHID': '4930fe69eb193324e64c25a851e6c18f3b53657dfcda11c817fc34c450ff953d'}, 'chid': '57a5fa2eabd461db6913d2f6da58ef6fa9222530e0194e0334b3a1d22019344d'} inserted successfully. 
2026-09-29 21:22:37,608 - INFO - [Block Validation] Validatiing the block 0.
2026-09-29 21:22:37,609 - INFO - [Block Validation] The block 0 is valid.
2026-09-29 21:22:37,609 - INFO - [Chain Validation] Chain is valid.
2026-09-29 21:22:37,610 - INFO - [Miner]Mining block 1...
2026-09-29 21:22:41,038 - INFO - [Miner] Block 1 mined after 263556 attempts. Nonce: 263556
2026-09-29 21:22:41,039 - INFO - [Block Validation] Validatiing the block 1.
2026-09-29 21:22:41,039 - INFO - [Block Validation] The block 1 is valid.
2026-09-29 21:22:41,039 - INFO - [Block Validation] Validatiing the block 0.
2026-09-29 21:22:41,039 - INFO - [Block Validation] The block 0 is valid.
2026-09-29 21:22:41,039 - INFO - [Chain Validation] Chain is valid.
2026-09-29 21:22:41,040 - INFO - Block with CHID {'user': {'name': 'Test', 'nationalNumber': 1, 'phone': 1, 'age': 20, 'email': 'test@bc.io', 'birth': '', 'HID': 'c81ee803e0b4d22ec53f3c9570d7d3aeb35b4c08f621b6ae8aec5c2acbd04cfc'}, 'credential': {'image': '', 'credentialID': 1, 'CID': '7f384ef9d1d01fb1be4b80cbab80e5a4fc6f7ba72faf78fe5db2bc1eb24ada5b', 'metadata': {'documentTitle': None, 'documentType': None, 'documentFormat': '.pdf', 'documentContentSize': 0}}, 'issuer': {'name': 'TestAuth', 'businessID': 1, 'AUTHID': '23a42193fc0960eeefa88e280cdd06ac4474aec773e1e92c69621cba17a57884'}, 'chid': 'b37b57b87e34551147466414755e88cf3d0bdd84a680ed5950eb367730d278c1'} inserted successfully. 
2026-09-29 21:22:41,041 - INFO - [Block Validation] Received block 1 inserted.
2026-09-29 21:22:41,046 - INFO - [Chain Validation] Initializing the chain validator.
2026-09-29 21:22:41,048 - INFO - [Miner]Mining block 0...
2026-09-29 21:22:41,506 - INFO - [Miner] Block 0 mined after 36254 attempts. Nonce: 36254
2026-09-29 21:22:41,507 - WARNING - [Chain Validation] Cannot validate. The ledger is empty.
2026-09-29 21:22:41,508 - INFO - Block with CHID {'user': {'name': 'Gensis-Block', 'nationalNumber': 0, 'phone': 0, 'age': 0, 'email': 'gensis@blockchain.io', 'birth': '', 'HID': '86b9cfefa3624e99ed49d4b95a65292e3ae59d1acc02e31aa391003979282fe0'}, 'credential': {'image': '', 'credentialID': 0, 'CID': 'be73143655a54956d57ca963bfd4e8437ee884b7a022d790d98afcd91066c65b', 'metadata': {'documentTitle': None, 'documentType': None, 'documentFormat': '.pdf', 'documentContentSize': 0}}, 'issuer': {'name': '', 'businessID': 0, 'AUTHID': '4930fe69eb193324e64c25a851e6c18f3b53657dfcda11c817fc34c450ff953d'}, 'chid': '57a5fa2eabd461db6913d2f6da58ef6fa9222530e0194e0334b3a1d22019344d'} inserted successfully. 
2026-09-29 21:22:41,532 - INFO - [Block Validation] Validatiing the block 0.
2026-09-29 21:22:41,532 - INFO - [Block Validation] The block 0 is valid.
2026-09-29 21:22:41,533 - INFO - [Chain Validation] Chain is valid.
2026-09-29 21:22:41,534 - INFO - [Miner]Mining block 1...
2026-09-29 21:22:42,042 - INFO - [Miner] Block 1 mined after 37235 attempts. Nonce: 37235
2026-09-29 21:22:42,043 - INFO - [Block Validation] Validatiing the block 1.
2026-09-29 21:22:42,043 - WARNING - [Block Validation] The block 1 has an invalid previous hash !, expected: 00007b5208be, got: ffffffffffff
2026-09-29 21:22:42,051 - INFO - [Chain Validation] Initializing the chain validator.
2026-09-29 21:22:42,053 - INFO - [Miner]Mining block 0...
2026-09-29 21:22:42,293 - INFO - [Miner] Block 0 mined after 36254 attempts. Nonce: 36254
2026-09-29 21:22:42,293 - WARNING - [Chain Validation] Cannot validate. The ledger is empty.
2026-09-29 21:22:42,294 - INFO - Block with CHID {'user': {'name': 'Gensis-Block', 'nationalNumber': 0, 'phone': 0, 'age': 0, 'email': 'gensis@blockchain.io', 'birth': '', 'HID': '86b9cfefa3624e99ed49d4b95a65292e3ae59d1acc02e31aa391003979282fe0'}, 'credential': {'image': '', 'credentialID': 0, 'CID': 'be73143655a54956d57ca963bfd4e8437ee884b7a022d790d98afcd91066c65b', 'metadata': {'documentTitle': None, 'documentType': None, 'documentFormat': '.pdf', 'documentContentSize': 0}}, 'issuer': {'name': '', 'businessID': 0, 'AUTHID': '4930fe69eb193324e64c25a851e6c18f3b53657dfcda11c817fc34c450ff953d'}, 'chid': '57a5fa2eabd461db6913d2f6da58ef6fa9222530e0194e0334b3a1d22019344d'} inserted successfully. 
2026-09-29 21:22:42,319 - INFO - [Block Validation] Validatiing the block 0.
2026-09-29 21:22:42,319 - INFO - [Block Validation] The block 0 is valid.
2026-09-29 21:22:42,319 - INFO - [Chain Validation] Chain is valid.
2026-09-29 21:22:42,321 - INFO - [Miner]Mining block 1...
2026-09-29 21:22:43,533 - INFO - [Miner] Block 1 mined after 263556 attempts. Nonce: 263556
2026-09-29 21:22:43,533 - INFO - [Block Validation] Validatiing the block 1.
2026-09-29 21:22:43,533 - INFO - [Block Validation] The block 1 is valid.
2026-09-29 21:22:43,534 - INFO - [Block Validation] Validatiing the block 0.
2026-09-29 21:22:43,534 - INFO - [Block Validation] The block 0 is valid.
2026-09-29 21:22:43,534 - INFO - [Chain Validation] Chain is valid.
2026-09-29 21:22:43,535 - INFO - Block with CHID {'user': {'name': 'Test', 'nationalNumber': 1, 'phone': 1, 'age': 20, 'email': 'test@bc.io', 'birth': '', 'HID': 'c81ee803e0b4d22ec53f3c9570d7d3aeb35b4c08f621b6ae8aec5c2acbd04cfc'}, 'credential': {'image': '', 'credentialID': 1, 'CID': '7f384ef9d1d01fb1be4b80cbab80e5a4fc6f7ba72faf78fe5db2bc1eb24ada5b', 'metadata': {'documentTitle': None, 'documentType': None, 'documentFormat': '.pdf', 'documentContentSize': 0}}, 'issuer': {'name': 'TestAuth', 'businessID': 1, 'AUTHID': '23a42193fc0960eeefa88e280cdd06ac4474aec773e1e92c69621cba17a57884'}, 'chid': 'b37b57b87e34551147466414755e88cf3d0bdd84a680ed5950eb367730d278c1'} inserted successfully. 
2026-09-29 21:22:43,535 - INFO - [Block Validation] Received block 1 inserted.
2026-09-29 21:22:43,541 - INFO - [Chain Validation] Initializing the chain validator.
2026-09-29 21:22:43,542 - INFO - [Miner]Mining block 0...
2026-09-29 21:22:44,072 - INFO - [Miner] Block 0 mined after 36254 attempts. Nonce: 36254
2026-09-29 21:22:44,072 - WARNING - [Chain Validation] Cannot validate. The ledger is empty.
2026-09-29 21:22:44,074 - INFO - Block with CHID {'user': {'name': 'Gensis-Block', 'nationalNumber': 0, 'phone': 0, 'age': 0, 'email': 'gensis@blockchain.io', 'birth': '', 'HID': '86b9cfefa3624e99ed49d4b95a65292e3ae59d1acc02e31aa391003979282fe0'}, 'credential': {'image': '', 'credentialID': 0, 'CID': 'be73143655a54956d57ca963bfd4e8437ee884b7a022d790d98afcd91066c65b', 'metadata': {'documentTitle': None, 'documentType': None, 'documentFormat': '.pdf', 'documentContentSize': 0}}, 'issuer': {'name': '', 'businessID': 0, 'AUTHID': '4930fe69eb193324e64c25a851e6c18f3b53657dfcda11c817fc34c450ff953d'}, 'chid': '57a5fa2eabd461db6913d2f6da58ef6fa9222530e0194e0334b3a1d22019344d'} inserted successfully. 
2026-09-29 21:22:44,095 - INFO - [Block Validation] Validatiing the block 0.
2026-09-29 21:22:44,095 - INFO - [Block Validation] The block 0 is valid.
2026-09-29 21:22:44,095 - INFO - [Chain Validation] Chain is valid.
2026-09-29 21:22:44,097 - INFO - [Miner]Mining block 1...
2026-09-29 21:22:47,375 - INFO - [Miner] Block 1 mined after 263556 attempts. Nonce: 263556
2026-09-29 21:22:47,377 - INFO - [Block Validation] Validatiing the block 1.
2026-09-29 21:22:47,377 - INFO - [Block Validation] Validatiing the block 1.
2026-09-29 21:22:47,377 - INFO - [Block Validation] The block 1 is valid.
2026-09-29 21:22:47,378 - INFO - [Block Validation] Validatiing the block 0.
2026-09-29 21:22:47,378 - INFO - [Block Validation] The block 0 is valid.
2026-09-29 21:22:47,378 - INFO - [Chain Validation] Chain is valid.
2026-09-29 21:22:47,378 - INFO - [Block Validation] The block 1 is valid.
2026-09-29 21:22:47,379 - INFO - Block with CHID {'user': {'name': 'Test', 'nationalNumber': 1, 'phone': 1, 'age': 20, 'email': 'test@bc.io', 'birth': '', 'HID': 'c81ee803e0b4d22ec53f3c9570d7d3aeb35b4c08f621b6ae8aec5c2acbd04cfc'}, 'credential': {'image': '', 'credentialID': 1, 'CID': '7f384ef9d1d01fb1be4b80cbab80e5a4fc6f7ba72faf78fe5db2bc1eb24ada5b', 'metadata': {'documentTitle': None, 'documentType': None, 'documentFormat': '.pdf', 'documentContentSize': 0}}, 'issuer': {'name': 'TestAuth', 'businessID': 1, 'AUTHID': '23a42193fc0960eeefa88e280cdd06ac4474aec773e1e92c69621cba17a57884'}, 'chid': 'b37b57b87e34551147466414755e88cf3d0bdd84a680ed5950eb367730d278c1'} inserted successfully. 
2026-09-29 21:22:47,379 - INFO - [Block Validation] Received block 1 inserted.
2026-09-29 21:22:47,380 - WARNING - [Ledger] Block with CHID b37b57b87e34551147466414755e88cf3d0bdd84a680ed5950eb367730d278c1 already exists; refusing duplicate insert.
2026-09-29 21:22:47,383 - INFO - [Block Validation] Validatiing the block 0.
2026-09-29 21:22:47,384 - WARNING - [Block Validation] The block 0 is nor mined !
2026-09-29 21:22:47,386 - INFO - [Miner]Mining block 0...
2026-09-29 21:22:48,285 - INFO - [Miner] Block 0 mined after 178682 attempts. Nonce: 178682
2026-09-29 21:22:48,286 - INFO - [Block Validation] Validatiing the block 0.
2026-09-29 21:22:48,286 - INFO - [Block Validation] The block 0 is valid.
2026-09-29 21:22:48,288 - INFO - [Miner]Mining block 0...
2026-09-29 21:22:49,249 - INFO - [Miner] Block 0 mined after 178682 attempts. Nonce: 178682
2026-09-29 21:22:49,250 - INFO - [Block Validation] Validatiing the block 0.
2026-09-29 21:22:49,250 - INFO - [Block Validation] The block 0 is valid.
2026-09-29 21:22:49,252 - INFO - [Miner]Mining block 0...
2026-09-29 21:22:50,085 - INFO - [Miner] Block 0 mined after 178682 attempts. Nonce: 178682
2026-09-29 21:22:50,086 - INFO - [Block Validation] Validatiing the block 0.
2026-09-29 21:22:50,087 - WARNING - [Block Validation] The block 0 has an invalid previous hash !, expected: wrongwrongwr, got: 
2026-09-29 21:22:50,091 - INFO - [Miner]Mining block 0...
2026-09-29 21:22:50,952 - INFO - [Miner] Block 0 mined after 178682 attempts. Nonce: 178682
2026-09-29 21:22:50,953 - INFO - [Block Validation] Validatiing the block 999.
2026-09-29 21:22:50,953 - WARNING - [Block Validation] The block 999 is modified !
2026-09-29 21:22:51,000 - INFO - [Chain Validation] Initializing the chain validator.
2026-09-29 21:22:51,005 - INFO - [Miner]Mining block 0...
2026-09-29 21:22:51,260 - INFO - [Miner] Block 0 mined after 36254 attempts. Nonce: 36254
2026-09-29 21:22:51,261 - WARNING - [Chain Validation] Cannot validate. The ledger is empty.
2026-09-29 21:22:51,261 - INFO - Block with CHID {'user': {'name': 'Gensis-Block', 'nationalNumber': 0, 'phone': 0, 'age': 0, 'email': 'gensis@blockchain.io', 'birth': '', 'HID': '86b9cfefa3624e99ed49d4b95a65292e3ae59d1acc02e31aa391003979282fe0'}, 'credential': {'image': '', 'credentialID': 0, 'CID': 'be73143655a54956d57ca963bfd4e8437ee884b7a022d790d98afcd91066c65b', 'metadata': {'documentTitle': None, 'documentType': None, 'documentFormat': '.pdf', 'documentContentSize': 0}}, 'issuer': {'name': '', 'businessID': 0, 'AUTHID': '4930fe69eb193324e64c25a851e6c18f3b53657dfcda11c817fc34c450ff953d'}, 'chid': '57a5fa2eabd461db6913d2f6da58ef6fa9222530e0194e0334b3a1d22019344d'} inserted successfully. 
2026-09-29 21:22:51,284 - INFO - [Block Validation] Validatiing the block 0.
2026-09-29 21:22:51,284 - INFO - [Block Validation] The block 0 is valid.
2026-09-29 21:22:51,285 - INFO - [Chain Validation] Chain is valid.
2026-09-29 21:22:51,293 - INFO - [Chain Validation] Initializing the chain validator.
2026-09-29 21:22:51,297 - INFO - [Miner]Mining block 0...
2026-09-29 21:22:51,547 - INFO - [Miner] Block 0 mined after 36254 attempts. Nonce: 36254
2026-09-29 21:22:51,547 - WARNING - [Chain Validation] Cannot validate. The ledger is empty.
2026-09-29 21:22:51,548 - INFO - Block with CHID {'user': {'name': 'Gensis-Block', 'nationalNumber': 0, 'phone': 0, 'age': 0, 'email': 'gensis@blockchain.io', 'birth': '', 'HID': '86b9cfefa3624e99ed49d4b95a65292e3ae59d1acc02e31aa391003979282fe0'}, 'credential': {'image': '', 'credentialID': 0, 'CID': 'be73143655a54956d57ca963bfd4e8437ee884b7a022d790d98afcd91066c65b', 'metadata': {'documentTitle': None, 'documentType': None, 'documentFormat': '.pdf', 'documentContentSize': 0}}, 'issuer': {'name': '', 'businessID': 0, 'AUTHID': '4930fe69eb193324e64c25a851e6c18f3b53657dfcda11c817fc34c450ff953d'}, 'chid': '57a5fa2eabd461db6913d2f6da58ef6fa9222530e0194e0334b3a1d22019344d'} inserted successfully. 
2026-09-29 21:22:51,572 - INFO - [Block Validation] Validatiing the block 0.
2026-09-29 21:22:51,572 - INFO - [Block Validation] The block 0 is valid.
2026-09-29 21:22:51,572 - INFO - [Chain Validation] Chain is valid.
2026-09-29 21:22:51,572 - INFO - [Chain Validation] Initializing the chain validator.
2026-09-29 21:22:51,573 - INFO - [Block Validation] Validatiing the block 0.
2026-09-29 21:22:51,573 - INFO - [Block Validation] The block 0 is valid.
2026-09-29 21:22:51,573 - INFO - [Chain Validation] Chain is valid.
2026-09-29 21:22:51,581 - INFO - [Chain Validation] Initializing the chain validator.
2026-09-29 21:22:51,583 - INFO - [Miner]Mining block 0...
2026-09-29 21:22:51,751 - INFO - [Miner] Block 0 mined after 36254 attempts. Nonce: 36254
2026-09-29 21:22:51,751 - WARNING - [Chain Validation] Cannot validate. The ledger is empty.
2026-09-29 21:22:51,753 - INFO - Block with CHID {'user': {'name': 'Gensis-Block', 'nationalNumber': 0, 'phone': 0, 'age': 0, 'email': 'gensis@blockchain.io', 'birth': '', 'HID': '86b9cfefa3624e99ed49d4b95a65292e3ae59d1acc02e31aa391003979282fe0'}, 'credential': {'image': '', 'credentialID': 0, 'CID': 'be73143655a54956d57ca963bfd4e8437ee884b7a022d790d98afcd91066c65b', 'metadata': {'documentTitle': None, 'documentType': None, 'documentFormat': '.pdf', 'documentContentSize': 0}}, 'issuer': {'name': '', 'businessID': 0, 'AUTHID': '4930fe69eb193324e64c25a851e6c18f3b53657dfcda11c817fc34c450ff953d'}, 'chid': '57a5fa2eabd461db6913d2f6da58ef6fa9222530e0194e0334b3a1d22019344d'} inserted successfully. 
2026-09-29 21:22:51,783 - INFO - [Block Validation] Validatiing the block 0.
2026-09-29 21:22:51,783 - INFO - [Block Validation] The block 0 is valid.
2026-09-29 21:22:51,783 - INFO - [Chain Validation] Chain is valid.
2026-09-29 21:22:51,794 - INFO - [Chain Validation] Initializing the chain validator.
2026-09-29 21:22:51,800 - INFO - [Miner]Mining block 0...
2026-09-29 21:22:52,072 - INFO - [Miner] Block 0 mined after 36254 attempts. Nonce: 36254
2026-09-29 21:22:52,072 - WARNING - [Chain Validation] Cannot validate. The ledger is empty.
2026-09-29 21:22:52,073 - INFO - Block with CHID {'user': {'name': 'Gensis-Block', 'nationalNumber': 0, 'phone': 0, 'age': 0, 'email': 'gensis@blockchain.io', 'birth': '', 'HID': '86b9cfefa3624e99ed49d4b95a65292e3ae59d1acc02e31aa391003979282fe0'}, 'credential': {'image': '', 'credentialID': 0, 'CID': 'be73143655a54956d57ca963bfd4e8437ee884b7a022d790d98afcd91066c65b', 'metadata': {'documentTitle': None, 'documentType': None, 'documentFormat': '.pdf', 'documentContentSize': 0}}, 'issuer': {'name': '', 'businessID': 0, 'AUTHID': '4930fe69eb193324e64c25a851e6c18f3b53657dfcda11c817fc34c450ff953d'}, 'chid': '57a5fa2eabd461db6913d2f6da58ef6fa9222530e0194e0334b3a1d22019344d'} inserted successfully. 
2026-09-29 21:22:52,099 - INFO - [Block Validation] Validatiing the block 0.
2026-09-29 21:22:52,099 - INFO - [Block Validation] The block 0 is valid.
2026-09-29 21:22:52,099 - INFO - [Chain Validation] Chain is valid.
2026-09-29 21:22:52,099 - INFO - [Chain Validation] Initializing the chain validator.
2026-09-29 21:22:52,102 - INFO - [Miner]Mining block 0...
2026-09-29 21:22:52,316 - INFO - [Miner] Block 0 mined after 36254 attempts. Nonce: 36254
2026-09-29 21:22:52,316 - WARNING - [Chain Validation] Cannot validate. The ledger is empty.
2026-09-29 21:22:52,318 - INFO - Block with CHID {'user': {'name': 'Gensis-Block', 'nationalNumber': 0, 'phone': 0, 'age': 0, 'email': 'gensis@blockchain.io', 'birth': '', 'HID': '86b9cfefa3624e99ed49d4b95a65292e3ae59d1acc02e31aa391003979282fe0'}, 'credential': {'image': '', 'credentialID': 0, 'CID': 'be73143655a54956d57ca963bfd4e8437ee884b7a022d790d98afcd91066c65b', 'metadata': {'documentTitle': None, 'documentType': None, 'documentFormat': '.pdf', 'documentContentSize': 0}}, 'issuer': {'name': '', 'businessID': 0, 'AUTHID': '4930fe69eb193324e64c25a851e6c18f3b53657dfcda11c817fc34c450ff953d'}, 'chid': '57a5fa2eabd461db6913d2f6da58ef6fa9222530e0194e0334b3a1d22019344d'} inserted successfully. 
2026-09-29 21:22:52,345 - INFO - [Block Validation] Validatiing the block 0.
2026-09-29 21:22:52,346 - INFO - [Block Validation] The block 0 is valid.
2026-09-29 21:22:52,346 - INFO - [Chain Validation] Chain is valid.
2026-09-29 21:22:52,347 - INFO - [Miner]Mining block 1...
2026-09-29 21:22:52,531 - INFO - [Miner] Block 1 mined after 39703 attempts. Nonce: 39703
2026-09-29 21:22:52,532 - INFO - [Block Validation] Validatiing the block 0.
2026-09-29 21:22:52,532 - INFO - [Block Validation] The block 0 is valid.
2026-09-29 21:22:52,532 - INFO - [Chain Validation] Chain is valid.
2026-09-29 21:22:52,533 - INFO - Block with CHID {'user': {'name': 'RemoteUser_0', 'nationalNumber': 300, 'phone': 0, 'age': 25, 'email': 'test@bc.io', 'birth': '', 'HID': 'bf64a79ede574b2a64fd0f84a9cda5276badd76d7303604b87605bc339770c2f'}, 'credential': {'image': '', 'credentialID': 0, 'CID': 'be73143655a54956d57ca963bfd4e8437ee884b7a022d790d98afcd91066c65b', 'metadata': {'documentTitle': None, 'documentType': None, 'documentFormat': '.pdf', 'documentContentSize': 0}}, 'issuer': {'name': 'RemoteAuth', 'businessID': 10, 'AUTHID': 'dd903924d058b54c4e7a011a579f1fba2d488c058364f755227119b7719b2f50'}, 'chid': '1e2d34e86e3e2fc2796f70973083097b39906b9cbb1905e04c2a140e71677ef1'} inserted successfully. 
2026-09-29 21:22:52,534 - INFO - [Miner]Mining block 2...
2026-09-29 21:22:53,214 - INFO - [Miner] Block 2 mined after 123129 attempts. Nonce: 123129
2026-09-29 21:22:53,215 - INFO - [Block Validation] Validatiing the block 0.
2026-09-29 21:22:53,215 - INFO - [Block Validation] The block 0 is valid.
2026-09-29 21:22:53,215 - INFO - [Block Validation] Validatiing the block 1.
2026-09-29 21:22:53,216 - INFO - [Block Validation] The block 1 is valid.
2026-09-29 21:22:53,216 - INFO - [Chain Validation] Chain is valid.
2026-09-29 21:22:53,217 - INFO - Block with CHID {'user': {'name': 'RemoteUser_1', 'nationalNumber': 301, 'phone': 1, 'age': 25, 'email': 'test@bc.io', 'birth': '', 'HID': '6f8002b9d3ab35a43f668a3982214606af927c0226dad0bfbebb468634b1457d'}, 'credential': {'image': '', 'credentialID': 1, 'CID': '7f384ef9d1d01fb1be4b80cbab80e5a4fc6f7ba72faf78fe5db2bc1eb24ada5b', 'metadata': {'documentTitle': None, 'documentType': None, 'documentFormat': '.pdf', 'documentContentSize': 0}}, 'issuer': {'name': 'RemoteAuth', 'businessID': 11, 'AUTHID': 'e46ada91ae961cb4c1e0541bc898693f81042728315be62f7d76d6c4da4743d6'}, 'chid': 'e5d6fb47cdb40825ad52f6418bba5ddbd8042531bcadb553815c36e58b01991e'} inserted successfully. 
2026-09-29 21:22:53,218 - INFO - [Chain Validation] Initializing the chain validator.
2026-09-29 21:22:53,218 - INFO - [Block Validation] Validatiing the block 0.
2026-09-29 21:22:53,219 - INFO - [Block Validation] The block 0 is valid.
2026-09-29 21:22:53,219 - INFO - [Block Validation] Validatiing the block 1.
2026-09-29 21:22:53,219 - INFO - [Block Validation] The block 1 is valid.
2026-09-29 21:22:53,220 - INFO - [Block Validation] Validatiing the block 2.
2026-09-29 21:22:53,220 - INFO - [Block Validation] The block 2 is valid.
2026-09-29 21:22:53,220 - INFO - [Chain Validation] Chain is valid.
2026-09-29 21:22:53,220 - INFO - [Chain Validation] Initializing the chain validator.
2026-09-29 21:22:53,220 - INFO - [Block Validation] Validatiing the block 0.
2026-09-29 21:22:53,221 - INFO - [Block Validation] The block 0 is valid.
2026-09-29 21:22:53,221 - INFO - [Block Validation] Validatiing the block 1.
2026-09-29 21:22:53,221 - INFO - [Block Validation] The block 1 is valid.
2026-09-29 21:22:53,222 - INFO - [Block Validation] Validatiing the block 2.
2026-09-29 21:22:53,222 - INFO - [Block Validation] The block 2 is valid.
2026-09-29 21:22:53,222 - INFO - [Chain Validation] Chain is valid.
2026-09-29 21:22:53,233 - INFO - [Chain Validation] Initializing the chain validator.
2026-09-29 21:22:53,235 - INFO - [Miner]Mining block 0...
2026-09-29 21:22:53,479 - INFO - [Miner] Block 0 mined after 36254 attempts. Nonce: 36254
2026-09-29 21:22:53,479 - WARNING - [Chain Validation] Cannot validate. The ledger is empty.
2026-09-29 21:22:53,480 - INFO - Block with CHID {'user': {'name': 'Gensis-Block', 'nationalNumber': 0, 'phone': 0, 'age': 0, 'email': 'gensis@blockchain.io', 'birth': '', 'HID': '86b9cfefa3624e99ed49d4b95a65292e3ae59d1acc02e31aa391003979282fe0'}, 'credential': {'image': '', 'credentialID': 0, 'CID': 'be73143655a54956d57ca963bfd4e8437ee884b7a022d790d98afcd91066c65b', 'metadata': {'documentTitle': None, 'documentType': None, 'documentFormat': '.pdf', 'documentContentSize': 0}}, 'issuer': {'name': '', 'businessID': 0, 'AUTHID': '4930fe69eb193324e64c25a851e6c18f3b53657dfcda11c817fc34c450ff953d'}, 'chid': '57a5fa2eabd461db6913d2f6da58ef6fa9222530e0194e0334b3a1d22019344d'} inserted successfully. 
2026-09-29 21:22:53,504 - INFO - [Block Validation] Validatiing the block 0.
2026-09-29 21:22:53,504 - INFO - [Block Validation] The block 0 is valid.
2026-09-29 21:22:53,504 - INFO - [Chain Validation] Chain is valid.
2026-09-29 21:22:53,505 - INFO - [Miner]Mining block 1...
2026-09-29 21:22:53,848 - INFO - [Miner] Block 1 mined after 80965 attempts. Nonce: 80965
2026-09-29 21:22:53,849 - INFO - [Block Validation] Validatiing the block 0.
2026-09-29 21:22:53,849 - INFO - [Block Validation] The block 0 is valid.
2026-09-29 21:22:53,850 - INFO - [Chain Validation] Chain is valid.
2026-09-29 21:22:53,851 - INFO - Block with CHID {'user': {'name': 'LocalUser_0', 'nationalNumber': 400, 'phone': 0, 'age': 25, 'email': 'test@bc.io', 'birth': '', 'HID': '7262e1e5aa2f3d89cec698392eaa6173c0364486ab0b4e7b80c5138f20e6ed4f'}, 'credential': {'image': '', 'credentialID': 0, 'CID': 'be73143655a54956d57ca963bfd4e8437ee884b7a022d790d98afcd91066c65b', 'metadata': {'documentTitle': None, 'documentType': None, 'documentFormat': '.pdf', 'documentContentSize': 0}}, 'issuer': {'name': 'LocalAuth', 'businessID': 20, 'AUTHID': '139077294b03009ed2050515f23847c896afb4975a804baf9fd07ccf67870a8f'}, 'chid': 'd11e5ba8d454bec0cfa22c4a8432220eb03d7cb1d786a9f0240c46db226e24ee'} inserted successfully. 
2026-09-29 21:22:53,852 - INFO - [Miner]Mining block 2...
2026-09-29 21:22:54,322 - INFO - [Miner] Block 2 mined after 107226 attempts. Nonce: 107226
2026-09-29 21:22:54,322 - INFO - [Block Validation] Validatiing the block 0.
2026-09-29 21:22:54,322 - INFO - [Block Validation] The block 0 is valid.
2026-09-29 21:22:54,323 - INFO - [Block Validation] Validatiing the block 1.
2026-09-29 21:22:54,323 - INFO - [Block Validation] The block 1 is valid.
2026-09-29 21:22:54,323 - INFO - [Chain Validation] Chain is valid.
2026-09-29 21:22:54,324 - INFO - Block with CHID {'user': {'name': 'LocalUser_1', 'nationalNumber': 401, 'phone': 1, 'age': 25, 'email': 'test@bc.io', 'birth': '', 'HID': 'ec2cf556feebd5fdbb261494ea9ff386e8d87bcdc1e4b9b533d0350551726b94'}, 'credential': {'image': '', 'credentialID': 1, 'CID': '7f384ef9d1d01fb1be4b80cbab80e5a4fc6f7ba72faf78fe5db2bc1eb24ada5b', 'metadata': {'documentTitle': None, 'documentType': None, 'documentFormat': '.pdf', 'documentContentSize': 0}}, 'issuer': {'name': 'LocalAuth', 'businessID': 21, 'AUTHID': '7f190f23e73356881502ebf96439d0a8fef08bc88e08a356ec5a57b3a14e2a42'}, 'chid': '945d5df678e56e72cd9ee1aaa3622ae167b1448e0131e5a07e3bfd68fac5e170'} inserted successfully. 
2026-09-29 21:22:54,324 - INFO - [Chain Validation] Initializing the chain validator.
2026-09-29 21:22:54,327 - INFO - [Miner]Mining block 0...
2026-09-29 21:22:54,512 - INFO - [Miner] Block 0 mined after 36254 attempts. Nonce: 36254
2026-09-29 21:22:54,512 - WARNING - [Chain Validation] Cannot validate. The ledger is empty.
2026-09-29 21:22:54,514 - INFO - Block with CHID {'user': {'name': 'Gensis-Block', 'nationalNumber': 0, 'phone': 0, 'age': 0, 'email': 'gensis@blockchain.io', 'birth': '', 'HID': '86b9cfefa3624e99ed49d4b95a65292e3ae59d1acc02e31aa391003979282fe0'}, 'credential': {'image': '', 'credentialID': 0, 'CID': 'be73143655a54956d57ca963bfd4e8437ee884b7a022d790d98afcd91066c65b', 'metadata': {'documentTitle': None, 'documentType': None, 'documentFormat': '.pdf', 'documentContentSize': 0}}, 'issuer': {'name': '', 'businessID': 0, 'AUTHID': '4930fe69eb193324e64c25a851e6c18f3b53657dfcda11c817fc34c450ff953d'}, 'chid': '57a5fa2eabd461db6913d2f6da58ef6fa9222530e0194e0334b3a1d22019344d'} inserted successfully. 
2026-09-29 21:22:54,539 - INFO - [Block Validation] Validatiing the block 0.
2026-09-29 21:22:54,540 - INFO - [Block Validation] The block 0 is valid.
2026-09-29 21:22:54,540 - INFO - [Chain Validation] Chain is valid.
2026-09-29 21:22:54,540 - INFO - [Chain Validation] Initializing the chain validator.
2026-09-29 21:22:54,540 - INFO - [Block Validation] Validatiing the block 0.
2026-09-29 21:22:54,541 - INFO - [Block Validation] The block 0 is valid.
2026-09-29 21:22:54,541 - INFO - [Chain Validation] Chain is valid.
2026-09-29 21:22:54,552 - INFO - [Chain Validation] Initializing the chain validator.
2026-09-29 21:22:54,556 - INFO - [Miner]Mining block 0...
2026-09-29 21:22:54,774 - INFO - [Miner] Block 0 mined after 36254 attempts. Nonce: 36254
2026-09-29 21:22:54,774 - WARNING - [Chain Validation] Cannot validate. The ledger is empty.
2026-09-29 21:22:54,775 - INFO - Block with CHID {'user': {'name': 'Gensis-Block', 'nationalNumber': 0, 'phone': 0, 'age': 0, 'email': 'gensis@blockchain.io', 'birth': '', 'HID': '86b9cfefa3624e99ed49d4b95a65292e3ae59d1acc02e31aa391003979282fe0'}, 'credential': {'image': '', 'credentialID': 0, 'CID': 'be73143655a54956d57ca963bfd4e8437ee884b7a022d790d98afcd91066c65b', 'metadata': {'documentTitle': None, 'documentType': None, 'documentFormat': '.pdf', 'documentContentSize': 0}}, 'issuer': {'name': '', 'businessID': 0, 'AUTHID': '4930fe69eb193324e64c25a851e6c18f3b53657dfcda11c817fc34c450ff953d'}, 'chid': '57a5fa2eabd461db6913d2f6da58ef6fa9222530e0194e0334b3a1d22019344d'} inserted successfully. 
2026-09-29 21:22:54,800 - INFO - [Block Validation] Validatiing the block 0.
2026-09-29 21:22:54,801 - INFO - [Block Validation] The block 0 is valid.
2026-09-29 21:22:54,801 - INFO - [Chain Validation] Chain is valid.
2026-09-29 21:22:54,801 - INFO - [Miner]Mining block 1...
2026-09-29 21:22:56,053 - INFO - [Miner] Block 1 mined after 263556 attempts. Nonce: 263556
2026-09-29 21:22:56,054 - INFO - [Block Validation] Validatiing the block 0.
2026-09-29 21:22:56,054 - INFO - [Block Validation] The block 0 is valid.
2026-09-29 21:22:56,054 - INFO - [Chain Validation] Chain is valid.
2026-09-29 21:22:56,056 - INFO - Block with CHID {'user': {'name': 'Test', 'nationalNumber': 1, 'phone': 1, 'age': 20, 'email': 'test@bc.io', 'birth': '', 'HID': 'c81ee803e0b4d22ec53f3c9570d7d3aeb35b4c08f621b6ae8aec5c2acbd04cfc'}, 'credential': {'image': '', 'credentialID': 1, 'CID': '7f384ef9d1d01fb1be4b80cbab80e5a4fc6f7ba72faf78fe5db2bc1eb24ada5b', 'metadata': {'documentTitle': None, 'documentType': None, 'documentFormat': '.pdf', 'documentContentSize': 0}}, 'issuer': {'name': 'TestAuth', 'businessID': 1, 'AUTHID': '23a42193fc0960eeefa88e280cdd06ac4474aec773e1e92c69621cba17a57884'}, 'chid': 'b37b57b87e34551147466414755e88cf3d0bdd84a680ed5950eb367730d278c1'} inserted successfully. 
2026-09-29 21:22:56,057 - INFO - [Chain Validation] Initializing the chain validator.
2026-09-29 21:22:56,058 - INFO - [Block Validation] Validatiing the block 0.
2026-09-29 21:22:56,058 - INFO - [Block Validation] The block 0 is valid.
2026-09-29 21:22:56,058 - INFO - [Block Validation] Validatiing the block 1.
2026-09-29 21:22:56,058 - INFO - [Block Validation] The block 1 is valid.
2026-09-29 21:22:56,058 - INFO - [Chain Validation] Chain is valid.
2026-09-29 21:22:56,067 - INFO - [Chain Validation] Initializing the chain validator.
2026-09-29 21:22:56,069 - INFO - [Miner]Mining block 0...
2026-09-29 21:22:56,270 - INFO - [Miner] Block 0 mined after 36254 attempts. Nonce: 36254
2026-09-29 21:22:56,271 - WARNING - [Chain Validation] Cannot validate. The ledger is empty.
2026-09-29 21:22:56,272 - INFO - Block with CHID {'user': {'name': 'Gensis-Block', 'nationalNumber': 0, 'phone': 0, 'age': 0, 'email': 'gensis@blockchain.io', 'birth': '', 'HID': '86b9cfefa3624e99ed49d4b95a65292e3ae59d1acc02e31aa391003979282fe0'}, 'credential': {'image': '', 'credentialID': 0, 'CID': 'be73143655a54956d57ca963bfd4e8437ee884b7a022d790d98afcd91066c65b', 'metadata': {'documentTitle': None, 'documentType': None, 'documentFormat': '.pdf', 'documentContentSize': 0}}, 'issuer': {'name': '', 'businessID': 0, 'AUTHID': '4930fe69eb193324e64c25a851e6c18f3b53657dfcda11c817fc34c450ff953d'}, 'chid': '57a5fa2eabd461db6913d2f6da58ef6fa9222530e0194e0334b3a1d22019344d'} inserted successfully. 
2026-09-29 21:22:56,297 - INFO - [Block Validation] Validatiing the block 0.
2026-09-29 21:22:56,297 - INFO - [Block Validation] The block 0 is valid.
2026-09-29 21:22:56,297 - INFO - [Chain Validation] Chain is valid.
2026-09-29 21:22:56,297 - INFO - [Chain Validation] Initializing the chain validator.
2026-09-29 21:22:56,298 - INFO - [Block Validation] Validatiing the block 0.
2026-09-29 21:22:56,298 - INFO - [Block Validation] The block 0 is valid.
2026-09-29 21:22:56,298 - INFO - [Chain Validation] Chain is valid.
2026-09-29 21:22:56,304 - INFO - [Chain Validation] Initializing the chain validator.
2026-09-29 21:22:56,305 - INFO - [Miner]Mining block 0...
2026-09-29 21:22:56,504 - INFO - [Miner] Block 0 mined after 36254 attempts. Nonce: 36254
2026-09-29 21:22:56,504 - WARNING - [Chain Validation] Cannot validate. The ledger is empty.
2026-09-29 21:22:56,505 - INFO - Block with CHID {'user': {'name': 'Gensis-Block', 'nationalNumber': 0, 'phone': 0, 'age': 0, 'email': 'gensis@blockchain.io', 'birth': '', 'HID': '86b9cfefa3624e99ed49d4b95a65292e3ae59d1acc02e31aa391003979282fe0'}, 'credential': {'image': '', 'credentialID': 0, 'CID': 'be73143655a54956d57ca963bfd4e8437ee884b7a022d790d98afcd91066c65b', 'metadata': {'documentTitle': None, 'documentType': None, 'documentFormat': '.pdf', 'documentContentSize': 0}}, 'issuer': {'name': '', 'businessID': 0, 'AUTHID': '4930fe69eb193324e64c25a851e6c18f3b53657dfcda11c817fc34c450ff953d'}, 'chid': '57a5fa2eabd461db6913d2f6da58ef6fa9222530e0194e0334b3a1d22019344d'} inserted successfully. 
2026-09-29 21:22:56,529 - INFO - [Block Validation] Validatiing the block 0.
2026-09-29 21:22:56,529 - INFO - [Block Validation] The block 0 is valid.
2026-09-29 21:22:56,529 - INFO - [Chain Validation] Chain is valid.
2026-09-29 21:22:56,529 - INFO - [Miner]Mining block 1...
2026-09-29 21:22:57,722 - INFO - [Miner] Block 1 mined after 263556 attempts. Nonce: 263556
2026-09-29 21:22:57,723 - INFO - [Block Validation] Validatiing the block 0.
2026-09-29 21:22:57,723 - INFO - [Block Validation] The block 0 is valid.
2026-09-29 21:22:57,723 - INFO - [Chain Validation] Chain is valid.
2026-09-29 21:22:57,724 - INFO - Block with CHID {'user': {'name': 'Test', 'nationalNumber': 1, 'phone': 1, 'age': 20, 'email': 'test@bc.io', 'birth': '', 'HID': 'c81ee803e0b4d22ec53f3c9570d7d3aeb35b4c08f621b6ae8aec5c2acbd04cfc'}, 'credential': {'image': '', 'credentialID': 1, 'CID': '7f384ef9d1d01fb1be4b80cbab80e5a4fc6f7ba72faf78fe5db2bc1eb24ada5b', 'metadata': {'documentTitle': None, 'documentType': None, 'documentFormat': '.pdf', 'documentContentSize': 0}}, 'issuer': {'name': 'TestAuth', 'businessID': 1, 'AUTHID': '23a42193fc0960eeefa88e280cdd06ac4474aec773e1e92c69621cba17a57884'}, 'chid': 'b37b57b87e34551147466414755e88cf3d0bdd84a680ed5950eb367730d278c1'} inserted successfully. 
2026-09-29 21:22:57,726 - INFO - [Chain Validation] Initializing the chain validator.
2026-09-29 21:22:57,727 - INFO - [Block Validation] Validatiing the block 0.
2026-09-29 21:22:57,727 - INFO - [Block Validation] The block 0 is valid.
2026-09-29 21:22:57,727 - INFO - [Block Validation] Validatiing the block 1.
2026-09-29 21:22:57,727 - WARNING - [Block Validation] The block 1 is modified !
2026-09-29 21:22:57,732 - INFO - [Chain Validation] Initializing the chain validator.
2026-09-29 21:22:57,733 - INFO - [Miner]Mining block 0...
2026-09-29 21:22:57,989 - INFO - [Miner] Block 0 mined after 36254 attempts. Nonce: 36254
2026-09-29 21:22:57,989 - WARNING - [Chain Validation] Cannot validate. The ledger is empty.
2026-09-29 21:22:57,990 - INFO - Block with CHID {'user': {'name': 'Gensis-Block', 'nationalNumber': 0, 'phone': 0, 'age': 0, 'email': 'gensis@blockchain.io', 'birth': '', 'HID': '86b9cfefa3624e99ed49d4b95a65292e3ae59d1acc02e31aa391003979282fe0'}, 'credential': {'image': '', 'credentialID': 0, 'CID': 'be73143655a54956d57ca963bfd4e8437ee884b7a022d790d98afcd91066c65b', 'metadata': {'documentTitle': None, 'documentType': None, 'documentFormat': '.pdf', 'documentContentSize': 0}}, 'issuer': {'name': '', 'businessID': 0, 'AUTHID': '4930fe69eb193324e64c25a851e6c18f3b53657dfcda11c817fc34c450ff953d'}, 'chid': '57a5fa2eabd461db6913d2f6da58ef6fa9222530e0194e0334b3a1d22019344d'} inserted successfully. 
2026-09-29 21:22:58,013 - INFO - [Block Validation] Validatiing the block 0.
2026-09-29 21:22:58,013 - INFO - [Block Validation] The block 0 is valid.
2026-09-29 21:22:58,013 - INFO - [Chain Validation] Chain is valid.
2026-09-29 21:22:58,013 - INFO - [Miner]Mining block 1...
2026-09-29 21:22:59,197 - INFO - [Miner] Block 1 mined after 263556 attempts. Nonce: 263556
2026-09-29 21:22:59,198 - INFO - [Block Validation] Validatiing the block 0.
2026-09-29 21:22:59,198 - INFO - [Block Validation] The block 0 is valid.
2026-09-29 21:22:59,199 - INFO - [Chain Validation] Chain is valid.
2026-09-29 21:22:59,200 - INFO - Block with CHID {'user': {'name': 'Test', 'nationalNumber': 1, 'phone': 1, 'age': 20, 'email': 'test@bc.io', 'birth': '', 'HID': 'c81ee803e0b4d22ec53f3c9570d7d3aeb35b4c08f621b6ae8aec5c2acbd04cfc'}, 'credential': {'image': '', 'credentialID': 1, 'CID': '7f384ef9d1d01fb1be4b80cbab80e5a4fc6f7ba72faf78fe5db2bc1eb24ada5b', 'metadata': {'documentTitle': None, 'documentType': None, 'documentFormat': '.pdf', 'documentContentSize': 0}}, 'issuer': {'name': 'TestAuth', 'businessID': 1, 'AUTHID': '23a42193fc0960eeefa88e280cdd06ac4474aec773e1e92c69621cba17a57884'}, 'chid': 'b37b57b87e34551147466414755e88cf3d0bdd84a680ed5950eb367730d278c1'} inserted successfully. 
2026-09-29 21:22:59,204 - INFO - [Chain Validation] Initializing the chain validator.
2026-09-29 21:22:59,204 - INFO - [Block Validation] Validatiing the block 0.
2026-09-29 21:22:59,204 - INFO - [Block Validation] The block 0 is valid.
2026-09-29 21:22:59,205 - INFO - [Block Validation] Validatiing the block 1.
2026-09-29 21:22:59,205 - WARNING - [Block Validation] The block 1 is nor mined !
2026-09-29 21:22:59,214 - INFO - [Chain Validation] Initializing the chain validator.
2026-09-29 21:22:59,217 - INFO - [Miner]Mining block 0...
2026-09-29 21:22:59,403 - INFO - [Miner] Block 0 mined after 36254 attempts. Nonce: 36254
2026-09-29 21:22:59,403 - WARNING - [Chain Validation] Cannot validate. The ledger is empty.
2026-09-29 21:22:59,404 - INFO - Block with CHID {'user': {'name': 'Gensis-Block', 'nationalNumber': 0, 'phone': 0, 'age': 0, 'email': 'gensis@blockchain.io', 'birth': '', 'HID': '86b9cfefa3624e99ed49d4b95a65292e3ae59d1acc02e31aa391003979282fe0'}, 'credential': {'image': '', 'credentialID': 0, 'CID': 'be73143655a54956d57ca963bfd4e8437ee884b7a022d790d98afcd91066c65b', 'metadata': {'documentTitle': None, 'documentType': None, 'documentFormat': '.pdf', 'documentContentSize': 0}}, 'issuer': {'name': '', 'businessID': 0, 'AUTHID': '4930fe69eb193324e64c25a851e6c18f3b53657dfcda11c817fc34c450ff953d'}, 'chid': '57a5fa2eabd461db6913d2f6da58ef6fa9222530e0194e0334b3a1d22019344d'} inserted successfully. 
2026-09-29 21:22:59,425 - INFO - [Block Validation] Validatiing the block 0.
2026-09-29 21:22:59,425 - INFO - [Block Validation] The block 0 is valid.
2026-09-29 21:22:59,425 - INFO - [Chain Validation] Chain is valid.
2026-09-29 21:22:59,425 - INFO - [Miner]Mining block 1...
2026-09-29 21:23:00,789 - INFO - [Miner] Block 1 mined after 263556 attempts. Nonce: 263556
2026-09-29 21:23:00,790 - INFO - [Block Validation] Validatiing the block 0.
2026-09-29 21:23:00,790 - INFO - [Block Validation] The block 0 is valid.
2026-09-29 21:23:00,790 - INFO - [Chain Validation] Chain is valid.
2026-09-29 21:23:00,791 - INFO - Block with CHID {'user': {'name': 'Test', 'nationalNumber': 1, 'phone': 1, 'age': 20, 'email': 'test@bc.io', 'birth': '', 'HID': 'c81ee803e0b4d22ec53f3c9570d7d3aeb35b4c08f621b6ae8aec5c2acbd04cfc'}, 'credential': {'image': '', 'credentialID': 1, 'CID': '7f384ef9d1d01fb1be4b80cbab80e5a4fc6f7ba72faf78fe5db2bc1eb24ada5b', 'metadata': {'documentTitle': None, 'documentType': None, 'documentFormat': '.pdf', 'documentContentSize': 0}}, 'issuer': {'name': 'TestAuth', 'businessID': 1, 'AUTHID': '23a42193fc0960eeefa88e280cdd06ac4474aec773e1e92c69621cba17a57884'}, 'chid': 'b37b57b87e34551147466414755e88cf3d0bdd84a680ed5950eb367730d278c1'} inserted successfully. 
2026-09-29 21:23:00,792 - INFO - [Miner]Mining block 1...
2026-09-29 21:23:01,388 - INFO - [Miner] Block 1 mined after 103947 attempts. Nonce: 367503
2026-09-29 21:23:01,390 - INFO - [Chain Validation] Initializing the chain validator.
2026-09-29 21:23:01,390 - INFO - [Block Validation] Validatiing the block 0.
2026-09-29 21:23:01,390 - INFO - [Block Validation] The block 0 is valid.
2026-09-29 21:23:01,390 - INFO - [Block Validation] Validatiing the block 1.
2026-09-29 21:23:01,390 - INFO - [Block Validation] The block 1 is valid.
2026-09-29 21:23:01,395 - INFO - [Chain Validation] Initializing the chain validator.
2026-09-29 21:23:01,396 - INFO - [Miner]Mining block 0...
2026-09-29 21:23:01,597 - INFO - [Miner] Block 0 mined after 36254 attempts. Nonce: 36254
2026-09-29 21:23:01,597 - WARNING - [Chain Validation] Cannot validate. The ledger is empty.
2026-09-29 21:23:01,598 - INFO - Block with CHID {'user': {'name': 'Gensis-Block', 'nationalNumber': 0, 'phone': 0, 'age': 0, 'email': 'gensis@blockchain.io', 'birth': '', 'HID': '86b9cfefa3624e99ed49d4b95a65292e3ae59d1acc02e31aa391003979282fe0'}, 'credential': {'image': '', 'credentialID': 0, 'CID': 'be73143655a54956d57ca963bfd4e8437ee884b7a022d790d98afcd91066c65b', 'metadata': {'documentTitle': None, 'documentType': None, 'documentFormat': '.pdf', 'documentContentSize': 0}}, 'issuer': {'name': '', 'businessID': 0, 'AUTHID': '4930fe69eb193324e64c25a851e6c18f3b53657dfcda11c817fc34c450ff953d'}, 'chid': '57a5fa2eabd461db6913d2f6da58ef6fa9222530e0194e0334b3a1d22019344d'} inserted successfully. 
2026-09-29 21:23:01,618 - INFO - [Block Validation] Validatiing the block 0.
2026-09-29 21:23:01,619 - INFO - [Block Validation] The block 0 is valid.
2026-09-29 21:23:01,619 - INFO - [Chain Validation] Chain is valid.
2026-09-29 21:23:01,619 - INFO - [Miner]Mining block 0...
2026-09-29 21:23:01,811 - INFO - [Miner] Block 0 mined after 54333 attempts. Nonce: 90587
2026-09-29 21:23:01,812 - INFO - [Chain Validation] Initializing the chain validator.
2026-09-29 21:23:01,812 - INFO - [Block Validation] Validatiing the block 0.
2026-09-29 21:23:01,813 - INFO - [Block Validation] The block 0 is valid.
2026-09-29 21:23:01,816 - INFO - [Chain Validation] Initializing the chain validator.
2026-09-29 21:23:01,818 - INFO - [Miner]Mining block 0...
2026-09-29 21:23:02,279 - INFO - [Miner] Block 0 mined after 36254 attempts. Nonce: 36254
2026-09-29 21:23:02,280 - WARNING - [Chain Validation] Cannot validate. The ledger is empty.
2026-09-29 21:23:02,282 - INFO - Block with CHID {'user': {'name': 'Gensis-Block', 'nationalNumber': 0, 'phone': 0, 'age': 0, 'email': 'gensis@blockchain.io', 'birth': '', 'HID': '86b9cfefa3624e99ed49d4b95a65292e3ae59d1acc02e31aa391003979282fe0'}, 'credential': {'image': '', 'credentialID': 0, 'CID': 'be73143655a54956d57ca963bfd4e8437ee884b7a022d790d98afcd91066c65b', 'metadata': {'documentTitle': None, 'documentType': None, 'documentFormat': '.pdf', 'documentContentSize': 0}}, 'issuer': {'name': '', 'businessID': 0, 'AUTHID': '4930fe69eb193324e64c25a851e6c18f3b53657dfcda11c817fc34c450ff953d'}, 'chid': '57a5fa2eabd461db6913d2f6da58ef6fa9222530e0194e0334b3a1d22019344d'} inserted successfully. 
2026-09-29 21:23:02,477 - INFO - [Block Validation] Validatiing the block 0.
2026-09-29 21:23:02,477 - INFO - [Block Validation] The block 0 is valid.
2026-09-29 21:23:02,478 - INFO - [Chain Validation] Chain is valid.
2026-09-29 21:23:02,510 - DEBUG - Using proactor: IocpProactor
2026-09-29 21:23:04,616 - INFO - [Chain Validation] Initializing the chain validator.
2026-09-29 21:23:04,620 - INFO - [Miner]Mining block 0...
2026-09-29 21:23:04,889 - INFO - [Miner] Block 0 mined after 36254 attempts. Nonce: 36254
2026-09-29 21:23:04,890 - WARNING - [Chain Validation] Cannot validate. The ledger is empty.
2026-09-29 21:23:04,892 - INFO - Block with CHID {'user': {'name': 'Gensis-Block', 'nationalNumber': 0, 'phone': 0, 'age': 0, 'email': 'gensis@blockchain.io', 'birth': '', 'HID': '86b9cfefa3624e99ed49d4b95a65292e3ae59d1acc02e31aa391003979282fe0'}, 'credential': {'image': '', 'credentialID': 0, 'CID': 'be73143655a54956d57ca963bfd4e8437ee884b7a022d790d98afcd91066c65b', 'metadata': {'documentTitle': None, 'documentType': None, 'documentFormat': '.pdf', 'documentContentSize': 0}}, 'issuer': {'name': '', 'businessID': 0, 'AUTHID': '4930fe69eb193324e64c25a851e6c18f3b53657dfcda11c817fc34c450ff953d'}, 'chid': '57a5fa2eabd461db6913d2f6da58ef6fa9222530e0194e0334b3a1d22019344d'} inserted successfully. 
2026-09-29 21:23:04,917 - INFO - [Block Validation] Validatiing the block 0.
2026-09-29 21:23:04,917 - INFO - [Block Validation] The block 0 is valid.
2026-09-29 21:23:04,917 - INFO - [Chain Validation] Chain is valid.
2026-09-29 21:23:04,948 - DEBUG - Using proactor: IocpProactor
2026-09-29 21:23:07,131 - INFO - [Chain Validation] Initializing the chain validator.
2026-09-29 21:23:07,132 - INFO - [Block Validation] Validatiing the block 0.
2026-09-29 21:23:07,132 - INFO - [Block Validation] The block 0 is valid.
2026-09-29 21:23:07,133 - INFO - [Chain Validation] Chain is valid.
2026-09-29 21:23:07,142 - INFO - [Chain Validation] Initializing the chain validator.
2026-09-29 21:23:07,143 - INFO - [Block Validation] Validatiing the block 0.
2026-09-29 21:23:07,143 - INFO - [Block Validation] The block 0 is valid.
2026-09-29 21:23:07,143 - INFO - [Chain Validation] Chain is valid.
2026-09-29 21:23:07,143 - INFO - [Chain Validation] Initializing the chain validator.
2026-09-29 21:23:07,144 - INFO - [Block Validation] Validatiing the block 0.
2026-09-29 21:23:07,144 - INFO - [Block Validation] The block 0 is valid.
2026-09-29 21:23:07,144 - INFO - [Chain Validation] Chain is valid.
2026-09-29 21:23:08,117 - INFO - [Miner]Mining block 1...
2026-09-29 21:23:08,741 - INFO - [Miner] Block 1 mined after 107622 attempts. Nonce: 107622
2026-09-29 21:23:08,742 - INFO - [Block Validation] Validatiing the block 0.
2026-09-29 21:23:08,742 - INFO - [Block Validation] The block 0 is valid.
2026-09-29 21:23:08,742 - INFO - [Chain Validation] Chain is valid.
2026-09-29 21:23:08,744 - INFO - Block with CHID {'user': {'name': 'User-AB', 'nationalNumber': 1001, 'phone': 1, 'age': 25, 'email': 'test@bc.io', 'birth': '', 'HID': '6e59af53a03f679d6831a00fd7d8b2ea06a108d3c4b1928bf3bc2bd17738b109'}, 'credential': {'image': '', 'credentialID': 1, 'CID': '7f384ef9d1d01fb1be4b80cbab80e5a4fc6f7ba72faf78fe5db2bc1eb24ada5b', 'metadata': {'documentTitle': None, 'documentType': None, 'documentFormat': '.pdf', 'documentContentSize': 0}}, 'issuer': {'name': 'Auth-AB', 'businessID': 10, 'AUTHID': '0ef70bf6eef9bb30a6a28bcf5122d2292bfe0036f4fd54ec9469a27808890a0f'}, 'chid': '57c986669469697cc02ca125ff746414ccbd4688b69d9de51e8ae6d31da5ac8f'} inserted successfully. 
2026-09-29 21:23:08,745 - INFO - [Block Validation] Validatiing the block 1.
2026-09-29 21:23:08,745 - INFO - [Block Validation] The block 1 is valid.
2026-09-29 21:23:08,746 - INFO - [Block Validation] Validatiing the block 0.
2026-09-29 21:23:08,746 - INFO - [Block Validation] The block 0 is valid.
2026-09-29 21:23:08,747 - INFO - [Chain Validation] Chain is valid.
2026-09-29 21:23:08,748 - INFO - Block with CHID {'user': {'name': 'User-AB', 'nationalNumber': 1001, 'phone': 1, 'age': 25, 'email': 'test@bc.io', 'birth': '', 'HID': '6e59af53a03f679d6831a00fd7d8b2ea06a108d3c4b1928bf3bc2bd17738b109'}, 'credential': {'image': '', 'credentialID': 1, 'CID': '7f384ef9d1d01fb1be4b80cbab80e5a4fc6f7ba72faf78fe5db2bc1eb24ada5b', 'metadata': {'documentTitle': None, 'documentType': None, 'documentFormat': '.pdf', 'documentContentSize': 0}}, 'issuer': {'name': 'Auth-AB', 'businessID': 10, 'AUTHID': '0ef70bf6eef9bb30a6a28bcf5122d2292bfe0036f4fd54ec9469a27808890a0f'}, 'chid': '57c986669469697cc02ca125ff746414ccbd4688b69d9de51e8ae6d31da5ac8f'} inserted successfully. 
2026-09-29 21:23:08,748 - INFO - [Block Validation] Received block 1 inserted.
2026-09-29 21:23:10,254 - INFO - [Chain Validation] Initializing the chain validator.
2026-09-29 21:23:10,257 - INFO - [Miner]Mining block 0...
2026-09-29 21:23:10,597 - INFO - [Miner] Block 0 mined after 36254 attempts. Nonce: 36254
2026-09-29 21:23:10,598 - WARNING - [Chain Validation] Cannot validate. The ledger is empty.
2026-09-29 21:23:10,600 - INFO - Block with CHID {'user': {'name': 'Gensis-Block', 'nationalNumber': 0, 'phone': 0, 'age': 0, 'email': 'gensis@blockchain.io', 'birth': '', 'HID': '86b9cfefa3624e99ed49d4b95a65292e3ae59d1acc02e31aa391003979282fe0'}, 'credential': {'image': '', 'credentialID': 0, 'CID': 'be73143655a54956d57ca963bfd4e8437ee884b7a022d790d98afcd91066c65b', 'metadata': {'documentTitle': None, 'documentType': None, 'documentFormat': '.pdf', 'documentContentSize': 0}}, 'issuer': {'name': '', 'businessID': 0, 'AUTHID': '4930fe69eb193324e64c25a851e6c18f3b53657dfcda11c817fc34c450ff953d'}, 'chid': '57a5fa2eabd461db6913d2f6da58ef6fa9222530e0194e0334b3a1d22019344d'} inserted successfully. 
2026-09-29 21:23:10,645 - INFO - [Block Validation] Validatiing the block 0.
2026-09-29 21:23:10,646 - INFO - [Block Validation] The block 0 is valid.
2026-09-29 21:23:10,646 - INFO - [Chain Validation] Chain is valid.
2026-09-29 21:23:10,675 - DEBUG - Using proactor: IocpProactor
2026-09-29 21:23:12,809 - INFO - [Chain Validation] Initializing the chain validator.
2026-09-29 21:23:13,109 - INFO - [Miner]Mining block 0...
2026-09-29 21:23:13,500 - INFO - [Miner] Block 0 mined after 36254 attempts. Nonce: 36254
2026-09-29 21:23:13,500 - WARNING - [Chain Validation] Cannot validate. The ledger is empty.
2026-09-29 21:23:13,502 - INFO - Block with CHID {'user': {'name': 'Gensis-Block', 'nationalNumber': 0, 'phone': 0, 'age': 0, 'email': 'gensis@blockchain.io', 'birth': '', 'HID': '86b9cfefa3624e99ed49d4b95a65292e3ae59d1acc02e31aa391003979282fe0'}, 'credential': {'image': '', 'credentialID': 0, 'CID': 'be73143655a54956d57ca963bfd4e8437ee884b7a022d790d98afcd91066c65b', 'metadata': {'documentTitle': None, 'documentType': None, 'documentFormat': '.pdf', 'documentContentSize': 0}}, 'issuer': {'name': '', 'businessID': 0, 'AUTHID': '4930fe69eb193324e64c25a851e6c18f3b53657dfcda11c817fc34c450ff953d'}, 'chid': '57a5fa2eabd461db6913d2f6da58ef6fa9222530e0194e0334b3a1d22019344d'} inserted successfully. 
2026-09-29 21:23:13,524 - INFO - [Block Validation] Validatiing the block 0.
2026-09-29 21:23:13,524 - INFO - [Block Validation] The block 0 is valid.
2026-09-29 21:23:13,524 - INFO - [Chain Validation] Chain is valid.
2026-09-29 21:23:13,580 - DEBUG - Using proactor: IocpProactor
2026-09-29 21:23:15,767 - INFO - [Chain Validation] Initializing the chain validator.
2026-09-29 21:23:15,767 - INFO - [Block Validation] Validatiing the block 0.
2026-09-29 21:23:15,767 - INFO - [Block Validation] The block 0 is valid.
2026-09-29 21:23:15,767 - INFO - [Chain Validation] Chain is valid.
2026-09-29 21:23:15,768 - INFO - [Chain Validation] Initializing the chain validator.
2026-09-29 21:23:15,769 - INFO - [Block Validation] Validatiing the block 0.
2026-09-29 21:23:15,769 - INFO - [Block Validation] The block 0 is valid.
2026-09-29 21:23:15,769 - INFO - [Chain Validation] Chain is valid.
2026-09-29 21:23:15,769 - INFO - [Chain Validation] Initializing the chain validator.
2026-09-29 21:23:15,770 - INFO - [Block Validation] Validatiing the block 0.
2026-09-29 21:23:15,770 - INFO - [Block Validation] The block 0 is valid.
2026-09-29 21:23:15,770 - INFO - [Chain Validation] Chain is valid.
2026-09-29 21:23:16,757 - INFO - [Miner]Mining block 1...
2026-09-29 21:23:17,304 - INFO - [Miner] Block 1 mined after 53491 attempts. Nonce: 53491
2026-09-29 21:23:17,305 - INFO - [Block Validation] Validatiing the block 0.
2026-09-29 21:23:17,305 - INFO - [Block Validation] The block 0 is valid.
2026-09-29 21:23:17,306 - INFO - [Chain Validation] Chain is valid.
2026-09-29 21:23:17,341 - INFO - Block with CHID {'user': {'name': 'User-STATUS', 'nationalNumber': 2002, 'phone': 1, 'age': 25, 'email': 'test@bc.io', 'birth': '', 'HID': 'fc3cef8d0cc53579d4d23826852f9dc9959d20e4681228d89ecdd9cc6297adfa'}, 'credential': {'image': '', 'credentialID': 2, 'CID': 'f1df3ccf3d521114a502b8118e32634868b1165f55b3d64f6d50ffed5fce608e', 'metadata': {'documentTitle': None, 'documentType': None, 'documentFormat': '.pdf', 'documentContentSize': 0}}, 'issuer': {'name': 'Auth-STATUS', 'businessID': 20, 'AUTHID': 'e3e60b1ad8a7f1cad21b2def92a4735f0787b96a8acf719a081eee59265eada6'}, 'chid': '887ea035b7496e0dfacdb636c074d544f10fed11fceb451033a218d89a45406a'} inserted successfully. 
2026-09-29 21:23:17,342 - INFO - [Block Validation] Validatiing the block 1.
2026-09-29 21:23:17,342 - INFO - [Block Validation] The block 1 is valid.
2026-09-29 21:23:17,343 - INFO - [Block Validation] Validatiing the block 0.
2026-09-29 21:23:17,343 - INFO - [Block Validation] The block 0 is valid.
2026-09-29 21:23:17,343 - INFO - [Chain Validation] Chain is valid.
2026-09-29 21:23:17,344 - INFO - Block with CHID {'user': {'name': 'User-STATUS', 'nationalNumber': 2002, 'phone': 1, 'age': 25, 'email': 'test@bc.io', 'birth': '', 'HID': 'fc3cef8d0cc53579d4d23826852f9dc9959d20e4681228d89ecdd9cc6297adfa'}, 'credential': {'image': '', 'credentialID': 2, 'CID': 'f1df3ccf3d521114a502b8118e32634868b1165f55b3d64f6d50ffed5fce608e', 'metadata': {'documentTitle': None, 'documentType': None, 'documentFormat': '.pdf', 'documentContentSize': 0}}, 'issuer': {'name': 'Auth-STATUS', 'businessID': 20, 'AUTHID': 'e3e60b1ad8a7f1cad21b2def92a4735f0787b96a8acf719a081eee59265eada6'}, 'chid': '887ea035b7496e0dfacdb636c074d544f10fed11fceb451033a218d89a45406a'} inserted successfully. 
2026-09-29 21:23:17,344 - INFO - [Block Validation] Received block 1 inserted.
2026-09-29 21:23:18,849 - INFO - [Chain Validation] Initializing the chain validator.
2026-09-29 21:23:18,851 - INFO - [Miner]Mining block 0...
2026-09-29 21:23:19,104 - INFO - [Miner] Block 0 mined after 36254 attempts. Nonce: 36254
2026-09-29 21:23:19,104 - WARNING - [Chain Validation] Cannot validate. The ledger is empty.
2026-09-29 21:23:19,105 - INFO - Block with CHID {'user': {'name': 'Gensis-Block', 'nationalNumber': 0, 'phone': 0, 'age': 0, 'email': 'gensis@blockchain.io', 'birth': '', 'HID': '86b9cfefa3624e99ed49d4b95a65292e3ae59d1acc02e31aa391003979282fe0'}, 'credential': {'image': '', 'credentialID': 0, 'CID': 'be73143655a54956d57ca963bfd4e8437ee884b7a022d790d98afcd91066c65b', 'metadata': {'documentTitle': None, 'documentType': None, 'documentFormat': '.pdf', 'documentContentSize': 0}}, 'issuer': {'name': '', 'businessID': 0, 'AUTHID': '4930fe69eb193324e64c25a851e6c18f3b53657dfcda11c817fc34c450ff953d'}, 'chid': '57a5fa2eabd461db6913d2f6da58ef6fa9222530e0194e0334b3a1d22019344d'} inserted successfully. 
2026-09-29 21:23:19,131 - INFO - [Block Validation] Validatiing the block 0.
2026-09-29 21:23:19,132 - INFO - [Block Validation] The block 0 is valid.
2026-09-29 21:23:19,132 - INFO - [Chain Validation] Chain is valid.
2026-09-29 21:23:19,154 - DEBUG - Using proactor: IocpProactor
2026-09-29 21:23:21,320 - INFO - [Chain Validation] Initializing the chain validator.
2026-09-29 21:23:21,322 - INFO - [Miner]Mining block 0...
2026-09-29 21:23:21,574 - INFO - [Miner] Block 0 mined after 36254 attempts. Nonce: 36254
2026-09-29 21:23:21,575 - WARNING - [Chain Validation] Cannot validate. The ledger is empty.
2026-09-29 21:23:21,578 - INFO - Block with CHID {'user': {'name': 'Gensis-Block', 'nationalNumber': 0, 'phone': 0, 'age': 0, 'email': 'gensis@blockchain.io', 'birth': '', 'HID': '86b9cfefa3624e99ed49d4b95a65292e3ae59d1acc02e31aa391003979282fe0'}, 'credential': {'image': '', 'credentialID': 0, 'CID': 'be73143655a54956d57ca963bfd4e8437ee884b7a022d790d98afcd91066c65b', 'metadata': {'documentTitle': None, 'documentType': None, 'documentFormat': '.pdf', 'documentContentSize': 0}}, 'issuer': {'name': '', 'businessID': 0, 'AUTHID': '4930fe69eb193324e64c25a851e6c18f3b53657dfcda11c817fc34c450ff953d'}, 'chid': '57a5fa2eabd461db6913d2f6da58ef6fa9222530e0194e0334b3a1d22019344d'} inserted successfully. 
2026-09-29 21:23:21,600 - INFO - [Block Validation] Validatiing the block 0.
2026-09-29 21:23:21,601 - INFO - [Block Validation] The block 0 is valid.
2026-09-29 21:23:21,601 - INFO - [Chain Validation] Chain is valid.
2026-09-29 21:23:21,629 - DEBUG - Using proactor: IocpProactor
2026-09-29 21:23:23,900 - INFO - [Chain Validation] Initializing the chain validator.
2026-09-29 21:23:23,901 - INFO - [Block Validation] Validatiing the block 0.
2026-09-29 21:23:23,901 - INFO - [Block Validation] The block 0 is valid.
2026-09-29 21:23:23,901 - INFO - [Chain Validation] Chain is valid.
2026-09-29 21:23:23,911 - INFO - [Chain Validation] Initializing the chain validator.
2026-09-29 21:23:23,912 - INFO - [Block Validation] Validatiing the block 0.
2026-09-29 21:23:23,912 - INFO - [Block Validation] The block 0 is valid.
2026-09-29 21:23:23,912 - INFO - [Chain Validation] Chain is valid.
2026-09-29 21:23:23,912 - INFO - [Chain Validation] Initializing the chain validator.
2026-09-29 21:23:23,912 - INFO - [Block Validation] Validatiing the block 0.
2026-09-29 21:23:23,913 - INFO - [Block Validation] The block 0 is valid.
2026-09-29 21:23:23,913 - INFO - [Chain Validation] Chain is valid.
2026-09-29 21:23:24,833 - INFO - [Miner]Mining block 1...
2026-09-29 21:23:26,161 - INFO - [Miner] Block 1 mined after 234003 attempts. Nonce: 234003
2026-09-29 21:23:26,162 - INFO - [Block Validation] Validatiing the block 0.
2026-09-29 21:23:26,162 - INFO - [Block Validation] The block 0 is valid.
2026-09-29 21:23:26,163 - INFO - [Chain Validation] Chain is valid.
2026-09-29 21:23:26,165 - INFO - Block with CHID {'user': {'name': 'Remote', 'nationalNumber': 3003, 'phone': 1, 'age': 40, 'email': 'test@bc.io', 'birth': '', 'HID': '206b59d6f3c865e1bfad656423029511acefbed5af6b9cbeccffc9f554cfccdb'}, 'credential': {'image': '', 'credentialID': 3, 'CID': '73b5e4d7505f5386f00b2105eb94f2d0a49e268d94f0259bdb6b76d236e0402b', 'metadata': {'documentTitle': None, 'documentType': None, 'documentFormat': '.pdf', 'documentContentSize': 0}}, 'issuer': {'name': 'RemoteAuth', 'businessID': 30, 'AUTHID': '3332b3f951ad8c1aa8de428a4f257f99b5d5e4827aa23ec7410625b4861df3e0'}, 'chid': 'a4dea4b21024f1bb54a1559335c6d86d902cc1fe8403f795efc6f918be78dcda'} inserted successfully. 
2026-09-29 21:23:26,169 - INFO - [Block Validation] Validatiing the block 1.
2026-09-29 21:23:26,169 - INFO - [Block Validation] The block 1 is valid.
2026-09-29 21:23:26,170 - INFO - [Block Validation] Validatiing the block 0.
2026-09-29 21:23:26,170 - INFO - [Block Validation] The block 0 is valid.
2026-09-29 21:23:26,171 - INFO - [Chain Validation] Chain is valid.
2026-09-29 21:23:26,172 - INFO - Block with CHID {'user': {'name': 'Remote', 'nationalNumber': 3003, 'phone': 1, 'age': 40, 'email': 'test@bc.io', 'birth': '', 'HID': '206b59d6f3c865e1bfad656423029511acefbed5af6b9cbeccffc9f554cfccdb'}, 'credential': {'image': '', 'credentialID': 3, 'CID': '73b5e4d7505f5386f00b2105eb94f2d0a49e268d94f0259bdb6b76d236e0402b', 'metadata': {'documentTitle': None, 'documentType': None, 'documentFormat': '.pdf', 'documentContentSize': 0}}, 'issuer': {'name': 'RemoteAuth', 'businessID': 30, 'AUTHID': '3332b3f951ad8c1aa8de428a4f257f99b5d5e4827aa23ec7410625b4861df3e0'}, 'chid': 'a4dea4b21024f1bb54a1559335c6d86d902cc1fe8403f795efc6f918be78dcda'} inserted successfully. 
2026-09-29 21:23:26,173 - INFO - [Block Validation] Received block 1 inserted.
2026-09-29 21:23:27,948 - INFO - [Chain Validation] Initializing the chain validator.
2026-09-29 21:23:27,978 - INFO - [Miner]Mining block 0...
2026-09-29 21:23:28,403 - INFO - [Miner] Block 0 mined after 36254 attempts. Nonce: 36254
2026-09-29 21:23:28,404 - WARNING - [Chain Validation] Cannot validate. The ledger is empty.
2026-09-29 21:23:28,405 - INFO - Block with CHID {'user': {'name': 'Gensis-Block', 'nationalNumber': 0, 'phone': 0, 'age': 0, 'email': 'gensis@blockchain.io', 'birth': '', 'HID': '86b9cfefa3624e99ed49d4b95a65292e3ae59d1acc02e31aa391003979282fe0'}, 'credential': {'image': '', 'credentialID': 0, 'CID': 'be73143655a54956d57ca963bfd4e8437ee884b7a022d790d98afcd91066c65b', 'metadata': {'documentTitle': None, 'documentType': None, 'documentFormat': '.pdf', 'documentContentSize': 0}}, 'issuer': {'name': '', 'businessID': 0, 'AUTHID': '4930fe69eb193324e64c25a851e6c18f3b53657dfcda11c817fc34c450ff953d'}, 'chid': '57a5fa2eabd461db6913d2f6da58ef6fa9222530e0194e0334b3a1d22019344d'} inserted successfully. 
2026-09-29 21:23:28,422 - INFO - [Block Validation] Validatiing the block 0.
2026-09-29 21:23:28,422 - INFO - [Block Validation] The block 0 is valid.
2026-09-29 21:23:28,422 - INFO - [Chain Validation] Chain is valid.
2026-09-29 21:23:28,476 - DEBUG - Using proactor: IocpProactor
2026-09-29 21:23:30,685 - INFO - [Chain Validation] Initializing the chain validator.
2026-09-29 21:23:30,687 - INFO - [Miner]Mining block 0...
2026-09-29 21:23:30,943 - INFO - [Miner] Block 0 mined after 36254 attempts. Nonce: 36254
2026-09-29 21:23:30,943 - WARNING - [Chain Validation] Cannot validate. The ledger is empty.
2026-09-29 21:23:30,945 - INFO - Block with CHID {'user': {'name': 'Gensis-Block', 'nationalNumber': 0, 'phone': 0, 'age': 0, 'email': 'gensis@blockchain.io', 'birth': '', 'HID': '86b9cfefa3624e99ed49d4b95a65292e3ae59d1acc02e31aa391003979282fe0'}, 'credential': {'image': '', 'credentialID': 0, 'CID': 'be73143655a54956d57ca963bfd4e8437ee884b7a022d790d98afcd91066c65b', 'metadata': {'documentTitle': None, 'documentType': None, 'documentFormat': '.pdf', 'documentContentSize': 0}}, 'issuer': {'name': '', 'businessID': 0, 'AUTHID': '4930fe69eb193324e64c25a851e6c18f3b53657dfcda11c817fc34c450ff953d'}, 'chid': '57a5fa2eabd461db6913d2f6da58ef6fa9222530e0194e0334b3a1d22019344d'} inserted successfully. 
2026-09-29 21:23:30,965 - INFO - [Block Validation] Validatiing the block 0.
2026-09-29 21:23:30,965 - INFO - [Block Validation] The block 0 is valid.
2026-09-29 21:23:30,965 - INFO - [Chain Validation] Chain is valid.
2026-09-29 21:23:30,991 - DEBUG - Using proactor: IocpProactor
2026-09-29 21:23:33,127 - INFO - [Chain Validation] Initializing the chain validator.
2026-09-29 21:23:33,129 - INFO - [Miner]Mining block 0...
2026-09-29 21:23:33,503 - INFO - [Miner] Block 0 mined after 36254 attempts. Nonce: 36254
2026-09-29 21:23:33,504 - WARNING - [Chain Validation] Cannot validate. The ledger is empty.
2026-09-29 21:23:33,505 - INFO - Block with CHID {'user': {'name': 'Gensis-Block', 'nationalNumber': 0, 'phone': 0, 'age': 0, 'email': 'gensis@blockchain.io', 'birth': '', 'HID': '86b9cfefa3624e99ed49d4b95a65292e3ae59d1acc02e31aa391003979282fe0'}, 'credential': {'image': '', 'credentialID': 0, 'CID': 'be73143655a54956d57ca963bfd4e8437ee884b7a022d790d98afcd91066c65b', 'metadata': {'documentTitle': None, 'documentType': None, 'documentFormat': '.pdf', 'documentContentSize': 0}}, 'issuer': {'name': '', 'businessID': 0, 'AUTHID': '4930fe69eb193324e64c25a851e6c18f3b53657dfcda11c817fc34c450ff953d'}, 'chid': '57a5fa2eabd461db6913d2f6da58ef6fa9222530e0194e0334b3a1d22019344d'} inserted successfully. 
2026-09-29 21:23:33,561 - INFO - [Block Validation] Validatiing the block 0.
2026-09-29 21:23:33,561 - INFO - [Block Validation] The block 0 is valid.
2026-09-29 21:23:33,562 - INFO - [Chain Validation] Chain is valid.
2026-09-29 21:23:33,649 - DEBUG - Using proactor: IocpProactor
2026-09-29 21:23:35,911 - INFO - [Chain Validation] Initializing the chain validator.
2026-09-29 21:23:35,911 - INFO - [Block Validation] Validatiing the block 0.
2026-09-29 21:23:35,912 - INFO - [Block Validation] The block 0 is valid.
2026-09-29 21:23:35,912 - INFO - [Chain Validation] Chain is valid.
2026-09-29 21:23:35,912 - INFO - [Chain Validation] Initializing the chain validator.
2026-09-29 21:23:35,913 - INFO - [Block Validation] Validatiing the block 0.
2026-09-29 21:23:35,913 - INFO - [Block Validation] The block 0 is valid.
2026-09-29 21:23:35,913 - INFO - [Chain Validation] Chain is valid.
2026-09-29 21:23:35,913 - INFO - [Chain Validation] Initializing the chain validator.
2026-09-29 21:23:35,913 - INFO - [Block Validation] Validatiing the block 0.
2026-09-29 21:23:35,913 - INFO - [Block Validation] The block 0 is valid.
2026-09-29 21:23:35,913 - INFO - [Chain Validation] Chain is valid.
2026-09-29 21:23:36,914 - INFO - [Chain Validation] Initializing the chain validator.
2026-09-29 21:23:36,915 - INFO - [Block Validation] Validatiing the block 0.
2026-09-29 21:23:36,916 - INFO - [Block Validation] The block 0 is valid.
2026-09-29 21:23:36,916 - INFO - [Chain Validation] Chain is valid.
2026-09-29 21:23:36,915 - INFO - [Chain Validation] Initializing the chain validator.
2026-09-29 21:23:36,917 - INFO - [Block Validation] Validatiing the block 0.
2026-09-29 21:23:36,918 - INFO - [Block Validation] The block 0 is valid.
2026-09-29 21:23:36,918 - INFO - [Chain Validation] Chain is valid.
2026-09-29 21:23:36,919 - INFO - [Chain Validation] Initializing the chain validator.
2026-09-29 21:23:36,919 - INFO - [Block Validation] Validatiing the block 0.
2026-09-29 21:23:36,919 - INFO - [Block Validation] The block 0 is valid.
2026-09-29 21:23:36,920 - INFO - [Chain Validation] Chain is valid.
2026-09-29 21:23:36,920 - INFO - [Chain Validation] Initializing the chain validator.
2026-09-29 21:23:36,921 - INFO - [Block Validation] Validatiing the block 0.
2026-09-29 21:23:36,921 - INFO - [Block Validation] The block 0 is valid.
2026-09-29 21:23:36,921 - INFO - [Chain Validation] Chain is valid.
2026-09-29 21:23:36,921 - INFO - [Chain Validation] Initializing the chain validator.
2026-09-29 21:23:36,922 - INFO - [Block Validation] Validatiing the block 0.
2026-09-29 21:23:36,922 - INFO - [Block Validation] The block 0 is valid.
2026-09-29 21:23:36,922 - INFO - [Chain Validation] Chain is valid.
2026-09-29 21:23:36,922 - INFO - [Chain Validation] Initializing the chain validator.
2026-09-29 21:23:36,923 - INFO - [Block Validation] Validatiing the block 0.
2026-09-29 21:23:36,923 - INFO - [Block Validation] The block 0 is valid.
2026-09-29 21:23:36,923 - INFO - [Chain Validation] Chain is valid.
2026-09-29 21:23:38,022 - INFO - [Chain Validation] Initializing the chain validator.
2026-09-29 21:23:38,023 - INFO - [Block Validation] Validatiing the block 0.
2026-09-29 21:23:38,023 - INFO - [Block Validation] The block 0 is valid.
2026-09-29 21:23:38,023 - INFO - [Chain Validation] Chain is valid.
2026-09-29 21:23:38,024 - INFO - [Chain Validation] Initializing the chain validator.
2026-09-29 21:23:38,024 - INFO - [Block Validation] Validatiing the block 0.
2026-09-29 21:23:38,024 - INFO - [Block Validation] The block 0 is valid.
2026-09-29 21:23:38,024 - INFO - [Chain Validation] Chain is valid.
2026-09-29 21:23:38,068 - INFO - [Chain Validation] Initializing the chain validator.
2026-09-29 21:23:38,068 - INFO - [Block Validation] Validatiing the block 0.
2026-09-29 21:23:38,069 - INFO - [Block Validation] The block 0 is valid.
2026-09-29 21:23:38,069 - INFO - [Chain Validation] Chain is valid.
2026-09-29 21:23:38,582 - INFO - [Chain Validation] Initializing the chain validator.
2026-09-29 21:23:38,583 - INFO - [Block Validation] Validatiing the block 0.
2026-09-29 21:23:38,583 - INFO - [Block Validation] The block 0 is valid.
2026-09-29 21:23:38,583 - INFO - [Chain Validation] Chain is valid.
2026-09-29 21:23:38,583 - INFO - [Chain Validation] Initializing the chain validator.
2026-09-29 21:23:38,583 - INFO - [Block Validation] Validatiing the block 0.
2026-09-29 21:23:38,583 - INFO - [Block Validation] The block 0 is valid.
2026-09-29 21:23:38,583 - INFO - [Chain Validation] Chain is valid.
2026-09-29 21:23:38,583 - INFO - [Chain Validation] Initializing the chain validator.
2026-09-29 21:23:38,584 - INFO - [Block Validation] Validatiing the block 0.
2026-09-29 21:23:38,584 - INFO - [Block Validation] The block 0 is valid.
2026-09-29 21:23:38,584 - INFO - [Chain Validation] Chain is valid.
2026-09-29 21:23:39,035 - INFO - [Miner]Mining block 1...
2026-09-29 21:23:39,279 - INFO - [Miner] Block 1 mined after 21090 attempts. Nonce: 21090
2026-09-29 21:23:39,280 - INFO - [Block Validation] Validatiing the block 0.
2026-09-29 21:23:39,280 - INFO - [Block Validation] The block 0 is valid.
2026-09-29 21:23:39,280 - INFO - [Chain Validation] Chain is valid.
2026-09-29 21:23:39,281 - INFO - Block with CHID {'user': {'name': 'User-MESH', 'nationalNumber': 4004, 'phone': 1, 'age': 25, 'email': 'test@bc.io', 'birth': '', 'HID': '50e25ac7f13701380fb7f1ad42318233cd67e1c94817195eb9ee8e83bb6fa530'}, 'credential': {'image': '', 'credentialID': 4, 'CID': '4908fb8fdf26d9831aaac4644ad546cbf3d009056df5e6447a8a540ad48b4828', 'metadata': {'documentTitle': None, 'documentType': None, 'documentFormat': '.pdf', 'documentContentSize': 0}}, 'issuer': {'name': 'Auth-MESH', 'businessID': 40, 'AUTHID': '858823c8b244576782d3fd3aea818770e024263aa46148d1c5c6c29102f5cb53'}, 'chid': '5cc93e47b5274cf59370c71444ffbf618e1959f1adfe671b22fc185e8d6cdbc0'} inserted successfully. 
2026-09-29 21:23:39,282 - INFO - [Block Validation] Validatiing the block 1.
2026-09-29 21:23:39,283 - INFO - [Block Validation] The block 1 is valid.
2026-09-29 21:23:39,284 - INFO - [Block Validation] Validatiing the block 0.
2026-09-29 21:23:39,284 - INFO - [Block Validation] The block 0 is valid.
2026-09-29 21:23:39,284 - INFO - [Chain Validation] Chain is valid.
2026-09-29 21:23:39,283 - INFO - [Block Validation] Validatiing the block 1.
2026-09-29 21:23:39,285 - INFO - [Block Validation] The block 1 is valid.
2026-09-29 21:23:39,285 - INFO - [Block Validation] Validatiing the block 0.
2026-09-29 21:23:39,285 - INFO - [Block Validation] The block 0 is valid.
2026-09-29 21:23:39,286 - INFO - [Chain Validation] Chain is valid.
2026-09-29 21:23:39,286 - INFO - Block with CHID {'user': {'name': 'User-MESH', 'nationalNumber': 4004, 'phone': 1, 'age': 25, 'email': 'test@bc.io', 'birth': '', 'HID': '50e25ac7f13701380fb7f1ad42318233cd67e1c94817195eb9ee8e83bb6fa530'}, 'credential': {'image': '', 'credentialID': 4, 'CID': '4908fb8fdf26d9831aaac4644ad546cbf3d009056df5e6447a8a540ad48b4828', 'metadata': {'documentTitle': None, 'documentType': None, 'documentFormat': '.pdf', 'documentContentSize': 0}}, 'issuer': {'name': 'Auth-MESH', 'businessID': 40, 'AUTHID': '858823c8b244576782d3fd3aea818770e024263aa46148d1c5c6c29102f5cb53'}, 'chid': '5cc93e47b5274cf59370c71444ffbf618e1959f1adfe671b22fc185e8d6cdbc0'} inserted successfully. 
2026-09-29 21:23:39,287 - INFO - [Block Validation] Received block 1 inserted.
2026-09-29 21:23:39,288 - INFO - Block with CHID {'user': {'name': 'User-MESH', 'nationalNumber': 4004, 'phone': 1, 'age': 25, 'email': 'test@bc.io', 'birth': '', 'HID': '50e25ac7f13701380fb7f1ad42318233cd67e1c94817195eb9ee8e83bb6fa530'}, 'credential': {'image': '', 'credentialID': 4, 'CID': '4908fb8fdf26d9831aaac4644ad546cbf3d009056df5e6447a8a540ad48b4828', 'metadata': {'documentTitle': None, 'documentType': None, 'documentFormat': '.pdf', 'documentContentSize': 0}}, 'issuer': {'name': 'Auth-MESH', 'businessID': 40, 'AUTHID': '858823c8b244576782d3fd3aea818770e024263aa46148d1c5c6c29102f5cb53'}, 'chid': '5cc93e47b5274cf59370c71444ffbf618e1959f1adfe671b22fc185e8d6cdbc0'} inserted successfully. 
2026-09-29 21:23:39,289 - INFO - [Block Validation] Received block 1 inserted.
2026-09-29 21:23:41,295 - INFO - [Chain Validation] Initializing the chain validator.
2026-09-29 21:23:41,304 - INFO - [Miner]Mining block 0...
2026-09-29 21:23:41,554 - INFO - [Miner] Block 0 mined after 36254 attempts. Nonce: 36254
2026-09-29 21:23:41,555 - WARNING - [Chain Validation] Cannot validate. The ledger is empty.
2026-09-29 21:23:41,556 - INFO - Block with CHID {'user': {'name': 'Gensis-Block', 'nationalNumber': 0, 'phone': 0, 'age': 0, 'email': 'gensis@blockchain.io', 'birth': '', 'HID': '86b9cfefa3624e99ed49d4b95a65292e3ae59d1acc02e31aa391003979282fe0'}, 'credential': {'image': '', 'credentialID': 0, 'CID': 'be73143655a54956d57ca963bfd4e8437ee884b7a022d790d98afcd91066c65b', 'metadata': {'documentTitle': None, 'documentType': None, 'documentFormat': '.pdf', 'documentContentSize': 0}}, 'issuer': {'name': '', 'businessID': 0, 'AUTHID': '4930fe69eb193324e64c25a851e6c18f3b53657dfcda11c817fc34c450ff953d'}, 'chid': '57a5fa2eabd461db6913d2f6da58ef6fa9222530e0194e0334b3a1d22019344d'} inserted successfully. 
2026-09-29 21:23:41,610 - INFO - [Block Validation] Validatiing the block 0.
2026-09-29 21:23:41,610 - INFO - [Block Validation] The block 0 is valid.
2026-09-29 21:23:41,610 - INFO - [Chain Validation] Chain is valid.
2026-09-29 21:23:41,635 - DEBUG - Using proactor: IocpProactor
2026-09-29 21:23:43,769 - INFO - [Miner]Mining block 1...
2026-09-29 21:23:44,026 - INFO - [Miner] Block 1 mined after 22809 attempts. Nonce: 22809
2026-09-29 21:23:44,026 - INFO - [Block Validation] Validatiing the block 0.
2026-09-29 21:23:44,027 - INFO - [Block Validation] The block 0 is valid.
2026-09-29 21:23:44,027 - INFO - [Chain Validation] Chain is valid.
2026-09-29 21:23:44,028 - INFO - Block with CHID {'user': {'name': 'User-PRE0', 'nationalNumber': 5000, 'phone': 1, 'age': 25, 'email': 'test@bc.io', 'birth': '', 'HID': '6daaed6cfb25e8fa22f150ee571f44c0f00af9f57bbcd0f1a6bde75d82c76ecd'}, 'credential': {'image': '', 'credentialID': 5, 'CID': '2fcaeb068b34deac6567700d01949fa8aaa180b33b775a341944180e07d04ab0', 'metadata': {'documentTitle': None, 'documentType': None, 'documentFormat': '.pdf', 'documentContentSize': 0}}, 'issuer': {'name': 'Auth-PRE0', 'businessID': 50, 'AUTHID': 'aea3df5444b4c53370ee3c42a86b662ce000ca2b98dc957f017e83733d2e81a4'}, 'chid': 'a71a2e1c22dcd70875a0c73175e8f54cb87e50d9d98ddbf5dc751fee7707f34a'} inserted successfully. 
2026-09-29 21:23:44,029 - INFO - [Miner]Mining block 2...
2026-09-29 21:23:44,031 - INFO - [Miner] Block 2 mined after 462 attempts. Nonce: 462
2026-09-29 21:23:44,032 - INFO - [Block Validation] Validatiing the block 0.
2026-09-29 21:23:44,032 - INFO - [Block Validation] The block 0 is valid.
2026-09-29 21:23:44,033 - INFO - [Block Validation] Validatiing the block 1.
2026-09-29 21:23:44,033 - INFO - [Block Validation] The block 1 is valid.
2026-09-29 21:23:44,033 - INFO - [Chain Validation] Chain is valid.
2026-09-29 21:23:44,034 - INFO - Block with CHID {'user': {'name': 'User-PRE1', 'nationalNumber': 5001, 'phone': 1, 'age': 25, 'email': 'test@bc.io', 'birth': '', 'HID': '767ae0b959f8cce994f3040b06c94947df5298ff4233a2d1c7618b0b1c3ee31b'}, 'credential': {'image': '', 'credentialID': 6, 'CID': '1fc8c4bc48a39c1587ac2826279b14bb717c505ac3691f8cd0120b7c78370800', 'metadata': {'documentTitle': None, 'documentType': None, 'documentFormat': '.pdf', 'documentContentSize': 0}}, 'issuer': {'name': 'Auth-PRE1', 'businessID': 51, 'AUTHID': '7a53d46d8d59332115008d7ca8e2045986387bbf8dbfcc352a67a3ae39b18f3e'}, 'chid': '4fe7bf8f0e89951979e35eb22185c84c45340df097899c43036733af87b24a45'} inserted successfully. 
2026-09-29 21:23:44,035 - INFO - [Miner]Mining block 3...
2026-09-29 21:23:47,692 - INFO - [Miner] Block 3 mined after 511698 attempts. Nonce: 511698
2026-09-29 21:23:47,694 - INFO - [Block Validation] Validatiing the block 0.
2026-09-29 21:23:47,694 - INFO - [Block Validation] The block 0 is valid.
2026-09-29 21:23:47,695 - INFO - [Block Validation] Validatiing the block 1.
2026-09-29 21:23:47,695 - INFO - [Block Validation] The block 1 is valid.
2026-09-29 21:23:47,696 - INFO - [Block Validation] Validatiing the block 2.
2026-09-29 21:23:47,696 - INFO - [Block Validation] The block 2 is valid.
2026-09-29 21:23:47,696 - INFO - [Chain Validation] Chain is valid.
2026-09-29 21:23:47,699 - INFO - Block with CHID {'user': {'name': 'User-PRE2', 'nationalNumber': 5002, 'phone': 1, 'age': 25, 'email': 'test@bc.io', 'birth': '', 'HID': 'a36edd91731c8d3d54896294bad56def9011724e37067ce7fd897e0b6735944b'}, 'credential': {'image': '', 'credentialID': 7, 'CID': '5195534e1474704f2e4833c44fcc20ab8065a4a611467d50ead1cc7b0027108c', 'metadata': {'documentTitle': None, 'documentType': None, 'documentFormat': '.pdf', 'documentContentSize': 0}}, 'issuer': {'name': 'Auth-PRE2', 'businessID': 52, 'AUTHID': '772d33b8aab6dea9ddeb36149b64b45c5d7f602e78159bdae206624e127c29e8'}, 'chid': '4f0983d0bdf8bc06a967bb5ed0de1f08dc43ff30859336ec071a8e7a24dab39d'} inserted successfully. 
2026-09-29 21:23:47,700 - INFO - [Chain Validation] Initializing the chain validator.
2026-09-29 21:23:47,703 - INFO - [Miner]Mining block 0...
2026-09-29 21:23:48,020 - INFO - [Miner] Block 0 mined after 36254 attempts. Nonce: 36254
2026-09-29 21:23:48,021 - WARNING - [Chain Validation] Cannot validate. The ledger is empty.
2026-09-29 21:23:48,022 - INFO - Block with CHID {'user': {'name': 'Gensis-Block', 'nationalNumber': 0, 'phone': 0, 'age': 0, 'email': 'gensis@blockchain.io', 'birth': '', 'HID': '86b9cfefa3624e99ed49d4b95a65292e3ae59d1acc02e31aa391003979282fe0'}, 'credential': {'image': '', 'credentialID': 0, 'CID': 'be73143655a54956d57ca963bfd4e8437ee884b7a022d790d98afcd91066c65b', 'metadata': {'documentTitle': None, 'documentType': None, 'documentFormat': '.pdf', 'documentContentSize': 0}}, 'issuer': {'name': '', 'businessID': 0, 'AUTHID': '4930fe69eb193324e64c25a851e6c18f3b53657dfcda11c817fc34c450ff953d'}, 'chid': '57a5fa2eabd461db6913d2f6da58ef6fa9222530e0194e0334b3a1d22019344d'} inserted successfully. 
2026-09-29 21:23:48,059 - INFO - [Block Validation] Validatiing the block 0.
2026-09-29 21:23:48,060 - INFO - [Block Validation] The block 0 is valid.
2026-09-29 21:23:48,060 - INFO - [Chain Validation] Chain is valid.
2026-09-29 21:23:48,111 - DEBUG - Using proactor: IocpProactor
2026-09-29 21:23:50,303 - INFO - [Chain Validation] Initializing the chain validator.
2026-09-29 21:23:50,304 - INFO - [Block Validation] Validatiing the block 0.
2026-09-29 21:23:50,304 - INFO - [Block Validation] The block 0 is valid.
2026-09-29 21:23:50,305 - INFO - [Block Validation] Validatiing the block 1.
2026-09-29 21:23:50,305 - INFO - [Block Validation] The block 1 is valid.
2026-09-29 21:23:50,305 - INFO - [Block Validation] Validatiing the block 2.
2026-09-29 21:23:50,305 - INFO - [Block Validation] The block 2 is valid.
2026-09-29 21:23:50,306 - INFO - [Block Validation] Validatiing the block 3.
2026-09-29 21:23:50,306 - INFO - [Block Validation] The block 3 is valid.
2026-09-29 21:23:50,306 - INFO - [Chain Validation] Chain is valid.
2026-09-29 21:23:50,315 - INFO - [Chain Validation] Initializing the chain validator.
2026-09-29 21:23:50,315 - INFO - [Block Validation] Validatiing the block 0.
2026-09-29 21:23:50,315 - INFO - [Block Validation] The block 0 is valid.
2026-09-29 21:23:50,316 - INFO - [Block Validation] Validatiing the block 1.
2026-09-29 21:23:50,316 - INFO - [Block Validation] The block 1 is valid.
2026-09-29 21:23:50,316 - INFO - [Block Validation] Validatiing the block 2.
2026-09-29 21:23:50,316 - INFO - [Block Validation] The block 2 is valid.
2026-09-29 21:23:50,316 - INFO - [Block Validation] Validatiing the block 3.
2026-09-29 21:23:50,316 - INFO - [Block Validation] The block 3 is valid.
2026-09-29 21:23:50,317 - INFO - [Chain Validation] Chain is valid.
2026-09-29 21:23:50,317 - INFO - [Chain Validation] Initializing the chain validator.
2026-09-29 21:23:50,317 - INFO - [Block Validation] Validatiing the block 0.
2026-09-29 21:23:50,317 - INFO - [Block Validation] The block 0 is valid.
2026-09-29 21:23:50,318 - INFO - [Block Validation] Validatiing the block 1.
2026-09-29 21:23:50,318 - INFO - [Block Validation] The block 1 is valid.
2026-09-29 21:23:50,318 - INFO - [Block Validation] Validatiing the block 2.
2026-09-29 21:23:50,319 - INFO - [Block Validation] The block 2 is valid.
2026-09-29 21:23:50,319 - INFO - [Block Validation] Validatiing the block 3.
2026-09-29 21:23:50,319 - INFO - [Block Validation] The block 3 is valid.
2026-09-29 21:23:50,319 - INFO - [Chain Validation] Chain is valid.
2026-09-29 21:23:51,298 - INFO - [Chain Validation] Initializing the chain validator.
2026-09-29 21:23:51,299 - INFO - [Block Validation] Validatiing the block 0.
2026-09-29 21:23:51,299 - INFO - [Block Validation] The block 0 is valid.
2026-09-29 21:23:51,300 - INFO - [Block Validation] Validatiing the block 1.
2026-09-29 21:23:51,300 - INFO - [Block Validation] The block 1 is valid.
2026-09-29 21:23:51,300 - INFO - [Block Validation] Validatiing the block 2.
2026-09-29 21:23:51,301 - INFO - [Block Validation] The block 2 is valid.
2026-09-29 21:23:51,301 - INFO - [Block Validation] Validatiing the block 3.
2026-09-29 21:23:51,301 - INFO - [Block Validation] The block 3 is valid.
2026-09-29 21:23:51,301 - INFO - [Chain Validation] Chain is valid.
2026-09-29 21:23:51,302 - INFO - [Chain Validation] Initializing the chain validator.
2026-09-29 21:23:51,303 - INFO - [Block Validation] Validatiing the block 0.
2026-09-29 21:23:51,303 - INFO - [Block Validation] The block 0 is valid.
2026-09-29 21:23:51,304 - INFO - [Block Validation] Validatiing the block 1.
2026-09-29 21:23:51,304 - INFO - [Block Validation] The block 1 is valid.
2026-09-29 21:23:51,304 - INFO - [Block Validation] Validatiing the block 2.
2026-09-29 21:23:51,304 - INFO - [Block Validation] The block 2 is valid.
2026-09-29 21:23:51,305 - INFO - [Block Validation] Validatiing the block 3.
2026-09-29 21:23:51,305 - INFO - [Block Validation] The block 3 is valid.
2026-09-29 21:23:51,305 - INFO - [Chain Validation] Chain is valid.
2026-09-29 21:23:51,305 - INFO - [Chain Validation] Initializing the chain validator.
2026-09-29 21:23:51,306 - INFO - [Block Validation] Validatiing the block 0.
2026-09-29 21:23:51,307 - INFO - [Block Validation] The block 0 is valid.
2026-09-29 21:23:51,308 - INFO - [Block Validation] Validatiing the block 1.
2026-09-29 21:23:51,308 - INFO - [Block Validation] The block 1 is valid.
2026-09-29 21:23:51,309 - INFO - [Block Validation] Validatiing the block 2.
2026-09-29 21:23:51,309 - INFO - [Block Validation] The block 2 is valid.
2026-09-29 21:23:51,309 - INFO - [Block Validation] Validatiing the block 3.
2026-09-29 21:23:51,309 - INFO - [Block Validation] The block 3 is valid.
2026-09-29 21:23:51,309 - INFO - [Chain Validation] Chain is valid.
2026-09-29 21:23:53,306 - INFO - [Chain Validation] Initializing the chain validator.
2026-09-29 21:23:53,308 - INFO - [Miner]Mining block 0...
2026-09-29 21:23:53,615 - INFO - [Miner] Block 0 mined after 36254 attempts. Nonce: 36254
2026-09-29 21:23:53,616 - WARNING - [Chain Validation] Cannot validate. The ledger is empty.
2026-09-29 21:23:53,618 - INFO - Block with CHID {'user': {'name': 'Gensis-Block', 'nationalNumber': 0, 'phone': 0, 'age': 0, 'email': 'gensis@blockchain.io', 'birth': '', 'HID': '86b9cfefa3624e99ed49d4b95a65292e3ae59d1acc02e31aa391003979282fe0'}, 'credential': {'image': '', 'credentialID': 0, 'CID': 'be73143655a54956d57ca963bfd4e8437ee884b7a022d790d98afcd91066c65b', 'metadata': {'documentTitle': None, 'documentType': None, 'documentFormat': '.pdf', 'documentContentSize': 0}}, 'issuer': {'name': '', 'businessID': 0, 'AUTHID': '4930fe69eb193324e64c25a851e6c18f3b53657dfcda11c817fc34c450ff953d'}, 'chid': '57a5fa2eabd461db6913d2f6da58ef6fa9222530e0194e0334b3a1d22019344d'} inserted successfully. 
2026-09-29 21:23:53,643 - INFO - [Block Validation] Validatiing the block 0.
2026-09-29 21:23:53,643 - INFO - [Block Validation] The block 0 is valid.
2026-09-29 21:23:53,643 - INFO - [Chain Validation] Chain is valid.
2026-09-29 21:23:53,679 - DEBUG - Using proactor: IocpProactor
2026-09-29 21:23:55,814 - INFO - [Chain Validation] Initializing the chain validator.
2026-09-29 21:23:55,816 - INFO - [Miner]Mining block 0...
2026-09-29 21:23:56,174 - INFO - [Miner] Block 0 mined after 36254 attempts. Nonce: 36254
2026-09-29 21:23:56,174 - WARNING - [Chain Validation] Cannot validate. The ledger is empty.
2026-09-29 21:23:56,177 - INFO - Block with CHID {'user': {'name': 'Gensis-Block', 'nationalNumber': 0, 'phone': 0, 'age': 0, 'email': 'gensis@blockchain.io', 'birth': '', 'HID': '86b9cfefa3624e99ed49d4b95a65292e3ae59d1acc02e31aa391003979282fe0'}, 'credential': {'image': '', 'credentialID': 0, 'CID': 'be73143655a54956d57ca963bfd4e8437ee884b7a022d790d98afcd91066c65b', 'metadata': {'documentTitle': None, 'documentType': None, 'documentFormat': '.pdf', 'documentContentSize': 0}}, 'issuer': {'name': '', 'businessID': 0, 'AUTHID': '4930fe69eb193324e64c25a851e6c18f3b53657dfcda11c817fc34c450ff953d'}, 'chid': '57a5fa2eabd461db6913d2f6da58ef6fa9222530e0194e0334b3a1d22019344d'} inserted successfully. 
2026-09-29 21:23:56,208 - INFO - [Block Validation] Validatiing the block 0.
2026-09-29 21:23:56,209 - INFO - [Block Validation] The block 0 is valid.
2026-09-29 21:23:56,209 - INFO - [Chain Validation] Chain is valid.
2026-09-29 21:23:56,228 - DEBUG - Using proactor: IocpProactor
2026-09-29 21:23:58,389 - INFO - [Chain Validation] Initializing the chain validator.
2026-09-29 21:23:58,392 - INFO - [Miner]Mining block 0...
2026-09-29 21:23:58,647 - INFO - [Miner] Block 0 mined after 36254 attempts. Nonce: 36254
2026-09-29 21:23:58,647 - WARNING - [Chain Validation] Cannot validate. The ledger is empty.
2026-09-29 21:23:58,649 - INFO - Block with CHID {'user': {'name': 'Gensis-Block', 'nationalNumber': 0, 'phone': 0, 'age': 0, 'email': 'gensis@blockchain.io', 'birth': '', 'HID': '86b9cfefa3624e99ed49d4b95a65292e3ae59d1acc02e31aa391003979282fe0'}, 'credential': {'image': '', 'credentialID': 0, 'CID': 'be73143655a54956d57ca963bfd4e8437ee884b7a022d790d98afcd91066c65b', 'metadata': {'documentTitle': None, 'documentType': None, 'documentFormat': '.pdf', 'documentContentSize': 0}}, 'issuer': {'name': '', 'businessID': 0, 'AUTHID': '4930fe69eb193324e64c25a851e6c18f3b53657dfcda11c817fc34c450ff953d'}, 'chid': '57a5fa2eabd461db6913d2f6da58ef6fa9222530e0194e0334b3a1d22019344d'} inserted successfully. 
2026-09-29 21:23:58,674 - INFO - [Block Validation] Validatiing the block 0.
2026-09-29 21:23:58,674 - INFO - [Block Validation] The block 0 is valid.
2026-09-29 21:23:58,674 - INFO - [Chain Validation] Chain is valid.
2026-09-29 21:23:58,696 - DEBUG - Using proactor: IocpProactor
2026-09-29 21:24:00,931 - INFO - [Chain Validation] Initializing the chain validator.
2026-09-29 21:24:00,932 - INFO - [Block Validation] Validatiing the block 0.
2026-09-29 21:24:00,932 - INFO - [Block Validation] The block 0 is valid.
2026-09-29 21:24:00,932 - INFO - [Chain Validation] Chain is valid.
2026-09-29 21:24:01,913 - INFO - [Chain Validation] Initializing the chain validator.
2026-09-29 21:24:01,913 - INFO - [Block Validation] Validatiing the block 0.
2026-09-29 21:24:01,913 - INFO - [Block Validation] The block 0 is valid.
2026-09-29 21:24:01,914 - INFO - [Chain Validation] Chain is valid.
2026-09-29 21:24:01,914 - INFO - [Chain Validation] Initializing the chain validator.
2026-09-29 21:24:01,915 - INFO - [Block Validation] Validatiing the block 0.
2026-09-29 21:24:01,915 - INFO - [Block Validation] The block 0 is valid.
2026-09-29 21:24:01,915 - INFO - [Chain Validation] Chain is valid.
2026-09-29 21:24:01,923 - INFO - [Chain Validation] Initializing the chain validator.
2026-09-29 21:24:01,924 - INFO - [Block Validation] Validatiing the block 0.
2026-09-29 21:24:01,924 - INFO - [Block Validation] The block 0 is valid.
2026-09-29 21:24:01,924 - INFO - [Chain Validation] Chain is valid.
2026-09-29 21:24:01,925 - INFO - [Chain Validation] Initializing the chain validator.
2026-09-29 21:24:01,926 - INFO - [Block Validation] Validatiing the block 0.
2026-09-29 21:24:01,926 - INFO - [Block Validation] The block 0 is valid.
2026-09-29 21:24:01,926 - INFO - [Chain Validation] Chain is valid.
2026-09-29 21:24:01,927 - INFO - [Chain Validation] Initializing the chain validator.
2026-09-29 21:24:01,927 - INFO - [Block Validation] Validatiing the block 0.
2026-09-29 21:24:01,927 - INFO - [Block Validation] The block 0 is valid.
2026-09-29 21:24:01,927 - INFO - [Chain Validation] Chain is valid.
2026-09-29 21:24:01,928 - INFO - [Chain Validation] Initializing the chain validator.
2026-09-29 21:24:01,928 - INFO - [Block Validation] Validatiing the block 0.
2026-09-29 21:24:01,928 - INFO - [Block Validation] The block 0 is valid.
2026-09-29 21:24:01,928 - INFO - [Chain Validation] Chain is valid.
2026-09-29 21:24:02,914 - INFO - [Miner]Mining block 1...
2026-09-29 21:24:03,677 - INFO - [Miner] Block 1 mined after 99920 attempts. Nonce: 99920
2026-09-29 21:24:03,678 - INFO - [Block Validation] Validatiing the block 0.
2026-09-29 21:24:03,679 - INFO - [Block Validation] The block 0 is valid.
2026-09-29 21:24:03,679 - INFO - [Chain Validation] Chain is valid.
2026-09-29 21:24:03,680 - INFO - Block with CHID {'user': {'name': 'User-LINE', 'nationalNumber': 6006, 'phone': 1, 'age': 25, 'email': 'test@bc.io', 'birth': '', 'HID': 'd574603b39726843bd4abb3ecc76458f81a95aeabe9a564b79119f1c786761ac'}, 'credential': {'image': '', 'credentialID': 6, 'CID': '1fc8c4bc48a39c1587ac2826279b14bb717c505ac3691f8cd0120b7c78370800', 'metadata': {'documentTitle': None, 'documentType': None, 'documentFormat': '.pdf', 'documentContentSize': 0}}, 'issuer': {'name': 'Auth-LINE', 'businessID': 60, 'AUTHID': '02d484ebee985d3af80a678566e72309fb45eefd0bf3b57d725d8d3257ee38a0'}, 'chid': '585d29d9dd988e7dc2642aaab9a25907c29f4b9125e8f7f1f5cec6ca4be085b8'} inserted successfully. 
2026-09-29 21:24:03,681 - INFO - [Block Validation] Validatiing the block 1.
2026-09-29 21:24:03,682 - INFO - [Block Validation] The block 1 is valid.
2026-09-29 21:24:03,684 - INFO - [Block Validation] Validatiing the block 0.
2026-09-29 21:24:03,684 - INFO - [Block Validation] The block 0 is valid.
2026-09-29 21:24:03,684 - INFO - [Chain Validation] Chain is valid.
2026-09-29 21:24:03,686 - INFO - Block with CHID {'user': {'name': 'User-LINE', 'nationalNumber': 6006, 'phone': 1, 'age': 25, 'email': 'test@bc.io', 'birth': '', 'HID': 'd574603b39726843bd4abb3ecc76458f81a95aeabe9a564b79119f1c786761ac'}, 'credential': {'image': '', 'credentialID': 6, 'CID': '1fc8c4bc48a39c1587ac2826279b14bb717c505ac3691f8cd0120b7c78370800', 'metadata': {'documentTitle': None, 'documentType': None, 'documentFormat': '.pdf', 'documentContentSize': 0}}, 'issuer': {'name': 'Auth-LINE', 'businessID': 60, 'AUTHID': '02d484ebee985d3af80a678566e72309fb45eefd0bf3b57d725d8d3257ee38a0'}, 'chid': '585d29d9dd988e7dc2642aaab9a25907c29f4b9125e8f7f1f5cec6ca4be085b8'} inserted successfully. 
2026-09-29 21:24:03,686 - INFO - [Block Validation] Received block 1 inserted.
2026-09-29 21:24:03,688 - INFO - [Block Validation] Validatiing the block 1.
2026-09-29 21:24:03,688 - INFO - [Block Validation] The block 1 is valid.
2026-09-29 21:24:03,688 - INFO - [Block Validation] Validatiing the block 0.
2026-09-29 21:24:03,689 - INFO - [Block Validation] The block 0 is valid.
2026-09-29 21:24:03,689 - INFO - [Chain Validation] Chain is valid.
2026-09-29 21:24:03,690 - INFO - Block with CHID {'user': {'name': 'User-LINE', 'nationalNumber': 6006, 'phone': 1, 'age': 25, 'email': 'test@bc.io', 'birth': '', 'HID': 'd574603b39726843bd4abb3ecc76458f81a95aeabe9a564b79119f1c786761ac'}, 'credential': {'image': '', 'credentialID': 6, 'CID': '1fc8c4bc48a39c1587ac2826279b14bb717c505ac3691f8cd0120b7c78370800', 'metadata': {'documentTitle': None, 'documentType': None, 'documentFormat': '.pdf', 'documentContentSize': 0}}, 'issuer': {'name': 'Auth-LINE', 'businessID': 60, 'AUTHID': '02d484ebee985d3af80a678566e72309fb45eefd0bf3b57d725d8d3257ee38a0'}, 'chid': '585d29d9dd988e7dc2642aaab9a25907c29f4b9125e8f7f1f5cec6ca4be085b8'} inserted successfully. 
2026-09-29 21:24:03,690 - INFO - [Block Validation] Received block 1 inserted.
2026-09-29 21:24:06,251 - INFO - [Chain Validation] Initializing the chain validator.
2026-09-29 21:24:06,253 - INFO - [Miner]Mining block 0...
2026-09-29 21:24:06,552 - INFO - [Miner] Block 0 mined after 36254 attempts. Nonce: 36254
2026-09-29 21:24:06,552 - WARNING - [Chain Validation] Cannot validate. The ledger is empty.
2026-09-29 21:24:06,554 - INFO - Block with CHID {'user': {'name': 'Gensis-Block', 'nationalNumber': 0, 'phone': 0, 'age': 0, 'email': 'gensis@blockchain.io', 'birth': '', 'HID': '86b9cfefa3624e99ed49d4b95a65292e3ae59d1acc02e31aa391003979282fe0'}, 'credential': {'image': '', 'credentialID': 0, 'CID': 'be73143655a54956d57ca963bfd4e8437ee884b7a022d790d98afcd91066c65b', 'metadata': {'documentTitle': None, 'documentType': None, 'documentFormat': '.pdf', 'documentContentSize': 0}}, 'issuer': {'name': '', 'businessID': 0, 'AUTHID': '4930fe69eb193324e64c25a851e6c18f3b53657dfcda11c817fc34c450ff953d'}, 'chid': '57a5fa2eabd461db6913d2f6da58ef6fa9222530e0194e0334b3a1d22019344d'} inserted successfully. 
2026-09-29 21:24:06,574 - INFO - [Block Validation] Validatiing the block 0.
2026-09-29 21:24:06,574 - INFO - [Block Validation] The block 0 is valid.
2026-09-29 21:24:06,574 - INFO - [Chain Validation] Chain is valid.
2026-09-29 21:24:06,607 - DEBUG - Using proactor: IocpProactor
2026-09-29 21:24:08,752 - INFO - [Chain Validation] Initializing the chain validator.
2026-09-29 21:24:08,754 - INFO - [Miner]Mining block 0...
2026-09-29 21:24:09,020 - INFO - [Miner] Block 0 mined after 36254 attempts. Nonce: 36254
2026-09-29 21:24:09,021 - WARNING - [Chain Validation] Cannot validate. The ledger is empty.
2026-09-29 21:24:09,024 - INFO - Block with CHID {'user': {'name': 'Gensis-Block', 'nationalNumber': 0, 'phone': 0, 'age': 0, 'email': 'gensis@blockchain.io', 'birth': '', 'HID': '86b9cfefa3624e99ed49d4b95a65292e3ae59d1acc02e31aa391003979282fe0'}, 'credential': {'image': '', 'credentialID': 0, 'CID': 'be73143655a54956d57ca963bfd4e8437ee884b7a022d790d98afcd91066c65b', 'metadata': {'documentTitle': None, 'documentType': None, 'documentFormat': '.pdf', 'documentContentSize': 0}}, 'issuer': {'name': '', 'businessID': 0, 'AUTHID': '4930fe69eb193324e64c25a851e6c18f3b53657dfcda11c817fc34c450ff953d'}, 'chid': '57a5fa2eabd461db6913d2f6da58ef6fa9222530e0194e0334b3a1d22019344d'} inserted successfully. 
2026-09-29 21:24:09,051 - INFO - [Block Validation] Validatiing the block 0.
2026-09-29 21:24:09,052 - INFO - [Block Validation] The block 0 is valid.
2026-09-29 21:24:09,052 - INFO - [Chain Validation] Chain is valid.
2026-09-29 21:24:09,083 - DEBUG - Using proactor: IocpProactor
2026-09-29 21:24:11,213 - INFO - [Chain Validation] Initializing the chain validator.
2026-09-29 21:24:11,214 - INFO - [Miner]Mining block 0...
2026-09-29 21:24:11,535 - INFO - [Miner] Block 0 mined after 36254 attempts. Nonce: 36254
2026-09-29 21:24:11,536 - WARNING - [Chain Validation] Cannot validate. The ledger is empty.
2026-09-29 21:24:11,537 - INFO - Block with CHID {'user': {'name': 'Gensis-Block', 'nationalNumber': 0, 'phone': 0, 'age': 0, 'email': 'gensis@blockchain.io', 'birth': '', 'HID': '86b9cfefa3624e99ed49d4b95a65292e3ae59d1acc02e31aa391003979282fe0'}, 'credential': {'image': '', 'credentialID': 0, 'CID': 'be73143655a54956d57ca963bfd4e8437ee884b7a022d790d98afcd91066c65b', 'metadata': {'documentTitle': None, 'documentType': None, 'documentFormat': '.pdf', 'documentContentSize': 0}}, 'issuer': {'name': '', 'businessID': 0, 'AUTHID': '4930fe69eb193324e64c25a851e6c18f3b53657dfcda11c817fc34c450ff953d'}, 'chid': '57a5fa2eabd461db6913d2f6da58ef6fa9222530e0194e0334b3a1d22019344d'} inserted successfully. 
2026-09-29 21:24:11,580 - INFO - [Block Validation] Validatiing the block 0.
2026-09-29 21:24:11,581 - INFO - [Block Validation] The block 0 is valid.
2026-09-29 21:24:11,581 - INFO - [Chain Validation] Chain is valid.
2026-09-29 21:24:11,673 - DEBUG - Using proactor: IocpProactor
2026-09-29 21:24:13,871 - INFO - [Chain Validation] Initializing the chain validator.
2026-09-29 21:24:13,872 - INFO - [Block Validation] Validatiing the block 0.
2026-09-29 21:24:13,872 - INFO - [Block Validation] The block 0 is valid.
2026-09-29 21:24:13,872 - INFO - [Chain Validation] Chain is valid.
2026-09-29 21:24:13,873 - INFO - [Chain Validation] Initializing the chain validator.
2026-09-29 21:24:13,874 - INFO - [Block Validation] Validatiing the block 0.
2026-09-29 21:24:13,874 - INFO - [Block Validation] The block 0 is valid.
2026-09-29 21:24:13,874 - INFO - [Chain Validation] Chain is valid.
2026-09-29 21:24:13,875 - INFO - [Chain Validation] Initializing the chain validator.
2026-09-29 21:24:13,875 - INFO - [Block Validation] Validatiing the block 0.
2026-09-29 21:24:13,875 - INFO - [Block Validation] The block 0 is valid.
2026-09-29 21:24:13,876 - INFO - [Chain Validation] Chain is valid.
2026-09-29 21:24:14,864 - INFO - [Chain Validation] Initializing the chain validator.
2026-09-29 21:24:14,865 - INFO - [Block Validation] Validatiing the block 0.
2026-09-29 21:24:14,865 - INFO - [Block Validation] The block 0 is valid.
2026-09-29 21:24:14,865 - INFO - [Chain Validation] Chain is valid.
2026-09-29 21:24:14,873 - INFO - [Chain Validation] Initializing the chain validator.
2026-09-29 21:24:14,874 - INFO - [Block Validation] Validatiing the block 0.
2026-09-29 21:24:14,874 - INFO - [Block Validation] The block 0 is valid.
2026-09-29 21:24:14,874 - INFO - [Chain Validation] Chain is valid.
2026-09-29 21:24:14,875 - INFO - [Chain Validation] Initializing the chain validator.
2026-09-29 21:24:14,876 - INFO - [Block Validation] Validatiing the block 0.
2026-09-29 21:24:14,877 - INFO - [Block Validation] The block 0 is valid.
2026-09-29 21:24:14,877 - INFO - [Chain Validation] Chain is valid.
2026-09-29 21:24:14,875 - INFO - [Chain Validation] Initializing the chain validator.
2026-09-29 21:24:14,877 - INFO - [Block Validation] Validatiing the block 0.
2026-09-29 21:24:14,878 - INFO - [Block Validation] The block 0 is valid.
2026-09-29 21:24:14,878 - INFO - [Chain Validation] Chain is valid.
2026-09-29 21:24:14,878 - INFO - [Chain Validation] Initializing the chain validator.
2026-09-29 21:24:14,878 - INFO - [Block Validation] Validatiing the block 0.
2026-09-29 21:24:14,878 - INFO - [Block Validation] The block 0 is valid.
2026-09-29 21:24:14,878 - INFO - [Chain Validation] Chain is valid.
2026-09-29 21:24:14,878 - INFO - [Chain Validation] Initializing the chain validator.
2026-09-29 21:24:14,879 - INFO - [Block Validation] Validatiing the block 0.
2026-09-29 21:24:14,879 - INFO - [Block Validation] The block 0 is valid.
2026-09-29 21:24:14,879 - INFO - [Chain Validation] Chain is valid.
2026-09-29 21:24:15,948 - INFO - [Chain Validation] Initializing the chain validator.
2026-09-29 21:24:15,949 - INFO - [Block Validation] Validatiing the block 0.
2026-09-29 21:24:15,949 - INFO - [Block Validation] The block 0 is valid.
2026-09-29 21:24:15,949 - INFO - [Chain Validation] Chain is valid.
2026-09-29 21:24:15,950 - INFO - [Chain Validation] Initializing the chain validator.
2026-09-29 21:24:15,950 - INFO - [Block Validation] Validatiing the block 0.
2026-09-29 21:24:15,951 - INFO - [Block Validation] The block 0 is valid.
2026-09-29 21:24:15,951 - INFO - [Chain Validation] Chain is valid.
2026-09-29 21:24:15,951 - INFO - [Chain Validation] Initializing the chain validator.
2026-09-29 21:24:15,952 - INFO - [Block Validation] Validatiing the block 0.
2026-09-29 21:24:15,952 - INFO - [Block Validation] The block 0 is valid.
2026-09-29 21:24:15,953 - INFO - [Chain Validation] Chain is valid.
2026-09-29 21:24:16,451 - INFO - [Chain Validation] Initializing the chain validator.
2026-09-29 21:24:16,452 - INFO - [Block Validation] Validatiing the block 0.
2026-09-29 21:24:16,452 - INFO - [Block Validation] The block 0 is valid.
2026-09-29 21:24:16,452 - INFO - [Chain Validation] Chain is valid.
2026-09-29 21:24:16,452 - INFO - [Chain Validation] Initializing the chain validator.
2026-09-29 21:24:16,453 - INFO - [Block Validation] Validatiing the block 0.
2026-09-29 21:24:16,453 - INFO - [Block Validation] The block 0 is valid.
2026-09-29 21:24:16,453 - INFO - [Chain Validation] Chain is valid.
2026-09-29 21:24:16,454 - INFO - [Chain Validation] Initializing the chain validator.
2026-09-29 21:24:16,454 - INFO - [Block Validation] Validatiing the block 0.
2026-09-29 21:24:16,454 - INFO - [Block Validation] The block 0 is valid.
2026-09-29 21:24:16,455 - INFO - [Chain Validation] Chain is valid.
2026-09-29 21:24:16,961 - INFO - [Miner]Mining block 1...
2026-09-29 21:24:17,044 - INFO - [Miner] Block 1 mined after 13460 attempts. Nonce: 13460
2026-09-29 21:24:17,044 - INFO - [Block Validation] Validatiing the block 0.
2026-09-29 21:24:17,069 - INFO - [Block Validation] The block 0 is valid.
2026-09-29 21:24:17,069 - INFO - [Chain Validation] Chain is valid.
2026-09-29 21:24:17,070 - INFO - Block with CHID {'user': {'name': 'User-NOLOOP', 'nationalNumber': 7007, 'phone': 1, 'age': 25, 'email': 'test@bc.io', 'birth': '', 'HID': '9204bb0f3d33e62f3212261b7abf027426a6b20fa8ccd1f2c4a7538ed28c8b04'}, 'credential': {'image': '', 'credentialID': 7, 'CID': '5195534e1474704f2e4833c44fcc20ab8065a4a611467d50ead1cc7b0027108c', 'metadata': {'documentTitle': None, 'documentType': None, 'documentFormat': '.pdf', 'documentContentSize': 0}}, 'issuer': {'name': 'Auth-NOLOOP', 'businessID': 70, 'AUTHID': 'f7e5f182cca39dd55720473fcc4dc4814d6de1e09319cd582e5e8ebcb3a39af9'}, 'chid': 'da88bcdc04f2dcb2046c40a646c90e5ec832affc116ccfc5b4836b49f1c6b5ff'} inserted successfully. 
2026-09-29 21:24:17,071 - INFO - [Block Validation] Validatiing the block 1.
2026-09-29 21:24:17,072 - INFO - [Block Validation] The block 1 is valid.
2026-09-29 21:24:17,072 - INFO - [Block Validation] Validatiing the block 0.
2026-09-29 21:24:17,072 - INFO - [Block Validation] The block 0 is valid.
2026-09-29 21:24:17,073 - INFO - [Chain Validation] Chain is valid.
2026-09-29 21:24:17,073 - INFO - [Block Validation] Validatiing the block 1.
2026-09-29 21:24:17,073 - INFO - [Block Validation] The block 1 is valid.
2026-09-29 21:24:17,074 - INFO - [Block Validation] Validatiing the block 0.
2026-09-29 21:24:17,074 - INFO - [Block Validation] The block 0 is valid.
2026-09-29 21:24:17,074 - INFO - [Chain Validation] Chain is valid.
2026-09-29 21:24:17,075 - INFO - Block with CHID {'user': {'name': 'User-NOLOOP', 'nationalNumber': 7007, 'phone': 1, 'age': 25, 'email': 'test@bc.io', 'birth': '', 'HID': '9204bb0f3d33e62f3212261b7abf027426a6b20fa8ccd1f2c4a7538ed28c8b04'}, 'credential': {'image': '', 'credentialID': 7, 'CID': '5195534e1474704f2e4833c44fcc20ab8065a4a611467d50ead1cc7b0027108c', 'metadata': {'documentTitle': None, 'documentType': None, 'documentFormat': '.pdf', 'documentContentSize': 0}}, 'issuer': {'name': 'Auth-NOLOOP', 'businessID': 70, 'AUTHID': 'f7e5f182cca39dd55720473fcc4dc4814d6de1e09319cd582e5e8ebcb3a39af9'}, 'chid': 'da88bcdc04f2dcb2046c40a646c90e5ec832affc116ccfc5b4836b49f1c6b5ff'} inserted successfully. 
2026-09-29 21:24:17,075 - INFO - [Block Validation] Received block 1 inserted.
2026-09-29 21:24:17,077 - INFO - Block with CHID {'user': {'name': 'User-NOLOOP', 'nationalNumber': 7007, 'phone': 1, 'age': 25, 'email': 'test@bc.io', 'birth': '', 'HID': '9204bb0f3d33e62f3212261b7abf027426a6b20fa8ccd1f2c4a7538ed28c8b04'}, 'credential': {'image': '', 'credentialID': 7, 'CID': '5195534e1474704f2e4833c44fcc20ab8065a4a611467d50ead1cc7b0027108c', 'metadata': {'documentTitle': None, 'documentType': None, 'documentFormat': '.pdf', 'documentContentSize': 0}}, 'issuer': {'name': 'Auth-NOLOOP', 'businessID': 70, 'AUTHID': 'f7e5f182cca39dd55720473fcc4dc4814d6de1e09319cd582e5e8ebcb3a39af9'}, 'chid': 'da88bcdc04f2dcb2046c40a646c90e5ec832affc116ccfc5b4836b49f1c6b5ff'} inserted successfully. 
2026-09-29 21:24:17,077 - INFO - [Block Validation] Received block 1 inserted.
2026-09-29 21:24:19,909 - INFO - [Chain Validation] Initializing the chain validator.
2026-09-29 21:24:19,916 - INFO - [Miner]Mining block 0...
2026-09-29 21:24:20,126 - INFO - [Miner] Block 0 mined after 36254 attempts. Nonce: 36254
2026-09-29 21:24:20,129 - WARNING - [Chain Validation] Cannot validate. The ledger is empty.
2026-09-29 21:24:20,130 - INFO - Block with CHID {'user': {'name': 'Gensis-Block', 'nationalNumber': 0, 'phone': 0, 'age': 0, 'email': 'gensis@blockchain.io', 'birth': '', 'HID': '86b9cfefa3624e99ed49d4b95a65292e3ae59d1acc02e31aa391003979282fe0'}, 'credential': {'image': '', 'credentialID': 0, 'CID': 'be73143655a54956d57ca963bfd4e8437ee884b7a022d790d98afcd91066c65b', 'metadata': {'documentTitle': None, 'documentType': None, 'documentFormat': '.pdf', 'documentContentSize': 0}}, 'issuer': {'name': '', 'businessID': 0, 'AUTHID': '4930fe69eb193324e64c25a851e6c18f3b53657dfcda11c817fc34c450ff953d'}, 'chid': '57a5fa2eabd461db6913d2f6da58ef6fa9222530e0194e0334b3a1d22019344d'} inserted successfully. 
2026-09-29 21:24:20,144 - INFO - [Block Validation] Validatiing the block 0.
2026-09-29 21:24:20,144 - INFO - [Block Validation] The block 0 is valid.
2026-09-29 21:24:20,145 - INFO - [Chain Validation] Chain is valid.
2026-09-29 21:24:20,151 - INFO - [Chain Validation] Initializing the chain validator.
2026-09-29 21:24:20,152 - INFO - [Miner]Mining block 0...
2026-09-29 21:24:20,485 - INFO - [Miner] Block 0 mined after 36254 attempts. Nonce: 36254
2026-09-29 21:24:20,486 - WARNING - [Chain Validation] Cannot validate. The ledger is empty.
2026-09-29 21:24:20,487 - INFO - Block with CHID {'user': {'name': 'Gensis-Block', 'nationalNumber': 0, 'phone': 0, 'age': 0, 'email': 'gensis@blockchain.io', 'birth': '', 'HID': '86b9cfefa3624e99ed49d4b95a65292e3ae59d1acc02e31aa391003979282fe0'}, 'credential': {'image': '', 'credentialID': 0, 'CID': 'be73143655a54956d57ca963bfd4e8437ee884b7a022d790d98afcd91066c65b', 'metadata': {'documentTitle': None, 'documentType': None, 'documentFormat': '.pdf', 'documentContentSize': 0}}, 'issuer': {'name': '', 'businessID': 0, 'AUTHID': '4930fe69eb193324e64c25a851e6c18f3b53657dfcda11c817fc34c450ff953d'}, 'chid': '57a5fa2eabd461db6913d2f6da58ef6fa9222530e0194e0334b3a1d22019344d'} inserted successfully. 
2026-09-29 21:24:20,505 - INFO - [Block Validation] Validatiing the block 0.
2026-09-29 21:24:20,506 - INFO - [Block Validation] The block 0 is valid.
2026-09-29 21:24:20,506 - INFO - [Chain Validation] Chain is valid.
2026-09-29 21:24:20,654 - INFO - [Chain Validation] Initializing the chain validator.
2026-09-29 21:24:20,656 - INFO - [Miner]Mining block 0...
2026-09-29 21:24:21,018 - INFO - [Miner] Block 0 mined after 36254 attempts. Nonce: 36254
2026-09-29 21:24:21,019 - WARNING - [Chain Validation] Cannot validate. The ledger is empty.
2026-09-29 21:24:21,020 - INFO - Block with CHID {'user': {'name': 'Gensis-Block', 'nationalNumber': 0, 'phone': 0, 'age': 0, 'email': 'gensis@blockchain.io', 'birth': '', 'HID': '86b9cfefa3624e99ed49d4b95a65292e3ae59d1acc02e31aa391003979282fe0'}, 'credential': {'image': '', 'credentialID': 0, 'CID': 'be73143655a54956d57ca963bfd4e8437ee884b7a022d790d98afcd91066c65b', 'metadata': {'documentTitle': None, 'documentType': None, 'documentFormat': '.pdf', 'documentContentSize': 0}}, 'issuer': {'name': '', 'businessID': 0, 'AUTHID': '4930fe69eb193324e64c25a851e6c18f3b53657dfcda11c817fc34c450ff953d'}, 'chid': '57a5fa2eabd461db6913d2f6da58ef6fa9222530e0194e0334b3a1d22019344d'} inserted successfully. 
2026-09-29 21:24:21,152 - INFO - [Block Validation] Validatiing the block 0.
2026-09-29 21:24:21,152 - INFO - [Block Validation] The block 0 is valid.
2026-09-29 21:24:21,152 - INFO - [Chain Validation] Chain is valid.
2026-09-29 21:24:21,152 - INFO - [Miner]Mining block 1...
2026-09-29 21:24:23,540 - INFO - [Miner] Block 1 mined after 263556 attempts. Nonce: 263556
2026-09-29 21:24:23,541 - INFO - [Block Validation] Validatiing the block 0.
2026-09-29 21:24:23,541 - INFO - [Block Validation] The block 0 is valid.
2026-09-29 21:24:23,541 - INFO - [Chain Validation] Chain is valid.
2026-09-29 21:24:23,542 - INFO - Block with CHID {'user': {'name': 'Test', 'nationalNumber': 1, 'phone': 1, 'age': 20, 'email': 'test@bc.io', 'birth': '', 'HID': 'c81ee803e0b4d22ec53f3c9570d7d3aeb35b4c08f621b6ae8aec5c2acbd04cfc'}, 'credential': {'image': '', 'credentialID': 1, 'CID': '7f384ef9d1d01fb1be4b80cbab80e5a4fc6f7ba72faf78fe5db2bc1eb24ada5b', 'metadata': {'documentTitle': None, 'documentType': None, 'documentFormat': '.pdf', 'documentContentSize': 0}}, 'issuer': {'name': 'TestAuth', 'businessID': 1, 'AUTHID': '23a42193fc0960eeefa88e280cdd06ac4474aec773e1e92c69621cba17a57884'}, 'chid': 'b37b57b87e34551147466414755e88cf3d0bdd84a680ed5950eb367730d278c1'} inserted successfully. 
2026-09-29 21:24:23,581 - INFO - [Chain Validation] Initializing the chain validator.
2026-09-29 21:24:23,583 - INFO - [Miner]Mining block 0...
2026-09-29 21:24:23,842 - INFO - [Miner] Block 0 mined after 36254 attempts. Nonce: 36254
2026-09-29 21:24:23,842 - WARNING - [Chain Validation] Cannot validate. The ledger is empty.
2026-09-29 21:24:23,843 - INFO - Block with CHID {'user': {'name': 'Gensis-Block', 'nationalNumber': 0, 'phone': 0, 'age': 0, 'email': 'gensis@blockchain.io', 'birth': '', 'HID': '86b9cfefa3624e99ed49d4b95a65292e3ae59d1acc02e31aa391003979282fe0'}, 'credential': {'image': '', 'credentialID': 0, 'CID': 'be73143655a54956d57ca963bfd4e8437ee884b7a022d790d98afcd91066c65b', 'metadata': {'documentTitle': None, 'documentType': None, 'documentFormat': '.pdf', 'documentContentSize': 0}}, 'issuer': {'name': '', 'businessID': 0, 'AUTHID': '4930fe69eb193324e64c25a851e6c18f3b53657dfcda11c817fc34c450ff953d'}, 'chid': '57a5fa2eabd461db6913d2f6da58ef6fa9222530e0194e0334b3a1d22019344d'} inserted successfully. 
2026-09-29 21:24:23,863 - INFO - [Block Validation] Validatiing the block 0.
2026-09-29 21:24:23,864 - INFO - [Block Validation] The block 0 is valid.
2026-09-29 21:24:23,864 - INFO - [Chain Validation] Chain is valid.
2026-09-29 21:24:23,864 - INFO - [Miner]Mining block 1...
2026-09-29 21:24:25,941 - INFO - [Miner] Block 1 mined after 263556 attempts. Nonce: 263556
2026-09-29 21:24:25,941 - INFO - [Block Validation] Validatiing the block 0.
2026-09-29 21:24:25,942 - INFO - [Block Validation] The block 0 is valid.
2026-09-29 21:24:25,943 - INFO - [Chain Validation] Chain is valid.
2026-09-29 21:24:25,944 - INFO - Block with CHID {'user': {'name': 'Test', 'nationalNumber': 1, 'phone': 1, 'age': 20, 'email': 'test@bc.io', 'birth': '', 'HID': 'c81ee803e0b4d22ec53f3c9570d7d3aeb35b4c08f621b6ae8aec5c2acbd04cfc'}, 'credential': {'image': '', 'credentialID': 1, 'CID': '7f384ef9d1d01fb1be4b80cbab80e5a4fc6f7ba72faf78fe5db2bc1eb24ada5b', 'metadata': {'documentTitle': None, 'documentType': None, 'documentFormat': '.pdf', 'documentContentSize': 0}}, 'issuer': {'name': 'TestAuth', 'businessID': 1, 'AUTHID': '23a42193fc0960eeefa88e280cdd06ac4474aec773e1e92c69621cba17a57884'}, 'chid': 'b37b57b87e34551147466414755e88cf3d0bdd84a680ed5950eb367730d278c1'} inserted successfully. 
2026-09-29 21:24:25,945 - INFO - [Chain Validation] Initializing the chain validator.
2026-09-29 21:24:25,962 - INFO - [Block Validation] Validatiing the block 0.
2026-09-29 21:24:25,962 - INFO - [Block Validation] The block 0 is valid.
2026-09-29 21:24:25,963 - INFO - [Block Validation] Validatiing the block 1.
2026-09-29 21:24:25,963 - INFO - [Block Validation] The block 1 is valid.
2026-09-29 21:24:25,963 - INFO - [Chain Validation] Chain is valid.
2026-09-29 21:24:26,164 - INFO - [Chain Validation] Initializing the chain validator.
2026-09-29 21:24:26,368 - INFO - [Chain Validation] Initializing the chain validator.
2026-09-29 21:24:26,432 - INFO - [Chain Validation] Initializing the chain validator.
2026-09-29 21:24:26,435 - INFO - [Miner]Mining block 0...
2026-09-29 21:24:27,066 - INFO - [Miner] Block 0 mined after 36254 attempts. Nonce: 36254
2026-09-29 21:24:27,067 - WARNING - [Chain Validation] Cannot validate. The ledger is empty.
2026-09-29 21:24:27,069 - INFO - Block with CHID {'user': {'name': 'Gensis-Block', 'nationalNumber': 0, 'phone': 0, 'age': 0, 'email': 'gensis@blockchain.io', 'birth': '', 'HID': '86b9cfefa3624e99ed49d4b95a65292e3ae59d1acc02e31aa391003979282fe0'}, 'credential': {'image': '', 'credentialID': 0, 'CID': 'be73143655a54956d57ca963bfd4e8437ee884b7a022d790d98afcd91066c65b', 'metadata': {'documentTitle': None, 'documentType': None, 'documentFormat': '.pdf', 'documentContentSize': 0}}, 'issuer': {'name': '', 'businessID': 0, 'AUTHID': '4930fe69eb193324e64c25a851e6c18f3b53657dfcda11c817fc34c450ff953d'}, 'chid': '57a5fa2eabd461db6913d2f6da58ef6fa9222530e0194e0334b3a1d22019344d'} inserted successfully. 
2026-09-29 21:24:27,086 - INFO - [Block Validation] Validatiing the block 0.
2026-09-29 21:24:27,086 - INFO - [Block Validation] The block 0 is valid.
2026-09-29 21:24:27,087 - INFO - [Chain Validation] Chain is valid.
2026-09-29 21:24:27,087 - INFO - [Miner]Mining block 1...
2026-09-29 21:24:29,427 - INFO - [Miner] Block 1 mined after 263556 attempts. Nonce: 263556
2026-09-29 21:24:29,432 - INFO - [Block Validation] Validatiing the block 0.
2026-09-29 21:24:29,432 - INFO - [Block Validation] The block 0 is valid.
2026-09-29 21:24:29,433 - INFO - [Chain Validation] Chain is valid.
2026-09-29 21:24:29,434 - INFO - Block with CHID {'user': {'name': 'Test', 'nationalNumber': 1, 'phone': 1, 'age': 20, 'email': 'test@bc.io', 'birth': '', 'HID': 'c81ee803e0b4d22ec53f3c9570d7d3aeb35b4c08f621b6ae8aec5c2acbd04cfc'}, 'credential': {'image': '', 'credentialID': 1, 'CID': '7f384ef9d1d01fb1be4b80cbab80e5a4fc6f7ba72faf78fe5db2bc1eb24ada5b', 'metadata': {'documentTitle': None, 'documentType': None, 'documentFormat': '.pdf', 'documentContentSize': 0}}, 'issuer': {'name': 'TestAuth', 'businessID': 1, 'AUTHID': '23a42193fc0960eeefa88e280cdd06ac4474aec773e1e92c69621cba17a57884'}, 'chid': 'b37b57b87e34551147466414755e88cf3d0bdd84a680ed5950eb367730d278c1'} inserted successfully. 
2026-09-29 21:24:29,449 - INFO - [Chain Validation] Initializing the chain validator.
2026-09-29 21:24:29,451 - INFO - [Miner]Mining block 0...
2026-09-29 21:24:29,762 - INFO - [Miner] Block 0 mined after 36254 attempts. Nonce: 36254
2026-09-29 21:24:29,762 - WARNING - [Chain Validation] Cannot validate. The ledger is empty.
2026-09-29 21:24:29,764 - INFO - Block with CHID {'user': {'name': 'Gensis-Block', 'nationalNumber': 0, 'phone': 0, 'age': 0, 'email': 'gensis@blockchain.io', 'birth': '', 'HID': '86b9cfefa3624e99ed49d4b95a65292e3ae59d1acc02e31aa391003979282fe0'}, 'credential': {'image': '', 'credentialID': 0, 'CID': 'be73143655a54956d57ca963bfd4e8437ee884b7a022d790d98afcd91066c65b', 'metadata': {'documentTitle': None, 'documentType': None, 'documentFormat': '.pdf', 'documentContentSize': 0}}, 'issuer': {'name': '', 'businessID': 0, 'AUTHID': '4930fe69eb193324e64c25a851e6c18f3b53657dfcda11c817fc34c450ff953d'}, 'chid': '57a5fa2eabd461db6913d2f6da58ef6fa9222530e0194e0334b3a1d22019344d'} inserted successfully. 
2026-09-29 21:24:29,783 - INFO - [Block Validation] Validatiing the block 0.
2026-09-29 21:24:29,783 - INFO - [Block Validation] The block 0 is valid.
2026-09-29 21:24:29,783 - INFO - [Chain Validation] Chain is valid.
2026-09-29 21:24:29,783 - INFO - [Miner]Mining block 1...
2026-09-29 21:24:32,496 - INFO - [Miner] Block 1 mined after 263556 attempts. Nonce: 263556
2026-09-29 21:24:32,497 - INFO - [Block Validation] Validatiing the block 0.
2026-09-29 21:24:32,497 - INFO - [Block Validation] The block 0 is valid.
2026-09-29 21:24:32,497 - INFO - [Chain Validation] Chain is valid.
2026-09-29 21:24:32,498 - INFO - Block with CHID {'user': {'name': 'Test', 'nationalNumber': 1, 'phone': 1, 'age': 20, 'email': 'test@bc.io', 'birth': '', 'HID': 'c81ee803e0b4d22ec53f3c9570d7d3aeb35b4c08f621b6ae8aec5c2acbd04cfc'}, 'credential': {'image': '', 'credentialID': 1, 'CID': '7f384ef9d1d01fb1be4b80cbab80e5a4fc6f7ba72faf78fe5db2bc1eb24ada5b', 'metadata': {'documentTitle': None, 'documentType': None, 'documentFormat': '.pdf', 'documentContentSize': 0}}, 'issuer': {'name': 'TestAuth', 'businessID': 1, 'AUTHID': '23a42193fc0960eeefa88e280cdd06ac4474aec773e1e92c69621cba17a57884'}, 'chid': 'b37b57b87e34551147466414755e88cf3d0bdd84a680ed5950eb367730d278c1'} inserted successfully. 
2026-09-29 21:24:32,581 - INFO - [Miner]Mining block 2...
2026-09-29 21:24:35,251 - INFO - [Miner] Block 2 mined after 226526 attempts. Nonce: 226526
2026-09-29 21:24:35,252 - INFO - [Block Validation] Validatiing the block 0.
2026-09-29 21:24:35,252 - WARNING - [Block Validation] The block 0 is modified !
2026-09-29 21:24:35,605 - INFO - [Miner]Mining block 0...
2026-09-29 21:24:37,381 - INFO - [Miner] Block 0 mined after 178682 attempts. Nonce: 178682
2026-09-29 21:24:37,386 - INFO - [Miner]Mining block 0...
2026-09-29 21:24:38,785 - INFO - [Miner] Block 0 mined after 178682 attempts. Nonce: 178682
2026-09-29 21:24:38,912 - INFO - [Miner]Mining block 0...
2026-09-29 21:24:41,041 - INFO - [Miner] Block 0 mined after 178682 attempts. Nonce: 178682
2026-09-29 21:24:41,046 - INFO - [Miner]Mining block 0...
2026-09-29 21:24:42,203 - INFO - [Miner] Block 0 mined after 178682 attempts. Nonce: 178682
2026-09-29 21:24:42,204 - INFO - [Miner]Mining block 0...
2026-09-29 21:24:43,712 - INFO - [Miner] Block 0 mined after 178682 attempts. Nonce: 178682
2026-09-29 21:24:43,935 - INFO - [Miner]Mining block 0...
2026-09-29 21:24:45,973 - INFO - [Miner] Block 0 mined after 178682 attempts. Nonce: 178682
2026-09-29 21:24:46,049 - INFO - [Miner]Mining block 0...
2026-09-29 21:24:47,316 - INFO - [Miner] Block 0 mined after 178682 attempts. Nonce: 178682
2026-09-29 21:24:47,320 - INFO - [Miner]Mining block 0...
2026-09-29 21:24:48,559 - INFO - [Miner] Block 0 mined after 178682 attempts. Nonce: 178682
2026-09-29 21:24:48,570 - INFO - [Chain Validation] Initializing the chain validator.
2026-09-29 21:24:48,573 - INFO - [Miner]Mining block 0...
2026-09-29 21:24:48,794 - INFO - [Miner] Block 0 mined after 36254 attempts. Nonce: 36254
2026-09-29 21:24:48,794 - WARNING - [Chain Validation] Cannot validate. The ledger is empty.
2026-09-29 21:24:48,795 - INFO - Block with CHID {'user': {'name': 'Gensis-Block', 'nationalNumber': 0, 'phone': 0, 'age': 0, 'email': 'gensis@blockchain.io', 'birth': '', 'HID': '86b9cfefa3624e99ed49d4b95a65292e3ae59d1acc02e31aa391003979282fe0'}, 'credential': {'image': '', 'credentialID': 0, 'CID': 'be73143655a54956d57ca963bfd4e8437ee884b7a022d790d98afcd91066c65b', 'metadata': {'documentTitle': None, 'documentType': None, 'documentFormat': '.pdf', 'documentContentSize': 0}}, 'issuer': {'name': '', 'businessID': 0, 'AUTHID': '4930fe69eb193324e64c25a851e6c18f3b53657dfcda11c817fc34c450ff953d'}, 'chid': '57a5fa2eabd461db6913d2f6da58ef6fa9222530e0194e0334b3a1d22019344d'} inserted successfully. 
2026-09-29 21:24:48,822 - INFO - [Block Validation] Validatiing the block 0.
2026-09-29 21:24:48,823 - INFO - [Block Validation] The block 0 is valid.
2026-09-29 21:24:48,823 - INFO - [Chain Validation] Chain is valid.
2026-09-29 21:24:48,825 - INFO - [Miner]Mining block 1...
2026-09-29 21:24:49,031 - INFO - [Miner] Block 1 mined after 14129 attempts. Nonce: 14129
2026-09-29 21:24:49,075 - INFO - [Block Validation] Validatiing the block 0.
2026-09-29 21:24:49,075 - INFO - [Block Validation] The block 0 is valid.
2026-09-29 21:24:49,076 - INFO - [Chain Validation] Chain is valid.
2026-09-29 21:24:49,077 - INFO - Block with CHID {'user': {'name': 'UserA', 'nationalNumber': 111, 'phone': 1, 'age': 20, 'email': 'test@bc.io', 'birth': '', 'HID': '9f4cde88a98f20e3bd8843fbedc73e92119234c53817d598c6fbe353eb4b9a27'}, 'credential': {'image': '', 'credentialID': 1, 'CID': '7f384ef9d1d01fb1be4b80cbab80e5a4fc6f7ba72faf78fe5db2bc1eb24ada5b', 'metadata': {'documentTitle': None, 'documentType': None, 'documentFormat': '.pdf', 'documentContentSize': 0}}, 'issuer': {'name': 'AuthA', 'businessID': 10, 'AUTHID': '92dd4a13a9d1fe7e2a81b238390d924553ac9598b968f9230bc1b60596e16a1c'}, 'chid': '91d3242d808e94e965bca4109795cc96cee7fd1e744f4d90050f68cfe17170bf'} inserted successfully. 
2026-09-29 21:24:49,384 - INFO - [Chain Validation] Initializing the chain validator.
2026-09-29 21:24:49,387 - INFO - [Miner]Mining block 0...
2026-09-29 21:24:49,800 - INFO - [Miner] Block 0 mined after 36254 attempts. Nonce: 36254
2026-09-29 21:24:49,800 - WARNING - [Chain Validation] Cannot validate. The ledger is empty.
2026-09-29 21:24:49,847 - INFO - Block with CHID {'user': {'name': 'Gensis-Block', 'nationalNumber': 0, 'phone': 0, 'age': 0, 'email': 'gensis@blockchain.io', 'birth': '', 'HID': '86b9cfefa3624e99ed49d4b95a65292e3ae59d1acc02e31aa391003979282fe0'}, 'credential': {'image': '', 'credentialID': 0, 'CID': 'be73143655a54956d57ca963bfd4e8437ee884b7a022d790d98afcd91066c65b', 'metadata': {'documentTitle': None, 'documentType': None, 'documentFormat': '.pdf', 'documentContentSize': 0}}, 'issuer': {'name': '', 'businessID': 0, 'AUTHID': '4930fe69eb193324e64c25a851e6c18f3b53657dfcda11c817fc34c450ff953d'}, 'chid': '57a5fa2eabd461db6913d2f6da58ef6fa9222530e0194e0334b3a1d22019344d'} inserted successfully. 
2026-09-29 21:24:49,963 - INFO - [Block Validation] Validatiing the block 0.
2026-09-29 21:24:49,964 - INFO - [Block Validation] The block 0 is valid.
2026-09-29 21:24:49,964 - INFO - [Chain Validation] Chain is valid.
2026-09-29 21:24:50,071 - INFO - [Chain Validation] Initializing the chain validator.
2026-09-29 21:24:50,074 - INFO - [Miner]Mining block 0...
2026-09-29 21:24:50,437 - INFO - [Miner] Block 0 mined after 36254 attempts. Nonce: 36254
2026-09-29 21:24:50,437 - WARNING - [Chain Validation] Cannot validate. The ledger is empty.
2026-09-29 21:24:50,440 - INFO - Block with CHID {'user': {'name': 'Gensis-Block', 'nationalNumber': 0, 'phone': 0, 'age': 0, 'email': 'gensis@blockchain.io', 'birth': '', 'HID': '86b9cfefa3624e99ed49d4b95a65292e3ae59d1acc02e31aa391003979282fe0'}, 'credential': {'image': '', 'credentialID': 0, 'CID': 'be73143655a54956d57ca963bfd4e8437ee884b7a022d790d98afcd91066c65b', 'metadata': {'documentTitle': None, 'documentType': None, 'documentFormat': '.pdf', 'documentContentSize': 0}}, 'issuer': {'name': '', 'businessID': 0, 'AUTHID': '4930fe69eb193324e64c25a851e6c18f3b53657dfcda11c817fc34c450ff953d'}, 'chid': '57a5fa2eabd461db6913d2f6da58ef6fa9222530e0194e0334b3a1d22019344d'} inserted successfully. 
2026-09-29 21:24:50,458 - INFO - [Block Validation] Validatiing the block 0.
2026-09-29 21:24:50,459 - INFO - [Block Validation] The block 0 is valid.
2026-09-29 21:24:50,459 - INFO - [Chain Validation] Chain is valid.
2026-09-29 21:24:50,623 - INFO - [Chain Validation] Initializing the chain validator.
2026-09-29 21:24:50,625 - INFO - [Miner]Mining block 0...
2026-09-29 21:24:51,072 - INFO - [Miner] Block 0 mined after 36254 attempts. Nonce: 36254
2026-09-29 21:24:51,073 - WARNING - [Chain Validation] Cannot validate. The ledger is empty.
2026-09-29 21:24:51,074 - INFO - Block with CHID {'user': {'name': 'Gensis-Block', 'nationalNumber': 0, 'phone': 0, 'age': 0, 'email': 'gensis@blockchain.io', 'birth': '', 'HID': '86b9cfefa3624e99ed49d4b95a65292e3ae59d1acc02e31aa391003979282fe0'}, 'credential': {'image': '', 'credentialID': 0, 'CID': 'be73143655a54956d57ca963bfd4e8437ee884b7a022d790d98afcd91066c65b', 'metadata': {'documentTitle': None, 'documentType': None, 'documentFormat': '.pdf', 'documentContentSize': 0}}, 'issuer': {'name': '', 'businessID': 0, 'AUTHID': '4930fe69eb193324e64c25a851e6c18f3b53657dfcda11c817fc34c450ff953d'}, 'chid': '57a5fa2eabd461db6913d2f6da58ef6fa9222530e0194e0334b3a1d22019344d'} inserted successfully. 
2026-09-29 21:24:51,097 - INFO - [Block Validation] Validatiing the block 0.
2026-09-29 21:24:51,097 - INFO - [Block Validation] The block 0 is valid.
2026-09-29 21:24:51,097 - INFO - [Chain Validation] Chain is valid.
2026-09-29 21:24:51,098 - INFO - [Chain Validation] Initializing the chain validator.
2026-09-29 21:24:51,099 - INFO - [Miner]Mining block 0...
2026-09-29 21:24:51,371 - INFO - [Miner] Block 0 mined after 36254 attempts. Nonce: 36254
2026-09-29 21:24:51,371 - WARNING - [Chain Validation] Cannot validate. The ledger is empty.
2026-09-29 21:24:51,372 - INFO - Block with CHID {'user': {'name': 'Gensis-Block', 'nationalNumber': 0, 'phone': 0, 'age': 0, 'email': 'gensis@blockchain.io', 'birth': '', 'HID': '86b9cfefa3624e99ed49d4b95a65292e3ae59d1acc02e31aa391003979282fe0'}, 'credential': {'image': '', 'credentialID': 0, 'CID': 'be73143655a54956d57ca963bfd4e8437ee884b7a022d790d98afcd91066c65b', 'metadata': {'documentTitle': None, 'documentType': None, 'documentFormat': '.pdf', 'documentContentSize': 0}}, 'issuer': {'name': '', 'businessID': 0, 'AUTHID': '4930fe69eb193324e64c25a851e6c18f3b53657dfcda11c817fc34c450ff953d'}, 'chid': '57a5fa2eabd461db6913d2f6da58ef6fa9222530e0194e0334b3a1d22019344d'} inserted successfully. 
2026-09-29 21:24:51,408 - INFO - [Block Validation] Validatiing the block 0.
2026-09-29 21:24:51,408 - INFO - [Block Validation] The block 0 is valid.
2026-09-29 21:24:51,408 - INFO - [Chain Validation] Chain is valid.
2026-09-29 21:24:51,410 - INFO - [Miner]Mining block 1...
2026-09-29 21:24:51,655 - INFO - [Miner] Block 1 mined after 40144 attempts. Nonce: 40144
2026-09-29 21:24:51,656 - INFO - [Block Validation] Validatiing the block 0.
2026-09-29 21:24:51,656 - INFO - [Block Validation] The block 0 is valid.
2026-09-29 21:24:51,656 - INFO - [Chain Validation] Chain is valid.
2026-09-29 21:24:51,657 - INFO - Block with CHID {'user': {'name': 'UserD', 'nationalNumber': 444, 'phone': 1, 'age': 20, 'email': 'test@bc.io', 'birth': '', 'HID': 'e3850ec7afd807b928980920c587fef33ce2966888a1756994faa66f066481bf'}, 'credential': {'image': '', 'credentialID': 4, 'CID': '4908fb8fdf26d9831aaac4644ad546cbf3d009056df5e6447a8a540ad48b4828', 'metadata': {'documentTitle': None, 'documentType': None, 'documentFormat': '.pdf', 'documentContentSize': 0}}, 'issuer': {'name': 'AuthD', 'businessID': 40, 'AUTHID': '1805ecaab52f663994fce6a3f780c0cfcb0c8c51a25ba1c59e3364a2a3cb10a1'}, 'chid': 'e9dc8111ec4e6ab79a2aa2004bf9641d313a391261ceed10dd79f0c7ea37f87e'} inserted successfully. 
2026-09-29 21:24:51,664 - INFO - [Chain Validation] Initializing the chain validator.
2026-09-29 21:24:51,666 - INFO - [Miner]Mining block 0...
2026-09-29 21:24:51,900 - INFO - [Miner] Block 0 mined after 36254 attempts. Nonce: 36254
2026-09-29 21:24:51,901 - WARNING - [Chain Validation] Cannot validate. The ledger is empty.
2026-09-29 21:24:51,902 - INFO - Block with CHID {'user': {'name': 'Gensis-Block', 'nationalNumber': 0, 'phone': 0, 'age': 0, 'email': 'gensis@blockchain.io', 'birth': '', 'HID': '86b9cfefa3624e99ed49d4b95a65292e3ae59d1acc02e31aa391003979282fe0'}, 'credential': {'image': '', 'credentialID': 0, 'CID': 'be73143655a54956d57ca963bfd4e8437ee884b7a022d790d98afcd91066c65b', 'metadata': {'documentTitle': None, 'documentType': None, 'documentFormat': '.pdf', 'documentContentSize': 0}}, 'issuer': {'name': '', 'businessID': 0, 'AUTHID': '4930fe69eb193324e64c25a851e6c18f3b53657dfcda11c817fc34c450ff953d'}, 'chid': '57a5fa2eabd461db6913d2f6da58ef6fa9222530e0194e0334b3a1d22019344d'} inserted successfully. 
2026-09-29 21:24:51,917 - INFO - [Block Validation] Validatiing the block 0.
2026-09-29 21:24:51,918 - INFO - [Block Validation] The block 0 is valid.
2026-09-29 21:24:51,918 - INFO - [Chain Validation] Chain is valid.
2026-09-29 21:24:51,918 - INFO - [Chain Validation] Initializing the chain validator.
2026-09-29 21:24:51,920 - INFO - [Miner]Mining block 0...
2026-09-29 21:24:52,144 - INFO - [Miner] Block 0 mined after 36254 attempts. Nonce: 36254
2026-09-29 21:24:52,145 - WARNING - [Chain Validation] Cannot validate. The ledger is empty.
2026-09-29 21:24:52,146 - INFO - Block with CHID {'user': {'name': 'Gensis-Block', 'nationalNumber': 0, 'phone': 0, 'age': 0, 'email': 'gensis@blockchain.io', 'birth': '', 'HID': '86b9cfefa3624e99ed49d4b95a65292e3ae59d1acc02e31aa391003979282fe0'}, 'credential': {'image': '', 'credentialID': 0, 'CID': 'be73143655a54956d57ca963bfd4e8437ee884b7a022d790d98afcd91066c65b', 'metadata': {'documentTitle': None, 'documentType': None, 'documentFormat': '.pdf', 'documentContentSize': 0}}, 'issuer': {'name': '', 'businessID': 0, 'AUTHID': '4930fe69eb193324e64c25a851e6c18f3b53657dfcda11c817fc34c450ff953d'}, 'chid': '57a5fa2eabd461db6913d2f6da58ef6fa9222530e0194e0334b3a1d22019344d'} inserted successfully. 
2026-09-29 21:24:52,168 - INFO - [Block Validation] Validatiing the block 0.
2026-09-29 21:24:52,168 - INFO - [Block Validation] The block 0 is valid.
2026-09-29 21:24:52,168 - INFO - [Chain Validation] Chain is valid.
2026-09-29 21:24:52,169 - INFO - [Miner]Mining block 1...
2026-09-29 21:24:53,117 - INFO - [Miner] Block 1 mined after 134536 attempts. Nonce: 134536
2026-09-29 21:24:53,118 - INFO - [Block Validation] Validatiing the block 0.
2026-09-29 21:24:53,118 - INFO - [Block Validation] The block 0 is valid.
2026-09-29 21:24:53,118 - INFO - [Chain Validation] Chain is valid.
2026-09-29 21:24:53,121 - INFO - Block with CHID {'user': {'name': 'UserE', 'nationalNumber': 501, 'phone': 1, 'age': 20, 'email': 'test@bc.io', 'birth': '', 'HID': '28c1de928ed64fc557e548fccf6a2ef9fa5c039abfc374b54f838a2055b7b76e'}, 'credential': {'image': '', 'credentialID': 5, 'CID': '2fcaeb068b34deac6567700d01949fa8aaa180b33b775a341944180e07d04ab0', 'metadata': {'documentTitle': None, 'documentType': None, 'documentFormat': '.pdf', 'documentContentSize': 0}}, 'issuer': {'name': 'AuthE', 'businessID': 50, 'AUTHID': 'e286e8847b7fb1fc3814f84eb0678f5f6064cd5318ea4a39ea058c26218e2e1e'}, 'chid': 'b9b6a25796660591bc3cf1d1c98e835de482d6852a741d625727088a0b4ccd25'} inserted successfully. 
2026-09-29 21:24:53,121 - INFO - [Miner]Mining block 1...
2026-09-29 21:24:53,129 - INFO - [Miner] Block 1 mined after 939 attempts. Nonce: 939
2026-09-29 21:24:53,130 - INFO - [Block Validation] Validatiing the block 0.
2026-09-29 21:24:53,131 - INFO - [Block Validation] The block 0 is valid.
2026-09-29 21:24:53,132 - INFO - [Chain Validation] Chain is valid.
2026-09-29 21:24:53,133 - INFO - Block with CHID {'user': {'name': 'UserF', 'nationalNumber': 502, 'phone': 1, 'age': 20, 'email': 'test@bc.io', 'birth': '', 'HID': 'ab34de24c04db737c23a565685ac69c14196dbc5bef63905e867b84f27ca7d0a'}, 'credential': {'image': '', 'credentialID': 6, 'CID': '1fc8c4bc48a39c1587ac2826279b14bb717c505ac3691f8cd0120b7c78370800', 'metadata': {'documentTitle': None, 'documentType': None, 'documentFormat': '.pdf', 'documentContentSize': 0}}, 'issuer': {'name': 'AuthF', 'businessID': 51, 'AUTHID': '8f32f50efdb148cfa54c8a387bde61a643ccdb3441c83197f3f05f6564aff42a'}, 'chid': 'ed688dde3a59150ea0a2269d84215f588d6bac736493b105bc3353e372336fcb'} inserted successfully. 
2026-09-29 21:24:53,142 - INFO - [Chain Validation] Initializing the chain validator.
2026-09-29 21:24:53,144 - INFO - [Miner]Mining block 0...
2026-09-29 21:24:53,440 - INFO - [Miner] Block 0 mined after 36254 attempts. Nonce: 36254
2026-09-29 21:24:53,440 - WARNING - [Chain Validation] Cannot validate. The ledger is empty.
2026-09-29 21:24:53,441 - INFO - Block with CHID {'user': {'name': 'Gensis-Block', 'nationalNumber': 0, 'phone': 0, 'age': 0, 'email': 'gensis@blockchain.io', 'birth': '', 'HID': '86b9cfefa3624e99ed49d4b95a65292e3ae59d1acc02e31aa391003979282fe0'}, 'credential': {'image': '', 'credentialID': 0, 'CID': 'be73143655a54956d57ca963bfd4e8437ee884b7a022d790d98afcd91066c65b', 'metadata': {'documentTitle': None, 'documentType': None, 'documentFormat': '.pdf', 'documentContentSize': 0}}, 'issuer': {'name': '', 'businessID': 0, 'AUTHID': '4930fe69eb193324e64c25a851e6c18f3b53657dfcda11c817fc34c450ff953d'}, 'chid': '57a5fa2eabd461db6913d2f6da58ef6fa9222530e0194e0334b3a1d22019344d'} inserted successfully. 
2026-09-29 21:24:53,458 - INFO - [Block Validation] Validatiing the block 0.
2026-09-29 21:24:53,459 - INFO - [Block Validation] The block 0 is valid.
2026-09-29 21:24:53,459 - INFO - [Chain Validation] Chain is valid.
2026-09-29 21:24:53,460 - INFO - [Miner]Mining block 1...
2026-09-29 21:24:53,961 - INFO - [Miner] Block 1 mined after 69333 attempts. Nonce: 69333
2026-09-29 21:24:53,962 - INFO - [Block Validation] Validatiing the block 0.
2026-09-29 21:24:53,963 - INFO - [Block Validation] The block 0 is valid.
2026-09-29 21:24:53,963 - INFO - [Chain Validation] Chain is valid.
2026-09-29 21:24:53,964 - INFO - Block with CHID {'user': {'name': 'UserG', 'nationalNumber': 601, 'phone': 1, 'age': 20, 'email': 'test@bc.io', 'birth': '', 'HID': 'f0689b501e564f692b4dea0b331b6e5395bdacf4b1853b0a37b16851e758f1dc'}, 'credential': {'image': '', 'credentialID': 7, 'CID': '5195534e1474704f2e4833c44fcc20ab8065a4a611467d50ead1cc7b0027108c', 'metadata': {'documentTitle': None, 'documentType': None, 'documentFormat': '.pdf', 'documentContentSize': 0}}, 'issuer': {'name': 'AuthG', 'businessID': 60, 'AUTHID': '983a842799b96b20365f9d408c4b51c0edcf05d5943756de4becd536d2e5a7b9'}, 'chid': 'df7b9400edaa48bf7d0cd0b9b78e77f28fa6210ba0c1c903b954edcd12d89fe4'} inserted successfully. 
2026-09-29 21:24:53,971 - INFO - [Chain Validation] Initializing the chain validator.
2026-09-29 21:24:53,972 - INFO - [Miner]Mining block 0...
2026-09-29 21:24:54,369 - INFO - [Miner] Block 0 mined after 36254 attempts. Nonce: 36254
2026-09-29 21:24:54,369 - WARNING - [Chain Validation] Cannot validate. The ledger is empty.
2026-09-29 21:24:54,371 - INFO - Block with CHID {'user': {'name': 'Gensis-Block', 'nationalNumber': 0, 'phone': 0, 'age': 0, 'email': 'gensis@blockchain.io', 'birth': '', 'HID': '86b9cfefa3624e99ed49d4b95a65292e3ae59d1acc02e31aa391003979282fe0'}, 'credential': {'image': '', 'credentialID': 0, 'CID': 'be73143655a54956d57ca963bfd4e8437ee884b7a022d790d98afcd91066c65b', 'metadata': {'documentTitle': None, 'documentType': None, 'documentFormat': '.pdf', 'documentContentSize': 0}}, 'issuer': {'name': '', 'businessID': 0, 'AUTHID': '4930fe69eb193324e64c25a851e6c18f3b53657dfcda11c817fc34c450ff953d'}, 'chid': '57a5fa2eabd461db6913d2f6da58ef6fa9222530e0194e0334b3a1d22019344d'} inserted successfully. 
2026-09-29 21:24:54,387 - INFO - [Block Validation] Validatiing the block 0.
2026-09-29 21:24:54,388 - INFO - [Block Validation] The block 0 is valid.
2026-09-29 21:24:54,388 - INFO - [Chain Validation] Chain is valid.
2026-09-29 21:24:54,389 - INFO - [Miner]Mining block 1...
2026-09-29 21:24:54,546 - INFO - [Miner] Block 1 mined after 9164 attempts. Nonce: 9164
2026-09-29 21:24:54,546 - INFO - [Block Validation] Validatiing the block 0.
2026-09-29 21:24:54,547 - INFO - [Block Validation] The block 0 is valid.
2026-09-29 21:24:54,547 - INFO - [Chain Validation] Chain is valid.
2026-09-29 21:24:54,548 - INFO - Block with CHID {'user': {'name': 'UserH', 'nationalNumber': 701, 'phone': 1, 'age': 20, 'email': 'test@bc.io', 'birth': '', 'HID': '5f4020373e54d54e29311d11ebda67f79f026b59f38bae07546886dcd32ba88b'}, 'credential': {'image': '', 'credentialID': 8, 'CID': '60a86b7ed2c918d8e2653aff1adc1fcc24eeaac406e8e7cce05afde14bd2dfe5', 'metadata': {'documentTitle': None, 'documentType': None, 'documentFormat': '.pdf', 'documentContentSize': 0}}, 'issuer': {'name': 'AuthH', 'businessID': 70, 'AUTHID': 'f1e927ee27754d6750d703f525181a05a299dc37b87c2ec8f8c562a1827f51df'}, 'chid': '151413c6318a1799c1deb41d706851363d01f2eafa168b416b0a44edba600954'} inserted successfully. 
2026-09-29 21:49:44,189 - INFO - [Chain Validation] Initializing the chain validator.
2026-09-29 21:49:44,200 - INFO - [Miner]Mining block 0...
2026-09-29 21:49:44,620 - INFO - [Miner] Block 0 mined after 36254 attempts. Nonce: 36254
2026-09-29 21:49:44,624 - WARNING - [Chain Validation] Cannot validate. The ledger is empty.
2026-09-29 21:49:44,626 - INFO - Block with CHID {'user': {'name': 'Gensis-Block', 'nationalNumber': 0, 'phone': 0, 'age': 0, 'email': 'gensis@blockchain.io', 'birth': '', 'HID': '86b9cfefa3624e99ed49d4b95a65292e3ae59d1acc02e31aa391003979282fe0'}, 'credential': {'image': '', 'credentialID': 0, 'CID': 'be73143655a54956d57ca963bfd4e8437ee884b7a022d790d98afcd91066c65b', 'metadata': {'documentTitle': None, 'documentType': None, 'documentFormat': None, 'documentContentSize': 0}}, 'issuer': {'name': '', 'businessID': 0, 'AUTHID': '4930fe69eb193324e64c25a851e6c18f3b53657dfcda11c817fc34c450ff953d'}, 'chid': '57a5fa2eabd461db6913d2f6da58ef6fa9222530e0194e0334b3a1d22019344d'} inserted successfully. 
2026-09-29 21:49:44,742 - INFO - [Block Validation] Validatiing the block 0.
2026-09-29 21:49:44,743 - INFO - [Block Validation] The block 0 is valid.
2026-09-29 21:49:44,743 - INFO - [Chain Validation] Chain is valid.
2026-09-29 21:49:45,393 - DEBUG - Using proactor: IocpProactor
2026-09-29 21:49:45,456 - INFO - HTTP Request: POST http://testserver/register "HTTP/1.1 400 Bad Request"
2026-09-29 21:49:46,179 - INFO - [Chain Validation] Initializing the chain validator.
2026-09-29 21:49:46,185 - INFO - [Miner]Mining block 0...
2026-09-29 21:49:46,505 - INFO - [Miner] Block 0 mined after 36254 attempts. Nonce: 36254
2026-09-29 21:49:46,505 - WARNING - [Chain Validation] Cannot validate. The ledger is empty.
2026-09-29 21:49:46,506 - INFO - Block with CHID {'user': {'name': 'Gensis-Block', 'nationalNumber': 0, 'phone': 0, 'age': 0, 'email': 'gensis@blockchain.io', 'birth': '', 'HID': '86b9cfefa3624e99ed49d4b95a65292e3ae59d1acc02e31aa391003979282fe0'}, 'credential': {'image': '', 'credentialID': 0, 'CID': 'be73143655a54956d57ca963bfd4e8437ee884b7a022d790d98afcd91066c65b', 'metadata': {'documentTitle': None, 'documentType': None, 'documentFormat': None, 'documentContentSize': 0}}, 'issuer': {'name': '', 'businessID': 0, 'AUTHID': '4930fe69eb193324e64c25a851e6c18f3b53657dfcda11c817fc34c450ff953d'}, 'chid': '57a5fa2eabd461db6913d2f6da58ef6fa9222530e0194e0334b3a1d22019344d'} inserted successfully. 
2026-09-29 21:49:46,528 - INFO - [Block Validation] Validatiing the block 0.
2026-09-29 21:49:46,529 - INFO - [Block Validation] The block 0 is valid.
2026-09-29 21:49:46,529 - INFO - [Chain Validation] Chain is valid.
2026-09-29 21:49:46,554 - DEBUG - Using proactor: IocpProactor
2026-09-29 21:49:46,606 - INFO - HTTP Request: GET http://testserver/openapi.json "HTTP/1.1 200 OK"
2026-09-29 21:49:46,613 - INFO - [Chain Validation] Initializing the chain validator.
2026-09-29 21:49:46,614 - INFO - [Miner]Mining block 0...
2026-09-29 21:49:46,913 - INFO - [Miner] Block 0 mined after 36254 attempts. Nonce: 36254
2026-09-29 21:49:46,913 - WARNING - [Chain Validation] Cannot validate. The ledger is empty.
2026-09-29 21:49:46,914 - INFO - Block with CHID {'user': {'name': 'Gensis-Block', 'nationalNumber': 0, 'phone': 0, 'age': 0, 'email': 'gensis@blockchain.io', 'birth': '', 'HID': '86b9cfefa3624e99ed49d4b95a65292e3ae59d1acc02e31aa391003979282fe0'}, 'credential': {'image': '', 'credentialID': 0, 'CID': 'be73143655a54956d57ca963bfd4e8437ee884b7a022d790d98afcd91066c65b', 'metadata': {'documentTitle': None, 'documentType': None, 'documentFormat': None, 'documentContentSize': 0}}, 'issuer': {'name': '', 'businessID': 0, 'AUTHID': '4930fe69eb193324e64c25a851e6c18f3b53657dfcda11c817fc34c450ff953d'}, 'chid': '57a5fa2eabd461db6913d2f6da58ef6fa9222530e0194e0334b3a1d22019344d'} inserted successfully. 
2026-09-29 21:49:46,963 - INFO - [Block Validation] Validatiing the block 0.
2026-09-29 21:49:46,963 - INFO - [Block Validation] The block 0 is valid.
2026-09-29 21:49:46,963 - INFO - [Chain Validation] Chain is valid.
2026-09-29 21:49:46,991 - DEBUG - Using proactor: IocpProactor
2026-09-29 21:49:47,008 - INFO - HTTP Request: GET http://testserver/credential-constraints "HTTP/1.1 200 OK"
2026-09-29 21:49:47,013 - INFO - [Chain Validation] Initializing the chain validator.
2026-09-29 21:49:47,024 - INFO - [Miner]Mining block 0...
2026-09-29 21:49:47,394 - INFO - [Miner] Block 0 mined after 36254 attempts. Nonce: 36254
2026-09-29 21:49:47,395 - WARNING - [Chain Validation] Cannot validate. The ledger is empty.
2026-09-29 21:49:47,396 - INFO - Block with CHID {'user': {'name': 'Gensis-Block', 'nationalNumber': 0, 'phone': 0, 'age': 0, 'email': 'gensis@blockchain.io', 'birth': '', 'HID': '86b9cfefa3624e99ed49d4b95a65292e3ae59d1acc02e31aa391003979282fe0'}, 'credential': {'image': '', 'credentialID': 0, 'CID': 'be73143655a54956d57ca963bfd4e8437ee884b7a022d790d98afcd91066c65b', 'metadata': {'documentTitle': None, 'documentType': None, 'documentFormat': None, 'documentContentSize': 0}}, 'issuer': {'name': '', 'businessID': 0, 'AUTHID': '4930fe69eb193324e64c25a851e6c18f3b53657dfcda11c817fc34c450ff953d'}, 'chid': '57a5fa2eabd461db6913d2f6da58ef6fa9222530e0194e0334b3a1d22019344d'} inserted successfully. 
2026-09-29 21:49:47,442 - INFO - [Block Validation] Validatiing the block 0.
2026-09-29 21:49:47,443 - INFO - [Block Validation] The block 0 is valid.
2026-09-29 21:49:47,443 - INFO - [Chain Validation] Chain is valid.
2026-09-29 21:49:47,487 - DEBUG - Using proactor: IocpProactor
2026-09-29 21:49:47,515 - INFO - HTTP Request: POST http://testserver/register "HTTP/1.1 400 Bad Request"
2026-09-29 21:49:47,547 - INFO - [Chain Validation] Initializing the chain validator.
2026-09-29 21:49:47,557 - INFO - [Miner]Mining block 0...
2026-09-29 21:49:48,198 - INFO - [Miner] Block 0 mined after 36254 attempts. Nonce: 36254
2026-09-29 21:49:48,204 - WARNING - [Chain Validation] Cannot validate. The ledger is empty.
2026-09-29 21:49:48,207 - INFO - Block with CHID {'user': {'name': 'Gensis-Block', 'nationalNumber': 0, 'phone': 0, 'age': 0, 'email': 'gensis@blockchain.io', 'birth': '', 'HID': '86b9cfefa3624e99ed49d4b95a65292e3ae59d1acc02e31aa391003979282fe0'}, 'credential': {'image': '', 'credentialID': 0, 'CID': 'be73143655a54956d57ca963bfd4e8437ee884b7a022d790d98afcd91066c65b', 'metadata': {'documentTitle': None, 'documentType': None, 'documentFormat': None, 'documentContentSize': 0}}, 'issuer': {'name': '', 'businessID': 0, 'AUTHID': '4930fe69eb193324e64c25a851e6c18f3b53657dfcda11c817fc34c450ff953d'}, 'chid': '57a5fa2eabd461db6913d2f6da58ef6fa9222530e0194e0334b3a1d22019344d'} inserted successfully. 
2026-09-29 21:49:48,574 - INFO - [Block Validation] Validatiing the block 0.
2026-09-29 21:49:48,584 - INFO - [Block Validation] The block 0 is valid.
2026-09-29 21:49:48,586 - INFO - [Chain Validation] Chain is valid.
2026-09-29 21:49:48,774 - DEBUG - Using proactor: IocpProactor
2026-09-29 21:49:48,807 - INFO - HTTP Request: POST http://testserver/register "HTTP/1.1 422 Unprocessable Content"
2026-09-29 21:49:49,027 - INFO - [Chain Validation] Initializing the chain validator.
2026-09-29 21:49:49,030 - INFO - [Miner]Mining block 0...
2026-09-29 21:49:49,724 - INFO - [Miner] Block 0 mined after 36254 attempts. Nonce: 36254
2026-09-29 21:49:49,725 - WARNING - [Chain Validation] Cannot validate. The ledger is empty.
2026-09-29 21:49:49,739 - INFO - Block with CHID {'user': {'name': 'Gensis-Block', 'nationalNumber': 0, 'phone': 0, 'age': 0, 'email': 'gensis@blockchain.io', 'birth': '', 'HID': '86b9cfefa3624e99ed49d4b95a65292e3ae59d1acc02e31aa391003979282fe0'}, 'credential': {'image': '', 'credentialID': 0, 'CID': 'be73143655a54956d57ca963bfd4e8437ee884b7a022d790d98afcd91066c65b', 'metadata': {'documentTitle': None, 'documentType': None, 'documentFormat': None, 'documentContentSize': 0}}, 'issuer': {'name': '', 'businessID': 0, 'AUTHID': '4930fe69eb193324e64c25a851e6c18f3b53657dfcda11c817fc34c450ff953d'}, 'chid': '57a5fa2eabd461db6913d2f6da58ef6fa9222530e0194e0334b3a1d22019344d'} inserted successfully. 
2026-09-29 21:49:50,260 - INFO - [Block Validation] Validatiing the block 0.
2026-09-29 21:49:50,261 - INFO - [Block Validation] The block 0 is valid.
2026-09-29 21:49:50,261 - INFO - [Chain Validation] Chain is valid.
2026-09-29 21:49:50,447 - DEBUG - Using proactor: IocpProactor
2026-09-29 21:49:50,483 - INFO - HTTP Request: POST http://testserver/register "HTTP/1.1 400 Bad Request"
2026-09-29 21:49:50,702 - INFO - [Chain Validation] Initializing the chain validator.
2026-09-29 21:49:50,705 - INFO - [Miner]Mining block 0...
2026-09-29 21:49:51,340 - INFO - [Miner] Block 0 mined after 36254 attempts. Nonce: 36254
2026-09-29 21:49:51,340 - WARNING - [Chain Validation] Cannot validate. The ledger is empty.
2026-09-29 21:49:51,341 - INFO - Block with CHID {'user': {'name': 'Gensis-Block', 'nationalNumber': 0, 'phone': 0, 'age': 0, 'email': 'gensis@blockchain.io', 'birth': '', 'HID': '86b9cfefa3624e99ed49d4b95a65292e3ae59d1acc02e31aa391003979282fe0'}, 'credential': {'image': '', 'credentialID': 0, 'CID': 'be73143655a54956d57ca963bfd4e8437ee884b7a022d790d98afcd91066c65b', 'metadata': {'documentTitle': None, 'documentType': None, 'documentFormat': None, 'documentContentSize': 0}}, 'issuer': {'name': '', 'businessID': 0, 'AUTHID': '4930fe69eb193324e64c25a851e6c18f3b53657dfcda11c817fc34c450ff953d'}, 'chid': '57a5fa2eabd461db6913d2f6da58ef6fa9222530e0194e0334b3a1d22019344d'} inserted successfully. 
2026-09-29 21:49:52,485 - INFO - [Block Validation] Validatiing the block 0.
2026-09-29 21:49:52,573 - INFO - [Block Validation] The block 0 is valid.
2026-09-29 21:49:52,574 - INFO - [Chain Validation] Chain is valid.
2026-09-29 21:49:54,339 - DEBUG - Using proactor: IocpProactor
2026-09-29 21:49:54,402 - INFO - [Miner]Mining block 1...
2026-09-29 21:49:54,439 - INFO - [Miner] Block 1 mined after 3835 attempts. Nonce: 3835
2026-09-29 21:49:54,440 - INFO - [Block Validation] Validatiing the block 0.
2026-09-29 21:49:54,440 - INFO - [Block Validation] The block 0 is valid.
2026-09-29 21:49:54,440 - INFO - [Chain Validation] Chain is valid.
2026-09-29 21:49:54,451 - INFO - Block with CHID {'user': {'name': 'Alice', 'nationalNumber': 1004, 'phone': 1, 'age': 30, 'email': 'a@x.com', 'birth': '1995-01-01', 'HID': '5aac19b7d8962cd134de158c9b24c70932035f6bcea6f0ec7202d88dd116e00f'}, 'credential': {'image': '4ee0fd3d7f19b581df182442f5298de74e1415d46544ac9df1dde56da0629af0', 'credentialID': 4, 'CID': '524ab56c465e98687e49c2a408eb7eacaec65417b1a248fdf1f33e0b3c9f3662', 'metadata': {'documentTitle': 'Credential document', 'documentType': 'application/pdf', 'documentFormat': None, 'documentContentSize': 518}}, 'issuer': {'name': 'JPUF', 'businessID': 13, 'AUTHID': '2ff530b451fc145718cbfcc9ae3400ea68308c4f8a703b28f7981b8cf8faeec2'}, 'chid': 'af87dba46fdb5dd5a167ae1c9281954351b3454efbbfe35e50d13370eabc87c2'} inserted successfully. 
2026-09-29 21:49:54,454 - INFO - HTTP Request: POST http://testserver/register "HTTP/1.1 201 Created"
2026-09-29 21:49:54,502 - INFO - [Chain Validation] Initializing the chain validator.
2026-09-29 21:49:54,504 - INFO - [Miner]Mining block 0...
2026-09-29 21:49:55,003 - INFO - [Miner] Block 0 mined after 36254 attempts. Nonce: 36254
2026-09-29 21:49:55,003 - WARNING - [Chain Validation] Cannot validate. The ledger is empty.
2026-09-29 21:49:55,005 - INFO - Block with CHID {'user': {'name': 'Gensis-Block', 'nationalNumber': 0, 'phone': 0, 'age': 0, 'email': 'gensis@blockchain.io', 'birth': '', 'HID': '86b9cfefa3624e99ed49d4b95a65292e3ae59d1acc02e31aa391003979282fe0'}, 'credential': {'image': '', 'credentialID': 0, 'CID': 'be73143655a54956d57ca963bfd4e8437ee884b7a022d790d98afcd91066c65b', 'metadata': {'documentTitle': None, 'documentType': None, 'documentFormat': None, 'documentContentSize': 0}}, 'issuer': {'name': '', 'businessID': 0, 'AUTHID': '4930fe69eb193324e64c25a851e6c18f3b53657dfcda11c817fc34c450ff953d'}, 'chid': '57a5fa2eabd461db6913d2f6da58ef6fa9222530e0194e0334b3a1d22019344d'} inserted successfully. 
2026-09-29 21:49:55,038 - INFO - [Block Validation] Validatiing the block 0.
2026-09-29 21:49:55,039 - INFO - [Block Validation] The block 0 is valid.
2026-09-29 21:49:55,039 - INFO - [Chain Validation] Chain is valid.
2026-09-29 21:49:55,087 - DEBUG - Using proactor: IocpProactor
2026-09-29 21:49:55,113 - INFO - HTTP Request: POST http://testserver/register "HTTP/1.1 400 Bad Request"
2026-09-29 21:49:55,121 - INFO - [Chain Validation] Initializing the chain validator.
2026-09-29 21:49:55,123 - INFO - [Miner]Mining block 0...
2026-09-29 21:49:55,620 - INFO - [Miner] Block 0 mined after 36254 attempts. Nonce: 36254
2026-09-29 21:49:55,620 - WARNING - [Chain Validation] Cannot validate. The ledger is empty.
2026-09-29 21:49:55,622 - INFO - Block with CHID {'user': {'name': 'Gensis-Block', 'nationalNumber': 0, 'phone': 0, 'age': 0, 'email': 'gensis@blockchain.io', 'birth': '', 'HID': '86b9cfefa3624e99ed49d4b95a65292e3ae59d1acc02e31aa391003979282fe0'}, 'credential': {'image': '', 'credentialID': 0, 'CID': 'be73143655a54956d57ca963bfd4e8437ee884b7a022d790d98afcd91066c65b', 'metadata': {'documentTitle': None, 'documentType': None, 'documentFormat': None, 'documentContentSize': 0}}, 'issuer': {'name': '', 'businessID': 0, 'AUTHID': '4930fe69eb193324e64c25a851e6c18f3b53657dfcda11c817fc34c450ff953d'}, 'chid': '57a5fa2eabd461db6913d2f6da58ef6fa9222530e0194e0334b3a1d22019344d'} inserted successfully. 
2026-09-29 21:49:55,703 - INFO - [Block Validation] Validatiing the block 0.
2026-09-29 21:49:55,704 - INFO - [Block Validation] The block 0 is valid.
2026-09-29 21:49:55,704 - INFO - [Chain Validation] Chain is valid.
2026-09-29 21:49:55,817 - DEBUG - Using proactor: IocpProactor
2026-09-29 21:49:55,840 - INFO - [Miner]Mining block 1...
2026-09-29 21:49:56,202 - INFO - [Miner] Block 1 mined after 19500 attempts. Nonce: 19500
2026-09-29 21:49:56,204 - INFO - [Block Validation] Validatiing the block 0.
2026-09-29 21:49:56,204 - INFO - [Block Validation] The block 0 is valid.
2026-09-29 21:49:56,204 - INFO - [Chain Validation] Chain is valid.
2026-09-29 21:49:56,206 - INFO - Block with CHID {'user': {'name': 'Alice', 'nationalNumber': 1006, 'phone': 1, 'age': 30, 'email': 'a@x.com', 'birth': '1995-01-01', 'HID': '65129d4a2aba34d18c732d1352f3d9c799a758171621e20ac26b469da7c7dd8f'}, 'credential': {'image': '6dfcd3607b3c6a10d3cf4764038f3973956a9ba5de57f507f2754c6d9b79135b', 'credentialID': 6, 'CID': '5374ee7e4d312a0aac016a6ff42f87f2eadc04f2d0ceabb88c82dab7c9af1966', 'metadata': {'documentTitle': 'Credential document', 'documentType': 'application/pdf', 'documentFormat': None, 'documentContentSize': 518}}, 'issuer': {'name': 'JPUF', 'businessID': 15, 'AUTHID': 'c88cc270b8605b7f9a16307780135b545eb155490e905fc7733a8e23c1014b89'}, 'chid': 'a70f8a811e6a9d406bea23b9b6974b90aed184afb8722207464a5b968c5aad01'} inserted successfully. 
2026-09-29 21:49:56,208 - INFO - HTTP Request: POST http://testserver/register "HTTP/1.1 201 Created"
2026-09-29 21:49:56,239 - INFO - [Chain Validation] Initializing the chain validator.
2026-09-29 21:49:56,241 - INFO - [Miner]Mining block 0...
2026-09-29 21:49:56,934 - INFO - [Miner] Block 0 mined after 36254 attempts. Nonce: 36254
2026-09-29 21:49:56,934 - WARNING - [Chain Validation] Cannot validate. The ledger is empty.
2026-09-29 21:49:56,935 - INFO - Block with CHID {'user': {'name': 'Gensis-Block', 'nationalNumber': 0, 'phone': 0, 'age': 0, 'email': 'gensis@blockchain.io', 'birth': '', 'HID': '86b9cfefa3624e99ed49d4b95a65292e3ae59d1acc02e31aa391003979282fe0'}, 'credential': {'image': '', 'credentialID': 0, 'CID': 'be73143655a54956d57ca963bfd4e8437ee884b7a022d790d98afcd91066c65b', 'metadata': {'documentTitle': None, 'documentType': None, 'documentFormat': None, 'documentContentSize': 0}}, 'issuer': {'name': '', 'businessID': 0, 'AUTHID': '4930fe69eb193324e64c25a851e6c18f3b53657dfcda11c817fc34c450ff953d'}, 'chid': '57a5fa2eabd461db6913d2f6da58ef6fa9222530e0194e0334b3a1d22019344d'} inserted successfully. 
2026-09-29 21:49:57,001 - INFO - [Block Validation] Validatiing the block 0.
2026-09-29 21:49:57,001 - INFO - [Block Validation] The block 0 is valid.
2026-09-29 21:49:57,001 - INFO - [Chain Validation] Chain is valid.
2026-09-29 21:49:57,074 - DEBUG - Using proactor: IocpProactor
2026-09-29 21:49:57,101 - INFO - HTTP Request: POST http://testserver/register "HTTP/1.1 400 Bad Request"
2026-09-29 21:49:57,122 - DEBUG - Using proactor: IocpProactor
2026-09-29 21:49:57,164 - INFO - HTTP Request: POST http://testserver/check "HTTP/1.1 200 OK"
2026-09-29 21:49:57,198 - INFO - [Chain Validation] Initializing the chain validator.
2026-09-29 21:49:57,201 - INFO - [Miner]Mining block 0...
2026-09-29 21:49:57,642 - INFO - [Miner] Block 0 mined after 36254 attempts. Nonce: 36254
2026-09-29 21:49:57,649 - WARNING - [Chain Validation] Cannot validate. The ledger is empty.
2026-09-29 21:49:57,654 - INFO - Block with CHID {'user': {'name': 'Gensis-Block', 'nationalNumber': 0, 'phone': 0, 'age': 0, 'email': 'gensis@blockchain.io', 'birth': '', 'HID': '86b9cfefa3624e99ed49d4b95a65292e3ae59d1acc02e31aa391003979282fe0'}, 'credential': {'image': '', 'credentialID': 0, 'CID': 'be73143655a54956d57ca963bfd4e8437ee884b7a022d790d98afcd91066c65b', 'metadata': {'documentTitle': None, 'documentType': None, 'documentFormat': None, 'documentContentSize': 0}}, 'issuer': {'name': '', 'businessID': 0, 'AUTHID': '4930fe69eb193324e64c25a851e6c18f3b53657dfcda11c817fc34c450ff953d'}, 'chid': '57a5fa2eabd461db6913d2f6da58ef6fa9222530e0194e0334b3a1d22019344d'} inserted successfully. 
2026-09-29 21:49:57,705 - INFO - [Block Validation] Validatiing the block 0.
2026-09-29 21:49:57,705 - INFO - [Block Validation] The block 0 is valid.
2026-09-29 21:49:57,706 - INFO - [Chain Validation] Chain is valid.
2026-09-29 21:49:57,770 - DEBUG - Using proactor: IocpProactor
2026-09-29 21:49:57,794 - INFO - HTTP Request: POST http://testserver/register "HTTP/1.1 400 Bad Request"
2026-09-29 21:49:57,804 - DEBUG - Using proactor: IocpProactor
2026-09-29 21:49:57,811 - INFO - HTTP Request: POST http://testserver/register "HTTP/1.1 400 Bad Request"
2026-09-29 21:49:57,833 - DEBUG - Using proactor: IocpProactor
2026-09-29 21:49:57,869 - INFO - HTTP Request: POST http://testserver/check "HTTP/1.1 200 OK"
2026-09-29 21:49:57,894 - INFO - [Chain Validation] Initializing the chain validator.
2026-09-29 21:49:57,897 - INFO - [Miner]Mining block 0...
2026-09-29 21:49:58,491 - INFO - [Miner] Block 0 mined after 36254 attempts. Nonce: 36254
2026-09-29 21:49:58,491 - WARNING - [Chain Validation] Cannot validate. The ledger is empty.
2026-09-29 21:49:58,505 - INFO - Block with CHID {'user': {'name': 'Gensis-Block', 'nationalNumber': 0, 'phone': 0, 'age': 0, 'email': 'gensis@blockchain.io', 'birth': '', 'HID': '86b9cfefa3624e99ed49d4b95a65292e3ae59d1acc02e31aa391003979282fe0'}, 'credential': {'image': '', 'credentialID': 0, 'CID': 'be73143655a54956d57ca963bfd4e8437ee884b7a022d790d98afcd91066c65b', 'metadata': {'documentTitle': None, 'documentType': None, 'documentFormat': None, 'documentContentSize': 0}}, 'issuer': {'name': '', 'businessID': 0, 'AUTHID': '4930fe69eb193324e64c25a851e6c18f3b53657dfcda11c817fc34c450ff953d'}, 'chid': '57a5fa2eabd461db6913d2f6da58ef6fa9222530e0194e0334b3a1d22019344d'} inserted successfully. 
2026-09-29 21:49:58,612 - INFO - [Block Validation] Validatiing the block 0.
2026-09-29 21:49:58,613 - INFO - [Block Validation] The block 0 is valid.
2026-09-29 21:49:58,613 - INFO - [Chain Validation] Chain is valid.
2026-09-29 21:49:58,775 - DEBUG - Using proactor: IocpProactor
2026-09-29 21:49:58,872 - INFO - HTTP Request: POST http://testserver/check "HTTP/1.1 200 OK"
2026-09-29 21:49:59,385 - INFO - [Chain Validation] Initializing the chain validator.
2026-09-29 21:49:59,388 - INFO - [Miner]Mining block 0...
2026-09-29 21:50:00,560 - INFO - [Miner] Block 0 mined after 36254 attempts. Nonce: 36254
2026-09-29 21:50:00,560 - WARNING - [Chain Validation] Cannot validate. The ledger is empty.
2026-09-29 21:50:00,561 - INFO - Block with CHID {'user': {'name': 'Gensis-Block', 'nationalNumber': 0, 'phone': 0, 'age': 0, 'email': 'gensis@blockchain.io', 'birth': '', 'HID': '86b9cfefa3624e99ed49d4b95a65292e3ae59d1acc02e31aa391003979282fe0'}, 'credential': {'image': '', 'credentialID': 0, 'CID': 'be73143655a54956d57ca963bfd4e8437ee884b7a022d790d98afcd91066c65b', 'metadata': {'documentTitle': None, 'documentType': None, 'documentFormat': None, 'documentContentSize': 0}}, 'issuer': {'name': '', 'businessID': 0, 'AUTHID': '4930fe69eb193324e64c25a851e6c18f3b53657dfcda11c817fc34c450ff953d'}, 'chid': '57a5fa2eabd461db6913d2f6da58ef6fa9222530e0194e0334b3a1d22019344d'} inserted successfully. 
2026-09-29 21:50:00,769 - INFO - [Block Validation] Validatiing the block 0.
2026-09-29 21:50:00,770 - INFO - [Block Validation] The block 0 is valid.
2026-09-29 21:50:00,770 - INFO - [Chain Validation] Chain is valid.
2026-09-29 21:50:00,834 - DEBUG - Using proactor: IocpProactor
2026-09-29 21:50:00,857 - INFO - HTTP Request: POST http://testserver/register "HTTP/1.1 400 Bad Request"
2026-09-29 21:50:00,877 - DEBUG - Using proactor: IocpProactor
2026-09-29 21:50:00,979 - INFO - HTTP Request: GET http://testserver/chain "HTTP/1.1 200 OK"
2026-09-29 21:50:01,127 - INFO - [Chain Validation] Initializing the chain validator.
2026-09-29 21:50:01,130 - INFO - [Miner]Mining block 0...
2026-09-29 21:50:02,172 - INFO - [Miner] Block 0 mined after 36254 attempts. Nonce: 36254
2026-09-29 21:50:02,173 - WARNING - [Chain Validation] Cannot validate. The ledger is empty.
2026-09-29 21:50:02,182 - INFO - Block with CHID {'user': {'name': 'Gensis-Block', 'nationalNumber': 0, 'phone': 0, 'age': 0, 'email': 'gensis@blockchain.io', 'birth': '', 'HID': '86b9cfefa3624e99ed49d4b95a65292e3ae59d1acc02e31aa391003979282fe0'}, 'credential': {'image': '', 'credentialID': 0, 'CID': 'be73143655a54956d57ca963bfd4e8437ee884b7a022d790d98afcd91066c65b', 'metadata': {'documentTitle': None, 'documentType': None, 'documentFormat': None, 'documentContentSize': 0}}, 'issuer': {'name': '', 'businessID': 0, 'AUTHID': '4930fe69eb193324e64c25a851e6c18f3b53657dfcda11c817fc34c450ff953d'}, 'chid': '57a5fa2eabd461db6913d2f6da58ef6fa9222530e0194e0334b3a1d22019344d'} inserted successfully. 
2026-09-29 21:50:02,399 - INFO - [Block Validation] Validatiing the block 0.
2026-09-29 21:50:02,399 - INFO - [Block Validation] The block 0 is valid.
2026-09-29 21:50:02,400 - INFO - [Chain Validation] Chain is valid.
2026-09-29 21:50:02,587 - DEBUG - Using proactor: IocpProactor
2026-09-29 21:50:02,692 - INFO - [Chain Validation] Initializing the chain validator.
2026-09-29 21:50:02,693 - INFO - [Block Validation] Validatiing the block 0.
2026-09-29 21:50:02,693 - INFO - [Block Validation] The block 0 is valid.
2026-09-29 21:50:02,693 - INFO - [Chain Validation] Chain is valid.
2026-09-29 21:50:02,696 - INFO - HTTP Request: GET http://testserver/status "HTTP/1.1 200 OK"
2026-09-29 21:51:26,592 - INFO - [Chain Validation] Initializing the chain validator.
2026-09-29 21:51:26,912 - INFO - [Miner]Mining block 0...
2026-09-29 21:51:27,290 - INFO - [Miner] Block 0 mined after 36254 attempts. Nonce: 36254
2026-09-29 21:51:27,299 - WARNING - [Chain Validation] Cannot validate. The ledger is empty.
2026-09-29 21:51:27,301 - INFO - Block with CHID {'user': {'name': 'Gensis-Block', 'nationalNumber': 0, 'phone': 0, 'age': 0, 'email': 'gensis@blockchain.io', 'birth': '', 'HID': '86b9cfefa3624e99ed49d4b95a65292e3ae59d1acc02e31aa391003979282fe0'}, 'credential': {'image': '', 'credentialID': 0, 'CID': 'be73143655a54956d57ca963bfd4e8437ee884b7a022d790d98afcd91066c65b', 'metadata': {'documentTitle': None, 'documentType': None, 'documentFormat': None, 'documentContentSize': 0}}, 'issuer': {'name': '', 'businessID': 0, 'AUTHID': '4930fe69eb193324e64c25a851e6c18f3b53657dfcda11c817fc34c450ff953d'}, 'chid': '57a5fa2eabd461db6913d2f6da58ef6fa9222530e0194e0334b3a1d22019344d'} inserted successfully. 
2026-09-29 21:51:27,369 - INFO - [Block Validation] Validatiing the block 0.
2026-09-29 21:51:27,369 - INFO - [Block Validation] The block 0 is valid.
2026-09-29 21:51:27,369 - INFO - [Chain Validation] Chain is valid.
2026-09-29 21:51:28,046 - DEBUG - Using proactor: IocpProactor
2026-09-29 21:51:28,112 - INFO - [Miner]Mining block 1...
2026-09-29 21:51:28,715 - INFO - [Miner] Block 1 mined after 58252 attempts. Nonce: 58252
2026-09-29 21:51:28,717 - INFO - [Block Validation] Validatiing the block 0.
2026-09-29 21:51:28,718 - INFO - [Block Validation] The block 0 is valid.
2026-09-29 21:51:28,718 - INFO - [Chain Validation] Chain is valid.
2026-09-29 21:51:28,720 - INFO - Block with CHID {'user': {'name': 'Alice', 'nationalNumber': 1001, 'phone': 1, 'age': 30, 'email': 'a@x.com', 'birth': '1995-01-01', 'HID': '17231ca1bfaa73c3b607049f75f3df524b36538b861c559050bff4fbbd64a9d2'}, 'credential': {'image': 'e70a9699ebfba4d258709c79509e6dc5379b46735fe15d50d47212fb3b7404f3', 'credentialID': 1, 'CID': 'bebb20bd26489e3d05de60f11d243ad78b0fcbb3a9ecf30b248598180f21ca6c', 'metadata': {'documentTitle': 'Credential document', 'documentType': 'application/pdf', 'documentFormat': None, 'documentContentSize': 518}}, 'issuer': {'name': 'JPUF', 'businessID': 10, 'AUTHID': '4e9fed7a5168dd153d040292c205c0f1d65bb64949a99d6a8b1cdebaeffae8cd'}, 'chid': 'fcdde892f3f59f2aa9cb25c6f5b677269fc340df083a483b484e4865e77f2b6d'} inserted successfully. 
2026-09-29 21:51:28,728 - INFO - HTTP Request: POST http://testserver/register "HTTP/1.1 201 Created"
2026-09-29 21:51:28,736 - INFO - [Chain Validation] Initializing the chain validator.
2026-09-29 21:51:28,741 - INFO - [Miner]Mining block 0...
2026-09-29 21:51:29,132 - INFO - [Miner] Block 0 mined after 36254 attempts. Nonce: 36254
2026-09-29 21:51:29,132 - WARNING - [Chain Validation] Cannot validate. The ledger is empty.
2026-09-29 21:51:29,134 - INFO - Block with CHID {'user': {'name': 'Gensis-Block', 'nationalNumber': 0, 'phone': 0, 'age': 0, 'email': 'gensis@blockchain.io', 'birth': '', 'HID': '86b9cfefa3624e99ed49d4b95a65292e3ae59d1acc02e31aa391003979282fe0'}, 'credential': {'image': '', 'credentialID': 0, 'CID': 'be73143655a54956d57ca963bfd4e8437ee884b7a022d790d98afcd91066c65b', 'metadata': {'documentTitle': None, 'documentType': None, 'documentFormat': None, 'documentContentSize': 0}}, 'issuer': {'name': '', 'businessID': 0, 'AUTHID': '4930fe69eb193324e64c25a851e6c18f3b53657dfcda11c817fc34c450ff953d'}, 'chid': '57a5fa2eabd461db6913d2f6da58ef6fa9222530e0194e0334b3a1d22019344d'} inserted successfully. 
2026-09-29 21:51:29,163 - INFO - [Block Validation] Validatiing the block 0.
2026-09-29 21:51:29,164 - INFO - [Block Validation] The block 0 is valid.
2026-09-29 21:51:29,164 - INFO - [Chain Validation] Chain is valid.
2026-09-29 21:51:29,196 - DEBUG - Using proactor: IocpProactor
2026-09-29 21:51:29,254 - INFO - HTTP Request: GET http://testserver/openapi.json "HTTP/1.1 200 OK"
2026-09-29 21:51:29,262 - INFO - [Chain Validation] Initializing the chain validator.
2026-09-29 21:51:29,265 - INFO - [Miner]Mining block 0...
2026-09-29 21:51:29,551 - INFO - [Miner] Block 0 mined after 36254 attempts. Nonce: 36254
2026-09-29 21:51:29,558 - WARNING - [Chain Validation] Cannot validate. The ledger is empty.
2026-09-29 21:51:29,561 - INFO - Block with CHID {'user': {'name': 'Gensis-Block', 'nationalNumber': 0, 'phone': 0, 'age': 0, 'email': 'gensis@blockchain.io', 'birth': '', 'HID': '86b9cfefa3624e99ed49d4b95a65292e3ae59d1acc02e31aa391003979282fe0'}, 'credential': {'image': '', 'credentialID': 0, 'CID': 'be73143655a54956d57ca963bfd4e8437ee884b7a022d790d98afcd91066c65b', 'metadata': {'documentTitle': None, 'documentType': None, 'documentFormat': None, 'documentContentSize': 0}}, 'issuer': {'name': '', 'businessID': 0, 'AUTHID': '4930fe69eb193324e64c25a851e6c18f3b53657dfcda11c817fc34c450ff953d'}, 'chid': '57a5fa2eabd461db6913d2f6da58ef6fa9222530e0194e0334b3a1d22019344d'} inserted successfully. 
2026-09-29 21:51:29,592 - INFO - [Block Validation] Validatiing the block 0.
2026-09-29 21:51:29,593 - INFO - [Block Validation] The block 0 is valid.
2026-09-29 21:51:29,593 - INFO - [Chain Validation] Chain is valid.
2026-09-29 21:51:29,628 - DEBUG - Using proactor: IocpProactor
2026-09-29 21:51:29,650 - INFO - HTTP Request: GET http://testserver/credential-constraints "HTTP/1.1 200 OK"
2026-09-29 21:51:29,654 - INFO - [Chain Validation] Initializing the chain validator.
2026-09-29 21:51:29,658 - INFO - [Miner]Mining block 0...
2026-09-29 21:51:29,901 - INFO - [Miner] Block 0 mined after 36254 attempts. Nonce: 36254
2026-09-29 21:51:29,901 - WARNING - [Chain Validation] Cannot validate. The ledger is empty.
2026-09-29 21:51:29,903 - INFO - Block with CHID {'user': {'name': 'Gensis-Block', 'nationalNumber': 0, 'phone': 0, 'age': 0, 'email': 'gensis@blockchain.io', 'birth': '', 'HID': '86b9cfefa3624e99ed49d4b95a65292e3ae59d1acc02e31aa391003979282fe0'}, 'credential': {'image': '', 'credentialID': 0, 'CID': 'be73143655a54956d57ca963bfd4e8437ee884b7a022d790d98afcd91066c65b', 'metadata': {'documentTitle': None, 'documentType': None, 'documentFormat': None, 'documentContentSize': 0}}, 'issuer': {'name': '', 'businessID': 0, 'AUTHID': '4930fe69eb193324e64c25a851e6c18f3b53657dfcda11c817fc34c450ff953d'}, 'chid': '57a5fa2eabd461db6913d2f6da58ef6fa9222530e0194e0334b3a1d22019344d'} inserted successfully. 
2026-09-29 21:51:29,933 - INFO - [Block Validation] Validatiing the block 0.
2026-09-29 21:51:29,933 - INFO - [Block Validation] The block 0 is valid.
2026-09-29 21:51:29,933 - INFO - [Chain Validation] Chain is valid.
2026-09-29 21:51:29,972 - DEBUG - Using proactor: IocpProactor
2026-09-29 21:51:30,003 - INFO - [Miner]Mining block 1...
2026-09-29 21:51:30,349 - INFO - [Miner] Block 1 mined after 31592 attempts. Nonce: 31592
2026-09-29 21:51:30,350 - INFO - [Block Validation] Validatiing the block 0.
2026-09-29 21:51:30,351 - INFO - [Block Validation] The block 0 is valid.
2026-09-29 21:51:30,351 - INFO - [Chain Validation] Chain is valid.
2026-09-29 21:51:30,353 - INFO - Block with CHID {'user': {'name': 'Alice', 'nationalNumber': 1002, 'phone': 1, 'age': 30, 'email': 'a@x.com', 'birth': '1995-01-01', 'HID': 'b7b5a4ec4731a35d74fea8e4a41b9bf3c87255c9b60f66507abca1942f9633d8'}, 'credential': {'image': '4c2502d5f143c07ad4e3919b124a9fc1ce649d129268674e32006828f64f826e', 'credentialID': 2, 'CID': '5d937115d3edfb3f17e9e10d992785bd065f69ce0e3b01693b46c8e47062781d', 'metadata': {'documentTitle': 'Credential document', 'documentType': 'application/pdf', 'documentFormat': None, 'documentContentSize': 518}}, 'issuer': {'name': 'JPUF', 'businessID': 11, 'AUTHID': '8bd1b13d3c9c05b7548cf0e369905b7da65c32d77dbcd9e906d337d8351ecee5'}, 'chid': '5d990594af14bc3c0bec536c8f6ea24d5774ee38507385b4139e1dba1f5bde51'} inserted successfully. 
2026-09-29 21:51:30,358 - INFO - HTTP Request: POST http://testserver/register "HTTP/1.1 201 Created"
2026-09-29 21:51:30,364 - DEBUG - Using proactor: IocpProactor
2026-09-29 21:51:30,379 - INFO - HTTP Request: POST http://testserver/register "HTTP/1.1 409 Conflict"
2026-09-29 21:51:30,390 - INFO - [Chain Validation] Initializing the chain validator.
2026-09-29 21:51:30,394 - INFO - [Miner]Mining block 0...
2026-09-29 21:51:30,798 - INFO - [Miner] Block 0 mined after 36254 attempts. Nonce: 36254
2026-09-29 21:51:30,799 - WARNING - [Chain Validation] Cannot validate. The ledger is empty.
2026-09-29 21:51:30,800 - INFO - Block with CHID {'user': {'name': 'Gensis-Block', 'nationalNumber': 0, 'phone': 0, 'age': 0, 'email': 'gensis@blockchain.io', 'birth': '', 'HID': '86b9cfefa3624e99ed49d4b95a65292e3ae59d1acc02e31aa391003979282fe0'}, 'credential': {'image': '', 'credentialID': 0, 'CID': 'be73143655a54956d57ca963bfd4e8437ee884b7a022d790d98afcd91066c65b', 'metadata': {'documentTitle': None, 'documentType': None, 'documentFormat': None, 'documentContentSize': 0}}, 'issuer': {'name': '', 'businessID': 0, 'AUTHID': '4930fe69eb193324e64c25a851e6c18f3b53657dfcda11c817fc34c450ff953d'}, 'chid': '57a5fa2eabd461db6913d2f6da58ef6fa9222530e0194e0334b3a1d22019344d'} inserted successfully. 
2026-09-29 21:51:30,841 - INFO - [Block Validation] Validatiing the block 0.
2026-09-29 21:51:30,841 - INFO - [Block Validation] The block 0 is valid.
2026-09-29 21:51:30,842 - INFO - [Chain Validation] Chain is valid.
2026-09-29 21:51:30,872 - DEBUG - Using proactor: IocpProactor
2026-09-29 21:51:30,917 - INFO - HTTP Request: POST http://testserver/register "HTTP/1.1 422 Unprocessable Content"
2026-09-29 21:51:30,929 - INFO - [Chain Validation] Initializing the chain validator.
2026-09-29 21:51:30,933 - INFO - [Miner]Mining block 0...
2026-09-29 21:51:31,307 - INFO - [Miner] Block 0 mined after 36254 attempts. Nonce: 36254
2026-09-29 21:51:31,308 - WARNING - [Chain Validation] Cannot validate. The ledger is empty.
2026-09-29 21:51:31,310 - INFO - Block with CHID {'user': {'name': 'Gensis-Block', 'nationalNumber': 0, 'phone': 0, 'age': 0, 'email': 'gensis@blockchain.io', 'birth': '', 'HID': '86b9cfefa3624e99ed49d4b95a65292e3ae59d1acc02e31aa391003979282fe0'}, 'credential': {'image': '', 'credentialID': 0, 'CID': 'be73143655a54956d57ca963bfd4e8437ee884b7a022d790d98afcd91066c65b', 'metadata': {'documentTitle': None, 'documentType': None, 'documentFormat': None, 'documentContentSize': 0}}, 'issuer': {'name': '', 'businessID': 0, 'AUTHID': '4930fe69eb193324e64c25a851e6c18f3b53657dfcda11c817fc34c450ff953d'}, 'chid': '57a5fa2eabd461db6913d2f6da58ef6fa9222530e0194e0334b3a1d22019344d'} inserted successfully. 
2026-09-29 21:51:31,343 - INFO - [Block Validation] Validatiing the block 0.
2026-09-29 21:51:31,343 - INFO - [Block Validation] The block 0 is valid.
2026-09-29 21:51:31,344 - INFO - [Chain Validation] Chain is valid.
2026-09-29 21:51:31,381 - DEBUG - Using proactor: IocpProactor
2026-09-29 21:51:31,410 - INFO - HTTP Request: POST http://testserver/register "HTTP/1.1 400 Bad Request"
2026-09-29 21:51:31,420 - INFO - [Chain Validation] Initializing the chain validator.
2026-09-29 21:51:31,424 - INFO - [Miner]Mining block 0...
2026-09-29 21:51:31,818 - INFO - [Miner] Block 0 mined after 36254 attempts. Nonce: 36254
2026-09-29 21:51:31,819 - WARNING - [Chain Validation] Cannot validate. The ledger is empty.
2026-09-29 21:51:31,821 - INFO - Block with CHID {'user': {'name': 'Gensis-Block', 'nationalNumber': 0, 'phone': 0, 'age': 0, 'email': 'gensis@blockchain.io', 'birth': '', 'HID': '86b9cfefa3624e99ed49d4b95a65292e3ae59d1acc02e31aa391003979282fe0'}, 'credential': {'image': '', 'credentialID': 0, 'CID': 'be73143655a54956d57ca963bfd4e8437ee884b7a022d790d98afcd91066c65b', 'metadata': {'documentTitle': None, 'documentType': None, 'documentFormat': None, 'documentContentSize': 0}}, 'issuer': {'name': '', 'businessID': 0, 'AUTHID': '4930fe69eb193324e64c25a851e6c18f3b53657dfcda11c817fc34c450ff953d'}, 'chid': '57a5fa2eabd461db6913d2f6da58ef6fa9222530e0194e0334b3a1d22019344d'} inserted successfully. 
2026-09-29 21:51:31,876 - INFO - [Block Validation] Validatiing the block 0.
2026-09-29 21:51:31,876 - INFO - [Block Validation] The block 0 is valid.
2026-09-29 21:51:31,876 - INFO - [Chain Validation] Chain is valid.
2026-09-29 21:51:31,913 - DEBUG - Using proactor: IocpProactor
2026-09-29 21:51:31,944 - INFO - [Miner]Mining block 1...
2026-09-29 21:51:32,278 - INFO - [Miner] Block 1 mined after 36695 attempts. Nonce: 36695
2026-09-29 21:51:32,280 - INFO - [Block Validation] Validatiing the block 0.
2026-09-29 21:51:32,281 - INFO - [Block Validation] The block 0 is valid.
2026-09-29 21:51:32,281 - INFO - [Chain Validation] Chain is valid.
2026-09-29 21:51:32,282 - INFO - Block with CHID {'user': {'name': 'Alice', 'nationalNumber': 1004, 'phone': 1, 'age': 30, 'email': 'a@x.com', 'birth': '1995-01-01', 'HID': '5aac19b7d8962cd134de158c9b24c70932035f6bcea6f0ec7202d88dd116e00f'}, 'credential': {'image': '31ac6929a2239720b9664cd45f6060111ab0f6d83705ebda8dce6a84005f528c', 'credentialID': 4, 'CID': 'c67e651e177fa9670940e3f622cb2cd5c1dcd1feb3425d40d9d041026cb0f3a2', 'metadata': {'documentTitle': 'Credential document', 'documentType': 'application/pdf', 'documentFormat': None, 'documentContentSize': 518}}, 'issuer': {'name': 'JPUF', 'businessID': 13, 'AUTHID': '2ff530b451fc145718cbfcc9ae3400ea68308c4f8a703b28f7981b8cf8faeec2'}, 'chid': 'db4c09127087fae83b8b1277ce1cc3b5d45aa99274f2c424b41136fc4258aee8'} inserted successfully. 
2026-09-29 21:51:32,287 - INFO - HTTP Request: POST http://testserver/register "HTTP/1.1 201 Created"
2026-09-29 21:51:32,299 - INFO - [Chain Validation] Initializing the chain validator.
2026-09-29 21:51:32,302 - INFO - [Miner]Mining block 0...
2026-09-29 21:51:32,681 - INFO - [Miner] Block 0 mined after 36254 attempts. Nonce: 36254
2026-09-29 21:51:32,682 - WARNING - [Chain Validation] Cannot validate. The ledger is empty.
2026-09-29 21:51:32,684 - INFO - Block with CHID {'user': {'name': 'Gensis-Block', 'nationalNumber': 0, 'phone': 0, 'age': 0, 'email': 'gensis@blockchain.io', 'birth': '', 'HID': '86b9cfefa3624e99ed49d4b95a65292e3ae59d1acc02e31aa391003979282fe0'}, 'credential': {'image': '', 'credentialID': 0, 'CID': 'be73143655a54956d57ca963bfd4e8437ee884b7a022d790d98afcd91066c65b', 'metadata': {'documentTitle': None, 'documentType': None, 'documentFormat': None, 'documentContentSize': 0}}, 'issuer': {'name': '', 'businessID': 0, 'AUTHID': '4930fe69eb193324e64c25a851e6c18f3b53657dfcda11c817fc34c450ff953d'}, 'chid': '57a5fa2eabd461db6913d2f6da58ef6fa9222530e0194e0334b3a1d22019344d'} inserted successfully. 
2026-09-29 21:51:32,720 - INFO - [Block Validation] Validatiing the block 0.
2026-09-29 21:51:32,720 - INFO - [Block Validation] The block 0 is valid.
2026-09-29 21:51:32,721 - INFO - [Chain Validation] Chain is valid.
2026-09-29 21:51:32,751 - DEBUG - Using proactor: IocpProactor
2026-09-29 21:51:32,778 - INFO - HTTP Request: POST http://testserver/register "HTTP/1.1 400 Bad Request"
2026-09-29 21:51:32,783 - INFO - [Chain Validation] Initializing the chain validator.
2026-09-29 21:51:32,786 - INFO - [Miner]Mining block 0...
2026-09-29 21:51:33,084 - INFO - [Miner] Block 0 mined after 36254 attempts. Nonce: 36254
2026-09-29 21:51:33,084 - WARNING - [Chain Validation] Cannot validate. The ledger is empty.
2026-09-29 21:51:33,086 - INFO - Block with CHID {'user': {'name': 'Gensis-Block', 'nationalNumber': 0, 'phone': 0, 'age': 0, 'email': 'gensis@blockchain.io', 'birth': '', 'HID': '86b9cfefa3624e99ed49d4b95a65292e3ae59d1acc02e31aa391003979282fe0'}, 'credential': {'image': '', 'credentialID': 0, 'CID': 'be73143655a54956d57ca963bfd4e8437ee884b7a022d790d98afcd91066c65b', 'metadata': {'documentTitle': None, 'documentType': None, 'documentFormat': None, 'documentContentSize': 0}}, 'issuer': {'name': '', 'businessID': 0, 'AUTHID': '4930fe69eb193324e64c25a851e6c18f3b53657dfcda11c817fc34c450ff953d'}, 'chid': '57a5fa2eabd461db6913d2f6da58ef6fa9222530e0194e0334b3a1d22019344d'} inserted successfully. 
2026-09-29 21:51:33,120 - INFO - [Block Validation] Validatiing the block 0.
2026-09-29 21:51:33,121 - INFO - [Block Validation] The block 0 is valid.
2026-09-29 21:51:33,121 - INFO - [Chain Validation] Chain is valid.
2026-09-29 21:51:33,156 - DEBUG - Using proactor: IocpProactor
2026-09-29 21:51:33,182 - INFO - [Miner]Mining block 1...
2026-09-29 21:51:33,232 - INFO - [Miner] Block 1 mined after 5423 attempts. Nonce: 5423
2026-09-29 21:51:33,233 - INFO - [Block Validation] Validatiing the block 0.
2026-09-29 21:51:33,234 - INFO - [Block Validation] The block 0 is valid.
2026-09-29 21:51:33,234 - INFO - [Chain Validation] Chain is valid.
2026-09-29 21:51:33,236 - INFO - Block with CHID {'user': {'name': 'Alice', 'nationalNumber': 1006, 'phone': 1, 'age': 30, 'email': 'a@x.com', 'birth': '1995-01-01', 'HID': '65129d4a2aba34d18c732d1352f3d9c799a758171621e20ac26b469da7c7dd8f'}, 'credential': {'image': 'c82dcd77aa27dff6a84c6e331b55ecf23c0f2428710d14a5e042e6a95c1e0313', 'credentialID': 6, 'CID': 'f62c651a8ee3bb7dbbf8f5dcfb0b4adc9ffe352e0cfa597d8939824533032a64', 'metadata': {'documentTitle': 'Credential document', 'documentType': 'application/pdf', 'documentFormat': None, 'documentContentSize': 518}}, 'issuer': {'name': 'JPUF', 'businessID': 15, 'AUTHID': 'c88cc270b8605b7f9a16307780135b545eb155490e905fc7733a8e23c1014b89'}, 'chid': '7e9f5664bafa141b66141aebf2679d84ea23339053a3fb0acd036e7eb0ef2512'} inserted successfully. 
2026-09-29 21:51:33,242 - INFO - HTTP Request: POST http://testserver/register "HTTP/1.1 201 Created"
2026-09-29 21:51:33,256 - INFO - [Chain Validation] Initializing the chain validator.
2026-09-29 21:51:33,260 - INFO - [Miner]Mining block 0...
2026-09-29 21:51:33,649 - INFO - [Miner] Block 0 mined after 36254 attempts. Nonce: 36254
2026-09-29 21:51:33,649 - WARNING - [Chain Validation] Cannot validate. The ledger is empty.
2026-09-29 21:51:33,651 - INFO - Block with CHID {'user': {'name': 'Gensis-Block', 'nationalNumber': 0, 'phone': 0, 'age': 0, 'email': 'gensis@blockchain.io', 'birth': '', 'HID': '86b9cfefa3624e99ed49d4b95a65292e3ae59d1acc02e31aa391003979282fe0'}, 'credential': {'image': '', 'credentialID': 0, 'CID': 'be73143655a54956d57ca963bfd4e8437ee884b7a022d790d98afcd91066c65b', 'metadata': {'documentTitle': None, 'documentType': None, 'documentFormat': None, 'documentContentSize': 0}}, 'issuer': {'name': '', 'businessID': 0, 'AUTHID': '4930fe69eb193324e64c25a851e6c18f3b53657dfcda11c817fc34c450ff953d'}, 'chid': '57a5fa2eabd461db6913d2f6da58ef6fa9222530e0194e0334b3a1d22019344d'} inserted successfully. 
2026-09-29 21:51:33,689 - INFO - [Block Validation] Validatiing the block 0.
2026-09-29 21:51:33,691 - INFO - [Block Validation] The block 0 is valid.
2026-09-29 21:51:33,691 - INFO - [Chain Validation] Chain is valid.
2026-09-29 21:51:33,729 - DEBUG - Using proactor: IocpProactor
2026-09-29 21:51:33,759 - INFO - [Miner]Mining block 1...
2026-09-29 21:51:35,265 - INFO - [Miner] Block 1 mined after 144969 attempts. Nonce: 144969
2026-09-29 21:51:35,266 - INFO - [Block Validation] Validatiing the block 0.
2026-09-29 21:51:35,266 - INFO - [Block Validation] The block 0 is valid.
2026-09-29 21:51:35,266 - INFO - [Chain Validation] Chain is valid.
2026-09-29 21:51:35,268 - INFO - Block with CHID {'user': {'name': 'Carol', 'nationalNumber': 2002, 'phone': 1, 'age': 30, 'email': 'a@x.com', 'birth': '1995-01-01', 'HID': '7ccdca19127ae4219e99c8e0c608497017406487782aabf35286fa912407c485'}, 'credential': {'image': 'ac6d6e2dbdb9b7afb3755a0f72f3ab89a285d5333162e9b22f6303e3b68a1cea', 'credentialID': 2, 'CID': '2e64e8577bf5133faa005db2268586205c0391a506b4e9c1089c980f227c70c7', 'metadata': {'documentTitle': 'Credential document', 'documentType': 'application/pdf', 'documentFormat': None, 'documentContentSize': 518}}, 'issuer': {'name': 'GovAuth', 'businessID': 20, 'AUTHID': 'ee5d73cf8f46e498653cd4fdc6593d0135f42384702cddc762894798045821a5'}, 'chid': 'b88884d869705a7d2715238c80fcbdc31b35d446d7203c08e8a1981a3cf64898'} inserted successfully. 
2026-09-29 21:51:35,271 - INFO - HTTP Request: POST http://testserver/register "HTTP/1.1 201 Created"
2026-09-29 21:51:35,272 - DEBUG - Using proactor: IocpProactor
2026-09-29 21:51:35,283 - INFO - HTTP Request: POST http://testserver/check "HTTP/1.1 200 OK"
2026-09-29 21:51:35,291 - INFO - [Chain Validation] Initializing the chain validator.
2026-09-29 21:51:35,295 - INFO - [Miner]Mining block 0...
2026-09-29 21:51:35,646 - INFO - [Miner] Block 0 mined after 36254 attempts. Nonce: 36254
2026-09-29 21:51:35,647 - WARNING - [Chain Validation] Cannot validate. The ledger is empty.
2026-09-29 21:51:35,649 - INFO - Block with CHID {'user': {'name': 'Gensis-Block', 'nationalNumber': 0, 'phone': 0, 'age': 0, 'email': 'gensis@blockchain.io', 'birth': '', 'HID': '86b9cfefa3624e99ed49d4b95a65292e3ae59d1acc02e31aa391003979282fe0'}, 'credential': {'image': '', 'credentialID': 0, 'CID': 'be73143655a54956d57ca963bfd4e8437ee884b7a022d790d98afcd91066c65b', 'metadata': {'documentTitle': None, 'documentType': None, 'documentFormat': None, 'documentContentSize': 0}}, 'issuer': {'name': '', 'businessID': 0, 'AUTHID': '4930fe69eb193324e64c25a851e6c18f3b53657dfcda11c817fc34c450ff953d'}, 'chid': '57a5fa2eabd461db6913d2f6da58ef6fa9222530e0194e0334b3a1d22019344d'} inserted successfully. 
2026-09-29 21:51:35,686 - INFO - [Block Validation] Validatiing the block 0.
2026-09-29 21:51:35,687 - INFO - [Block Validation] The block 0 is valid.
2026-09-29 21:51:35,687 - INFO - [Chain Validation] Chain is valid.
2026-09-29 21:51:35,720 - DEBUG - Using proactor: IocpProactor
2026-09-29 21:51:35,767 - INFO - [Miner]Mining block 1...
2026-09-29 21:51:35,820 - INFO - [Miner] Block 1 mined after 4853 attempts. Nonce: 4853
2026-09-29 21:51:35,821 - INFO - [Block Validation] Validatiing the block 0.
2026-09-29 21:51:35,821 - INFO - [Block Validation] The block 0 is valid.
2026-09-29 21:51:35,822 - INFO - [Chain Validation] Chain is valid.
2026-09-29 21:51:35,825 - INFO - Block with CHID {'user': {'name': 'Dave', 'nationalNumber': 3003, 'phone': 1, 'age': 30, 'email': 'a@x.com', 'birth': '1995-01-01', 'HID': '927d2a5553a16a35860e8bc661b28e50ee334e4a6c4e28c6f0a80b4d57d53ec7'}, 'credential': {'image': 'b9d46ef377cf51dcd50162e4385c74bd177818ef0fa5030d870702e26976d30f', 'credentialID': 30, 'CID': '086068b3ab94cedfd5e4e099b8df1659791dcef4aa6905efb38476ba55a1c3c8', 'metadata': {'documentTitle': 'Credential document', 'documentType': 'application/pdf', 'documentFormat': None, 'documentContentSize': 518}}, 'issuer': {'name': 'AuthX', 'businessID': 300, 'AUTHID': 'cd8cbefe099dfc49b8d17469a059d32b2b7c9bec598cb0456121911fe71d4a04'}, 'chid': '034258036e203573cfd7958f6ca3a79b4c6ecf557df326ec4a8a47212062bf50'} inserted successfully. 
2026-09-29 21:51:35,831 - INFO - HTTP Request: POST http://testserver/register "HTTP/1.1 201 Created"
2026-09-29 21:51:35,836 - DEBUG - Using proactor: IocpProactor
2026-09-29 21:51:35,848 - INFO - [Miner]Mining block 2...
2026-09-29 21:51:36,052 - INFO - [Miner] Block 2 mined after 13878 attempts. Nonce: 13878
2026-09-29 21:51:36,055 - INFO - [Block Validation] Validatiing the block 0.
2026-09-29 21:51:36,063 - INFO - [Block Validation] The block 0 is valid.
2026-09-29 21:51:36,063 - INFO - [Block Validation] Validatiing the block 1.
2026-09-29 21:51:36,063 - INFO - [Block Validation] The block 1 is valid.
2026-09-29 21:51:36,064 - INFO - [Chain Validation] Chain is valid.
2026-09-29 21:51:36,065 - INFO - Block with CHID {'user': {'name': 'Eve', 'nationalNumber': 3004, 'phone': 1, 'age': 30, 'email': 'a@x.com', 'birth': '1995-01-01', 'HID': '2b4f4fefe5b386a0dbdca495830d1f95c47e1f8e5464d2cd7f7a884bbebae2f6'}, 'credential': {'image': '226d839223d6cbc26d8a9b6caebb14ed1414562560641114aeb7064e20cc82bb', 'credentialID': 31, 'CID': '493123ccd457868686228a23acd6046f967d87c4a505b1d760b44b531a15cdd5', 'metadata': {'documentTitle': 'Credential document', 'documentType': 'application/pdf', 'documentFormat': None, 'documentContentSize': 518}}, 'issuer': {'name': 'AuthY', 'businessID': 301, 'AUTHID': 'cc36aa22367b078b4b8d44d7b466c78824abda384dacaacbe6f825b6c95ef264'}, 'chid': 'f5c744acb45ab3fccfe99c233a3946209ab468c81f7fbd4d55f79061822bad6c'} inserted successfully. 
2026-09-29 21:51:36,068 - INFO - HTTP Request: POST http://testserver/register "HTTP/1.1 201 Created"
2026-09-29 21:51:36,080 - DEBUG - Using proactor: IocpProactor
2026-09-29 21:51:36,099 - INFO - HTTP Request: POST http://testserver/check "HTTP/1.1 200 OK"
2026-09-29 21:51:36,118 - INFO - [Chain Validation] Initializing the chain validator.
2026-09-29 21:51:36,120 - INFO - [Miner]Mining block 0...
2026-09-29 21:51:36,517 - INFO - [Miner] Block 0 mined after 36254 attempts. Nonce: 36254
2026-09-29 21:51:36,517 - WARNING - [Chain Validation] Cannot validate. The ledger is empty.
2026-09-29 21:51:36,519 - INFO - Block with CHID {'user': {'name': 'Gensis-Block', 'nationalNumber': 0, 'phone': 0, 'age': 0, 'email': 'gensis@blockchain.io', 'birth': '', 'HID': '86b9cfefa3624e99ed49d4b95a65292e3ae59d1acc02e31aa391003979282fe0'}, 'credential': {'image': '', 'credentialID': 0, 'CID': 'be73143655a54956d57ca963bfd4e8437ee884b7a022d790d98afcd91066c65b', 'metadata': {'documentTitle': None, 'documentType': None, 'documentFormat': None, 'documentContentSize': 0}}, 'issuer': {'name': '', 'businessID': 0, 'AUTHID': '4930fe69eb193324e64c25a851e6c18f3b53657dfcda11c817fc34c450ff953d'}, 'chid': '57a5fa2eabd461db6913d2f6da58ef6fa9222530e0194e0334b3a1d22019344d'} inserted successfully. 
2026-09-29 21:51:36,549 - INFO - [Block Validation] Validatiing the block 0.
2026-09-29 21:51:36,550 - INFO - [Block Validation] The block 0 is valid.
2026-09-29 21:51:36,550 - INFO - [Chain Validation] Chain is valid.
2026-09-29 21:51:36,579 - DEBUG - Using proactor: IocpProactor
2026-09-29 21:51:36,608 - INFO - HTTP Request: POST http://testserver/check "HTTP/1.1 200 OK"
2026-09-29 21:51:36,617 - INFO - [Chain Validation] Initializing the chain validator.
2026-09-29 21:51:36,620 - INFO - [Miner]Mining block 0...
2026-09-29 21:51:36,966 - INFO - [Miner] Block 0 mined after 36254 attempts. Nonce: 36254
2026-09-29 21:51:36,967 - WARNING - [Chain Validation] Cannot validate. The ledger is empty.
2026-09-29 21:51:36,969 - INFO - Block with CHID {'user': {'name': 'Gensis-Block', 'nationalNumber': 0, 'phone': 0, 'age': 0, 'email': 'gensis@blockchain.io', 'birth': '', 'HID': '86b9cfefa3624e99ed49d4b95a65292e3ae59d1acc02e31aa391003979282fe0'}, 'credential': {'image': '', 'credentialID': 0, 'CID': 'be73143655a54956d57ca963bfd4e8437ee884b7a022d790d98afcd91066c65b', 'metadata': {'documentTitle': None, 'documentType': None, 'documentFormat': None, 'documentContentSize': 0}}, 'issuer': {'name': '', 'businessID': 0, 'AUTHID': '4930fe69eb193324e64c25a851e6c18f3b53657dfcda11c817fc34c450ff953d'}, 'chid': '57a5fa2eabd461db6913d2f6da58ef6fa9222530e0194e0334b3a1d22019344d'} inserted successfully. 
2026-09-29 21:51:37,000 - INFO - [Block Validation] Validatiing the block 0.
2026-09-29 21:51:37,000 - INFO - [Block Validation] The block 0 is valid.
2026-09-29 21:51:37,001 - INFO - [Chain Validation] Chain is valid.
2026-09-29 21:51:37,034 - DEBUG - Using proactor: IocpProactor
2026-09-29 21:51:37,066 - INFO - [Miner]Mining block 1...
2026-09-29 21:51:37,102 - INFO - [Miner] Block 1 mined after 3131 attempts. Nonce: 3131
2026-09-29 21:51:37,103 - INFO - [Block Validation] Validatiing the block 0.
2026-09-29 21:51:37,103 - INFO - [Block Validation] The block 0 is valid.
2026-09-29 21:51:37,103 - INFO - [Chain Validation] Chain is valid.
2026-09-29 21:51:37,107 - INFO - Block with CHID {'user': {'name': 'Frank', 'nationalNumber': 4004, 'phone': 1, 'age': 30, 'email': 'a@x.com', 'birth': '1995-01-01', 'HID': '71150f88955a186236df50d19a93b1ed04931756a7dc2f0555b5c95386604501'}, 'credential': {'image': '74851a14b3c83e20071fb855db17f6c8e6c0ed2714bbd2680cf827d1e6574a35', 'credentialID': 40, 'CID': '10c72ee794f1484f5d760b5119377fe37e86a9912fe1aabe4eefcf209961c984', 'metadata': {'documentTitle': 'Credential document', 'documentType': 'application/pdf', 'documentFormat': None, 'documentContentSize': 518}}, 'issuer': {'name': 'AuthZ', 'businessID': 400, 'AUTHID': '98fb8368e0c7e807afce4408c4cfeed1068c7088684cbf95580e3b91831dab96'}, 'chid': 'f80afcecc550b04534849cebe7641f32a882adead73077e079652f9162576339'} inserted successfully. 
2026-09-29 21:51:37,113 - INFO - HTTP Request: POST http://testserver/register "HTTP/1.1 201 Created"
2026-09-29 21:51:37,115 - DEBUG - Using proactor: IocpProactor
2026-09-29 21:51:37,135 - INFO - HTTP Request: GET http://testserver/chain "HTTP/1.1 200 OK"
2026-09-29 21:51:37,147 - INFO - [Chain Validation] Initializing the chain validator.
2026-09-29 21:51:37,150 - INFO - [Miner]Mining block 0...
2026-09-29 21:51:37,535 - INFO - [Miner] Block 0 mined after 36254 attempts. Nonce: 36254
2026-09-29 21:51:37,536 - WARNING - [Chain Validation] Cannot validate. The ledger is empty.
2026-09-29 21:51:37,538 - INFO - Block with CHID {'user': {'name': 'Gensis-Block', 'nationalNumber': 0, 'phone': 0, 'age': 0, 'email': 'gensis@blockchain.io', 'birth': '', 'HID': '86b9cfefa3624e99ed49d4b95a65292e3ae59d1acc02e31aa391003979282fe0'}, 'credential': {'image': '', 'credentialID': 0, 'CID': 'be73143655a54956d57ca963bfd4e8437ee884b7a022d790d98afcd91066c65b', 'metadata': {'documentTitle': None, 'documentType': None, 'documentFormat': None, 'documentContentSize': 0}}, 'issuer': {'name': '', 'businessID': 0, 'AUTHID': '4930fe69eb193324e64c25a851e6c18f3b53657dfcda11c817fc34c450ff953d'}, 'chid': '57a5fa2eabd461db6913d2f6da58ef6fa9222530e0194e0334b3a1d22019344d'} inserted successfully. 
2026-09-29 21:51:37,681 - INFO - [Block Validation] Validatiing the block 0.
2026-09-29 21:51:37,682 - INFO - [Block Validation] The block 0 is valid.
2026-09-29 21:51:37,682 - INFO - [Chain Validation] Chain is valid.
2026-09-29 21:51:37,718 - DEBUG - Using proactor: IocpProactor
2026-09-29 21:51:37,759 - INFO - [Chain Validation] Initializing the chain validator.
2026-09-29 21:51:37,760 - INFO - [Block Validation] Validatiing the block 0.
2026-09-29 21:51:37,760 - INFO - [Block Validation] The block 0 is valid.
2026-09-29 21:51:37,761 - INFO - [Chain Validation] Chain is valid.
2026-09-29 21:51:37,765 - INFO - HTTP Request: GET http://testserver/status "HTTP/1.1 200 OK"
2026-09-29 21:53:26,493 - INFO - [Chain Validation] Initializing the chain validator.
2026-09-29 21:53:26,503 - INFO - [Miner]Mining block 0...
2026-09-29 21:53:27,195 - INFO - [Miner] Block 0 mined after 36254 attempts. Nonce: 36254
2026-09-29 21:53:27,200 - WARNING - [Chain Validation] Cannot validate. The ledger is empty.
2026-09-29 21:53:27,202 - INFO - Block with CHID {'user': {'name': 'Gensis-Block', 'nationalNumber': 0, 'phone': 0, 'age': 0, 'email': 'gensis@blockchain.io', 'birth': '', 'HID': '86b9cfefa3624e99ed49d4b95a65292e3ae59d1acc02e31aa391003979282fe0'}, 'credential': {'image': '', 'credentialID': 0, 'CID': 'be73143655a54956d57ca963bfd4e8437ee884b7a022d790d98afcd91066c65b', 'metadata': {'documentTitle': None, 'documentType': None, 'documentFormat': None, 'documentContentSize': 0}}, 'issuer': {'name': '', 'businessID': 0, 'AUTHID': '4930fe69eb193324e64c25a851e6c18f3b53657dfcda11c817fc34c450ff953d'}, 'chid': '57a5fa2eabd461db6913d2f6da58ef6fa9222530e0194e0334b3a1d22019344d'} inserted successfully. 
2026-09-29 21:53:27,462 - INFO - [Block Validation] Validatiing the block 0.
2026-09-29 21:53:27,463 - INFO - [Block Validation] The block 0 is valid.
2026-09-29 21:53:27,463 - INFO - [Chain Validation] Chain is valid.
2026-09-29 21:53:28,304 - DEBUG - Using proactor: IocpProactor
2026-09-29 21:53:28,384 - INFO - [Miner]Mining block 1...
2026-09-29 21:53:29,903 - INFO - [Miner] Block 1 mined after 175049 attempts. Nonce: 175049
2026-09-29 21:53:29,919 - INFO - [Block Validation] Validatiing the block 0.
2026-09-29 21:53:29,919 - INFO - [Block Validation] The block 0 is valid.
2026-09-29 21:53:29,920 - INFO - [Chain Validation] Chain is valid.
2026-09-29 21:53:29,922 - INFO - Block with CHID {'user': {'name': 'Alice', 'nationalNumber': 1001, 'phone': 1, 'age': 30, 'email': 'a@x.com', 'birth': '1995-01-01', 'HID': '17231ca1bfaa73c3b607049f75f3df524b36538b861c559050bff4fbbd64a9d2'}, 'credential': {'image': '5d0c5b432906946c70a42bf8236dce224ba8ed6dece97d21c5a0149180094d2d', 'credentialID': 1, 'CID': 'aee3595a84cbefc4768e7a36885490b7c45ce2cd92b5333254c7f12f34c7f74b', 'metadata': {'documentTitle': 'Credential document', 'documentType': 'application/pdf', 'documentFormat': None, 'documentContentSize': 518}}, 'issuer': {'name': 'JPUF', 'businessID': 10, 'AUTHID': '4e9fed7a5168dd153d040292c205c0f1d65bb64949a99d6a8b1cdebaeffae8cd'}, 'chid': '760d263553dd81fe6a8ee01898d657a9473183565e92e525cd3b1dac9171d716'} inserted successfully. 
2026-09-29 21:53:29,987 - INFO - HTTP Request: POST http://testserver/register "HTTP/1.1 201 Created"
2026-09-29 21:53:30,518 - INFO - [Chain Validation] Initializing the chain validator.
2026-09-29 21:53:30,521 - INFO - [Miner]Mining block 0...
2026-09-29 21:53:30,897 - INFO - [Miner] Block 0 mined after 36254 attempts. Nonce: 36254
2026-09-29 21:53:30,897 - WARNING - [Chain Validation] Cannot validate. The ledger is empty.
2026-09-29 21:53:31,260 - INFO - Block with CHID {'user': {'name': 'Gensis-Block', 'nationalNumber': 0, 'phone': 0, 'age': 0, 'email': 'gensis@blockchain.io', 'birth': '', 'HID': '86b9cfefa3624e99ed49d4b95a65292e3ae59d1acc02e31aa391003979282fe0'}, 'credential': {'image': '', 'credentialID': 0, 'CID': 'be73143655a54956d57ca963bfd4e8437ee884b7a022d790d98afcd91066c65b', 'metadata': {'documentTitle': None, 'documentType': None, 'documentFormat': None, 'documentContentSize': 0}}, 'issuer': {'name': '', 'businessID': 0, 'AUTHID': '4930fe69eb193324e64c25a851e6c18f3b53657dfcda11c817fc34c450ff953d'}, 'chid': '57a5fa2eabd461db6913d2f6da58ef6fa9222530e0194e0334b3a1d22019344d'} inserted successfully. 
2026-09-29 21:53:31,687 - INFO - [Block Validation] Validatiing the block 0.
2026-09-29 21:53:31,687 - INFO - [Block Validation] The block 0 is valid.
2026-09-29 21:53:31,687 - INFO - [Chain Validation] Chain is valid.
2026-09-29 21:53:31,746 - DEBUG - Using proactor: IocpProactor
2026-09-29 21:53:32,115 - INFO - HTTP Request: GET http://testserver/openapi.json "HTTP/1.1 200 OK"
2026-09-29 21:53:32,429 - INFO - [Chain Validation] Initializing the chain validator.
2026-09-29 21:53:32,431 - INFO - [Miner]Mining block 0...
2026-09-29 21:53:33,494 - INFO - [Miner] Block 0 mined after 36254 attempts. Nonce: 36254
2026-09-29 21:53:33,495 - WARNING - [Chain Validation] Cannot validate. The ledger is empty.
2026-09-29 21:53:33,501 - INFO - Block with CHID {'user': {'name': 'Gensis-Block', 'nationalNumber': 0, 'phone': 0, 'age': 0, 'email': 'gensis@blockchain.io', 'birth': '', 'HID': '86b9cfefa3624e99ed49d4b95a65292e3ae59d1acc02e31aa391003979282fe0'}, 'credential': {'image': '', 'credentialID': 0, 'CID': 'be73143655a54956d57ca963bfd4e8437ee884b7a022d790d98afcd91066c65b', 'metadata': {'documentTitle': None, 'documentType': None, 'documentFormat': None, 'documentContentSize': 0}}, 'issuer': {'name': '', 'businessID': 0, 'AUTHID': '4930fe69eb193324e64c25a851e6c18f3b53657dfcda11c817fc34c450ff953d'}, 'chid': '57a5fa2eabd461db6913d2f6da58ef6fa9222530e0194e0334b3a1d22019344d'} inserted successfully. 
2026-09-29 21:53:33,645 - INFO - [Block Validation] Validatiing the block 0.
2026-09-29 21:53:33,645 - INFO - [Block Validation] The block 0 is valid.
2026-09-29 21:53:33,645 - INFO - [Chain Validation] Chain is valid.
2026-09-29 21:53:33,728 - DEBUG - Using proactor: IocpProactor
2026-09-29 21:53:33,800 - INFO - HTTP Request: GET http://testserver/credential-constraints "HTTP/1.1 200 OK"
2026-09-29 21:53:33,836 - INFO - [Chain Validation] Initializing the chain validator.
2026-09-29 21:53:33,839 - INFO - [Miner]Mining block 0...
2026-09-29 21:53:34,547 - INFO - [Miner] Block 0 mined after 36254 attempts. Nonce: 36254
2026-09-29 21:53:34,548 - WARNING - [Chain Validation] Cannot validate. The ledger is empty.
2026-09-29 21:53:34,549 - INFO - Block with CHID {'user': {'name': 'Gensis-Block', 'nationalNumber': 0, 'phone': 0, 'age': 0, 'email': 'gensis@blockchain.io', 'birth': '', 'HID': '86b9cfefa3624e99ed49d4b95a65292e3ae59d1acc02e31aa391003979282fe0'}, 'credential': {'image': '', 'credentialID': 0, 'CID': 'be73143655a54956d57ca963bfd4e8437ee884b7a022d790d98afcd91066c65b', 'metadata': {'documentTitle': None, 'documentType': None, 'documentFormat': None, 'documentContentSize': 0}}, 'issuer': {'name': '', 'businessID': 0, 'AUTHID': '4930fe69eb193324e64c25a851e6c18f3b53657dfcda11c817fc34c450ff953d'}, 'chid': '57a5fa2eabd461db6913d2f6da58ef6fa9222530e0194e0334b3a1d22019344d'} inserted successfully. 
2026-09-29 21:53:35,023 - INFO - [Block Validation] Validatiing the block 0.
2026-09-29 21:53:35,024 - INFO - [Block Validation] The block 0 is valid.
2026-09-29 21:53:35,024 - INFO - [Chain Validation] Chain is valid.
2026-09-29 21:53:35,246 - DEBUG - Using proactor: IocpProactor
2026-09-29 21:53:35,550 - INFO - [Miner]Mining block 1...
2026-09-29 21:53:36,499 - INFO - [Miner] Block 1 mined after 35341 attempts. Nonce: 35341
2026-09-29 21:53:36,501 - INFO - [Block Validation] Validatiing the block 0.
2026-09-29 21:53:36,501 - INFO - [Block Validation] The block 0 is valid.
2026-09-29 21:53:36,502 - INFO - [Chain Validation] Chain is valid.
2026-09-29 21:53:36,504 - INFO - Block with CHID {'user': {'name': 'Alice', 'nationalNumber': 1002, 'phone': 1, 'age': 30, 'email': 'a@x.com', 'birth': '1995-01-01', 'HID': 'b7b5a4ec4731a35d74fea8e4a41b9bf3c87255c9b60f66507abca1942f9633d8'}, 'credential': {'image': '682dce887fe04481dc97063cc790c9b4baf67eb8720387e66f038113a7d45729', 'credentialID': 2, 'CID': '1804736b6809c8e1b748bbf70771258ee17e23091a0f17267c9716bc24e539b1', 'metadata': {'documentTitle': 'Credential document', 'documentType': 'application/pdf', 'documentFormat': None, 'documentContentSize': 518}}, 'issuer': {'name': 'JPUF', 'businessID': 11, 'AUTHID': '8bd1b13d3c9c05b7548cf0e369905b7da65c32d77dbcd9e906d337d8351ecee5'}, 'chid': 'd05f6f4ddc81472b98bf05fff39a23bac7db75c371a69fa5498c34c8e70193de'} inserted successfully. 
2026-09-29 21:53:36,508 - INFO - HTTP Request: POST http://testserver/register "HTTP/1.1 201 Created"
2026-09-29 21:53:36,526 - DEBUG - Using proactor: IocpProactor
2026-09-29 21:53:36,614 - INFO - HTTP Request: POST http://testserver/register "HTTP/1.1 409 Conflict"
2026-09-29 21:53:36,835 - INFO - [Chain Validation] Initializing the chain validator.
2026-09-29 21:53:36,837 - INFO - [Miner]Mining block 0...
2026-09-29 21:53:37,504 - INFO - [Miner] Block 0 mined after 36254 attempts. Nonce: 36254
2026-09-29 21:53:37,504 - WARNING - [Chain Validation] Cannot validate. The ledger is empty.
2026-09-29 21:53:37,506 - INFO - Block with CHID {'user': {'name': 'Gensis-Block', 'nationalNumber': 0, 'phone': 0, 'age': 0, 'email': 'gensis@blockchain.io', 'birth': '', 'HID': '86b9cfefa3624e99ed49d4b95a65292e3ae59d1acc02e31aa391003979282fe0'}, 'credential': {'image': '', 'credentialID': 0, 'CID': 'be73143655a54956d57ca963bfd4e8437ee884b7a022d790d98afcd91066c65b', 'metadata': {'documentTitle': None, 'documentType': None, 'documentFormat': None, 'documentContentSize': 0}}, 'issuer': {'name': '', 'businessID': 0, 'AUTHID': '4930fe69eb193324e64c25a851e6c18f3b53657dfcda11c817fc34c450ff953d'}, 'chid': '57a5fa2eabd461db6913d2f6da58ef6fa9222530e0194e0334b3a1d22019344d'} inserted successfully. 
2026-09-29 21:53:37,934 - INFO - [Block Validation] Validatiing the block 0.
2026-09-29 21:53:37,934 - INFO - [Block Validation] The block 0 is valid.
2026-09-29 21:53:37,936 - INFO - [Chain Validation] Chain is valid.
2026-09-29 21:53:38,029 - DEBUG - Using proactor: IocpProactor
2026-09-29 21:53:38,372 - INFO - HTTP Request: POST http://testserver/register "HTTP/1.1 422 Unprocessable Content"
2026-09-29 21:53:38,390 - INFO - [Chain Validation] Initializing the chain validator.
2026-09-29 21:53:38,393 - INFO - [Miner]Mining block 0...
2026-09-29 21:53:38,915 - INFO - [Miner] Block 0 mined after 36254 attempts. Nonce: 36254
2026-09-29 21:53:38,916 - WARNING - [Chain Validation] Cannot validate. The ledger is empty.
2026-09-29 21:53:38,920 - INFO - Block with CHID {'user': {'name': 'Gensis-Block', 'nationalNumber': 0, 'phone': 0, 'age': 0, 'email': 'gensis@blockchain.io', 'birth': '', 'HID': '86b9cfefa3624e99ed49d4b95a65292e3ae59d1acc02e31aa391003979282fe0'}, 'credential': {'image': '', 'credentialID': 0, 'CID': 'be73143655a54956d57ca963bfd4e8437ee884b7a022d790d98afcd91066c65b', 'metadata': {'documentTitle': None, 'documentType': None, 'documentFormat': None, 'documentContentSize': 0}}, 'issuer': {'name': '', 'businessID': 0, 'AUTHID': '4930fe69eb193324e64c25a851e6c18f3b53657dfcda11c817fc34c450ff953d'}, 'chid': '57a5fa2eabd461db6913d2f6da58ef6fa9222530e0194e0334b3a1d22019344d'} inserted successfully. 
2026-09-29 21:53:38,996 - INFO - [Block Validation] Validatiing the block 0.
2026-09-29 21:53:38,996 - INFO - [Block Validation] The block 0 is valid.
2026-09-29 21:53:38,997 - INFO - [Chain Validation] Chain is valid.
2026-09-29 21:53:39,056 - DEBUG - Using proactor: IocpProactor
2026-09-29 21:53:39,173 - INFO - HTTP Request: POST http://testserver/register "HTTP/1.1 400 Bad Request"
2026-09-29 21:53:39,192 - INFO - [Chain Validation] Initializing the chain validator.
2026-09-29 21:53:39,195 - INFO - [Miner]Mining block 0...
2026-09-29 21:53:39,723 - INFO - [Miner] Block 0 mined after 36254 attempts. Nonce: 36254
2026-09-29 21:53:39,723 - WARNING - [Chain Validation] Cannot validate. The ledger is empty.
2026-09-29 21:53:39,725 - INFO - Block with CHID {'user': {'name': 'Gensis-Block', 'nationalNumber': 0, 'phone': 0, 'age': 0, 'email': 'gensis@blockchain.io', 'birth': '', 'HID': '86b9cfefa3624e99ed49d4b95a65292e3ae59d1acc02e31aa391003979282fe0'}, 'credential': {'image': '', 'credentialID': 0, 'CID': 'be73143655a54956d57ca963bfd4e8437ee884b7a022d790d98afcd91066c65b', 'metadata': {'documentTitle': None, 'documentType': None, 'documentFormat': None, 'documentContentSize': 0}}, 'issuer': {'name': '', 'businessID': 0, 'AUTHID': '4930fe69eb193324e64c25a851e6c18f3b53657dfcda11c817fc34c450ff953d'}, 'chid': '57a5fa2eabd461db6913d2f6da58ef6fa9222530e0194e0334b3a1d22019344d'} inserted successfully. 
2026-09-29 21:53:39,810 - INFO - [Block Validation] Validatiing the block 0.
2026-09-29 21:53:39,811 - INFO - [Block Validation] The block 0 is valid.
2026-09-29 21:53:39,811 - INFO - [Chain Validation] Chain is valid.
2026-09-29 21:53:39,881 - DEBUG - Using proactor: IocpProactor
2026-09-29 21:53:39,917 - INFO - [Miner]Mining block 1...
2026-09-29 21:53:40,632 - INFO - [Miner] Block 1 mined after 42306 attempts. Nonce: 42306
2026-09-29 21:53:40,633 - INFO - [Block Validation] Validatiing the block 0.
2026-09-29 21:53:40,634 - INFO - [Block Validation] The block 0 is valid.
2026-09-29 21:53:40,634 - INFO - [Chain Validation] Chain is valid.
2026-09-29 21:53:40,639 - INFO - Block with CHID {'user': {'name': 'Alice', 'nationalNumber': 1004, 'phone': 1, 'age': 30, 'email': 'a@x.com', 'birth': '1995-01-01', 'HID': '5aac19b7d8962cd134de158c9b24c70932035f6bcea6f0ec7202d88dd116e00f'}, 'credential': {'image': '34a0355411c2edd1f55cccb229e6be56115c2fd975182e9b3a8f1f40b7dcf4bc', 'credentialID': 4, 'CID': '5a212d39addc235a9cb4d9217b523d308064a31c5a063b309618952d034e820f', 'metadata': {'documentTitle': 'Credential document', 'documentType': 'application/pdf', 'documentFormat': None, 'documentContentSize': 518}}, 'issuer': {'name': 'JPUF', 'businessID': 13, 'AUTHID': '2ff530b451fc145718cbfcc9ae3400ea68308c4f8a703b28f7981b8cf8faeec2'}, 'chid': 'bf29d6abe77e68f32fa9b4f738c2a69a5aee494204b4ca9193b6e3d89e43c46e'} inserted successfully. 
2026-09-29 21:53:40,643 - INFO - HTTP Request: POST http://testserver/register "HTTP/1.1 201 Created"
2026-09-29 21:53:41,046 - INFO - [Chain Validation] Initializing the chain validator.
2026-09-29 21:53:41,049 - INFO - [Miner]Mining block 0...
2026-09-29 21:53:41,599 - INFO - [Miner] Block 0 mined after 36254 attempts. Nonce: 36254
2026-09-29 21:53:41,599 - WARNING - [Chain Validation] Cannot validate. The ledger is empty.
2026-09-29 21:53:41,600 - INFO - Block with CHID {'user': {'name': 'Gensis-Block', 'nationalNumber': 0, 'phone': 0, 'age': 0, 'email': 'gensis@blockchain.io', 'birth': '', 'HID': '86b9cfefa3624e99ed49d4b95a65292e3ae59d1acc02e31aa391003979282fe0'}, 'credential': {'image': '', 'credentialID': 0, 'CID': 'be73143655a54956d57ca963bfd4e8437ee884b7a022d790d98afcd91066c65b', 'metadata': {'documentTitle': None, 'documentType': None, 'documentFormat': None, 'documentContentSize': 0}}, 'issuer': {'name': '', 'businessID': 0, 'AUTHID': '4930fe69eb193324e64c25a851e6c18f3b53657dfcda11c817fc34c450ff953d'}, 'chid': '57a5fa2eabd461db6913d2f6da58ef6fa9222530e0194e0334b3a1d22019344d'} inserted successfully. 
2026-09-29 21:53:41,678 - INFO - [Block Validation] Validatiing the block 0.
2026-09-29 21:53:41,678 - INFO - [Block Validation] The block 0 is valid.
2026-09-29 21:53:41,678 - INFO - [Chain Validation] Chain is valid.
2026-09-29 21:53:41,765 - DEBUG - Using proactor: IocpProactor
2026-09-29 21:53:41,798 - INFO - HTTP Request: POST http://testserver/register "HTTP/1.1 400 Bad Request"
2026-09-29 21:53:41,809 - INFO - [Chain Validation] Initializing the chain validator.
2026-09-29 21:53:41,811 - INFO - [Miner]Mining block 0...
2026-09-29 21:53:42,249 - INFO - [Miner] Block 0 mined after 36254 attempts. Nonce: 36254
2026-09-29 21:53:42,250 - WARNING - [Chain Validation] Cannot validate. The ledger is empty.
2026-09-29 21:53:42,251 - INFO - Block with CHID {'user': {'name': 'Gensis-Block', 'nationalNumber': 0, 'phone': 0, 'age': 0, 'email': 'gensis@blockchain.io', 'birth': '', 'HID': '86b9cfefa3624e99ed49d4b95a65292e3ae59d1acc02e31aa391003979282fe0'}, 'credential': {'image': '', 'credentialID': 0, 'CID': 'be73143655a54956d57ca963bfd4e8437ee884b7a022d790d98afcd91066c65b', 'metadata': {'documentTitle': None, 'documentType': None, 'documentFormat': None, 'documentContentSize': 0}}, 'issuer': {'name': '', 'businessID': 0, 'AUTHID': '4930fe69eb193324e64c25a851e6c18f3b53657dfcda11c817fc34c450ff953d'}, 'chid': '57a5fa2eabd461db6913d2f6da58ef6fa9222530e0194e0334b3a1d22019344d'} inserted successfully. 
2026-09-29 21:53:42,312 - INFO - [Block Validation] Validatiing the block 0.
2026-09-29 21:53:42,313 - INFO - [Block Validation] The block 0 is valid.
2026-09-29 21:53:42,313 - INFO - [Chain Validation] Chain is valid.
2026-09-29 21:53:42,377 - DEBUG - Using proactor: IocpProactor
2026-09-29 21:53:42,435 - INFO - [Miner]Mining block 1...
2026-09-29 21:53:47,063 - INFO - [Miner] Block 1 mined after 293054 attempts. Nonce: 293054
2026-09-29 21:53:47,065 - INFO - [Block Validation] Validatiing the block 0.
2026-09-29 21:53:47,065 - INFO - [Block Validation] The block 0 is valid.
2026-09-29 21:53:47,065 - INFO - [Chain Validation] Chain is valid.
2026-09-29 21:53:47,067 - INFO - Block with CHID {'user': {'name': 'Alice', 'nationalNumber': 1006, 'phone': 1, 'age': 30, 'email': 'a@x.com', 'birth': '1995-01-01', 'HID': '65129d4a2aba34d18c732d1352f3d9c799a758171621e20ac26b469da7c7dd8f'}, 'credential': {'image': '1e10cb3dac13e5a2ec1bb7c93d8276ce60794a1b6bf8559b5df892e8005a2fd1', 'credentialID': 6, 'CID': '711dd1b82ee3d3a54a15e5fc4d7988fc73d911ec65bcfa40b852ff58b582c364', 'metadata': {'documentTitle': 'Credential document', 'documentType': 'application/pdf', 'documentFormat': None, 'documentContentSize': 518}}, 'issuer': {'name': 'JPUF', 'businessID': 15, 'AUTHID': 'c88cc270b8605b7f9a16307780135b545eb155490e905fc7733a8e23c1014b89'}, 'chid': 'a34e2f7a23c04c14df8c3f13f3a8e14739f45570e6e5261fcfdd926612f63aae'} inserted successfully. 
2026-09-29 21:53:47,074 - INFO - HTTP Request: POST http://testserver/register "HTTP/1.1 201 Created"
2026-09-29 21:53:47,276 - INFO - [Chain Validation] Initializing the chain validator.
2026-09-29 21:53:47,279 - INFO - [Miner]Mining block 0...
2026-09-29 21:53:48,129 - INFO - [Miner] Block 0 mined after 36254 attempts. Nonce: 36254
2026-09-29 21:53:48,129 - WARNING - [Chain Validation] Cannot validate. The ledger is empty.
2026-09-29 21:53:48,132 - INFO - Block with CHID {'user': {'name': 'Gensis-Block', 'nationalNumber': 0, 'phone': 0, 'age': 0, 'email': 'gensis@blockchain.io', 'birth': '', 'HID': '86b9cfefa3624e99ed49d4b95a65292e3ae59d1acc02e31aa391003979282fe0'}, 'credential': {'image': '', 'credentialID': 0, 'CID': 'be73143655a54956d57ca963bfd4e8437ee884b7a022d790d98afcd91066c65b', 'metadata': {'documentTitle': None, 'documentType': None, 'documentFormat': None, 'documentContentSize': 0}}, 'issuer': {'name': '', 'businessID': 0, 'AUTHID': '4930fe69eb193324e64c25a851e6c18f3b53657dfcda11c817fc34c450ff953d'}, 'chid': '57a5fa2eabd461db6913d2f6da58ef6fa9222530e0194e0334b3a1d22019344d'} inserted successfully. 
2026-09-29 21:53:49,257 - INFO - [Block Validation] Validatiing the block 0.
2026-09-29 21:53:49,269 - INFO - [Block Validation] The block 0 is valid.
2026-09-29 21:53:49,272 - INFO - [Chain Validation] Chain is valid.
2026-09-29 21:53:49,741 - DEBUG - Using proactor: IocpProactor
2026-09-29 21:53:49,896 - INFO - [Miner]Mining block 1...
2026-09-29 21:53:51,531 - INFO - [Miner] Block 1 mined after 84513 attempts. Nonce: 84513
2026-09-29 21:53:51,532 - INFO - [Block Validation] Validatiing the block 0.
2026-09-29 21:53:51,533 - INFO - [Block Validation] The block 0 is valid.
2026-09-29 21:53:51,533 - INFO - [Chain Validation] Chain is valid.
2026-09-29 21:53:51,534 - INFO - Block with CHID {'user': {'name': 'Carol', 'nationalNumber': 2002, 'phone': 1, 'age': 30, 'email': 'a@x.com', 'birth': '1995-01-01', 'HID': '7ccdca19127ae4219e99c8e0c608497017406487782aabf35286fa912407c485'}, 'credential': {'image': 'ef4afc1f0ce43d5f75b887a220ff79e008312434ee6a3f62e8e66d1a5ea08bf2', 'credentialID': 2, 'CID': '6d1a77ddc69c09199b943263b1de5845b7ff06022cca3a519a7010f885a15551', 'metadata': {'documentTitle': 'Credential document', 'documentType': 'application/pdf', 'documentFormat': None, 'documentContentSize': 518}}, 'issuer': {'name': 'GovAuth', 'businessID': 20, 'AUTHID': 'ee5d73cf8f46e498653cd4fdc6593d0135f42384702cddc762894798045821a5'}, 'chid': '8c4ae10b9c765ecc9ce1030e3fa205eef46b7067f5de8d0666b7f63e99bff064'} inserted successfully. 
2026-09-29 21:53:51,537 - INFO - HTTP Request: POST http://testserver/register "HTTP/1.1 201 Created"
2026-09-29 21:53:51,669 - DEBUG - Using proactor: IocpProactor
2026-09-29 21:53:51,801 - INFO - HTTP Request: POST http://testserver/check "HTTP/1.1 200 OK"
2026-09-29 21:53:51,988 - INFO - [Chain Validation] Initializing the chain validator.
2026-09-29 21:53:51,990 - INFO - [Miner]Mining block 0...
2026-09-29 21:53:52,588 - INFO - [Miner] Block 0 mined after 36254 attempts. Nonce: 36254
2026-09-29 21:53:52,613 - WARNING - [Chain Validation] Cannot validate. The ledger is empty.
2026-09-29 21:53:52,615 - INFO - Block with CHID {'user': {'name': 'Gensis-Block', 'nationalNumber': 0, 'phone': 0, 'age': 0, 'email': 'gensis@blockchain.io', 'birth': '', 'HID': '86b9cfefa3624e99ed49d4b95a65292e3ae59d1acc02e31aa391003979282fe0'}, 'credential': {'image': '', 'credentialID': 0, 'CID': 'be73143655a54956d57ca963bfd4e8437ee884b7a022d790d98afcd91066c65b', 'metadata': {'documentTitle': None, 'documentType': None, 'documentFormat': None, 'documentContentSize': 0}}, 'issuer': {'name': '', 'businessID': 0, 'AUTHID': '4930fe69eb193324e64c25a851e6c18f3b53657dfcda11c817fc34c450ff953d'}, 'chid': '57a5fa2eabd461db6913d2f6da58ef6fa9222530e0194e0334b3a1d22019344d'} inserted successfully. 
2026-09-29 21:53:52,805 - INFO - [Block Validation] Validatiing the block 0.
2026-09-29 21:53:52,805 - INFO - [Block Validation] The block 0 is valid.
2026-09-29 21:53:52,806 - INFO - [Chain Validation] Chain is valid.
2026-09-29 21:53:52,932 - DEBUG - Using proactor: IocpProactor
2026-09-29 21:53:53,033 - INFO - [Miner]Mining block 1...
2026-09-29 21:53:55,773 - INFO - [Miner] Block 1 mined after 180151 attempts. Nonce: 180151
2026-09-29 21:53:55,774 - INFO - [Block Validation] Validatiing the block 0.
2026-09-29 21:53:55,775 - INFO - [Block Validation] The block 0 is valid.
2026-09-29 21:53:55,775 - INFO - [Chain Validation] Chain is valid.
2026-09-29 21:53:55,783 - INFO - Block with CHID {'user': {'name': 'Dave', 'nationalNumber': 3003, 'phone': 1, 'age': 30, 'email': 'a@x.com', 'birth': '1995-01-01', 'HID': '927d2a5553a16a35860e8bc661b28e50ee334e4a6c4e28c6f0a80b4d57d53ec7'}, 'credential': {'image': '47d3c80abbbd5a9de64a9324565a112265ece5840198ad36afaab3a452dd97a2', 'credentialID': 30, 'CID': 'be33d20bd166525a50f75e8a273e4da5b38813a5265a186e351d6b8a5fe29116', 'metadata': {'documentTitle': 'Credential document', 'documentType': 'application/pdf', 'documentFormat': None, 'documentContentSize': 518}}, 'issuer': {'name': 'AuthX', 'businessID': 300, 'AUTHID': 'cd8cbefe099dfc49b8d17469a059d32b2b7c9bec598cb0456121911fe71d4a04'}, 'chid': '3640b8cb4b473162c9b3905613c6794e67c3f8c114f9e1fa338a72d2c147b56b'} inserted successfully. 
2026-09-29 21:53:55,786 - INFO - HTTP Request: POST http://testserver/register "HTTP/1.1 201 Created"
2026-09-29 21:53:55,856 - DEBUG - Using proactor: IocpProactor
2026-09-29 21:53:55,901 - INFO - [Miner]Mining block 2...
2026-09-29 21:53:56,782 - INFO - [Miner] Block 2 mined after 60679 attempts. Nonce: 60679
2026-09-29 21:53:56,784 - INFO - [Block Validation] Validatiing the block 0.
2026-09-29 21:53:56,786 - INFO - [Block Validation] The block 0 is valid.
2026-09-29 21:53:56,814 - INFO - [Block Validation] Validatiing the block 1.
2026-09-29 21:53:56,816 - INFO - [Block Validation] The block 1 is valid.
2026-09-29 21:53:56,817 - INFO - [Chain Validation] Chain is valid.
2026-09-29 21:53:56,820 - INFO - Block with CHID {'user': {'name': 'Eve', 'nationalNumber': 3004, 'phone': 1, 'age': 30, 'email': 'a@x.com', 'birth': '1995-01-01', 'HID': '2b4f4fefe5b386a0dbdca495830d1f95c47e1f8e5464d2cd7f7a884bbebae2f6'}, 'credential': {'image': '656f3036dd2913de617f5d7031d09761bacefc43914c329874e05d34190dd887', 'credentialID': 31, 'CID': '4e9074c708f53426861c617217c03088036d83395888199651d2c914c31dbcc1', 'metadata': {'documentTitle': 'Credential document', 'documentType': 'application/pdf', 'documentFormat': None, 'documentContentSize': 518}}, 'issuer': {'name': 'AuthY', 'businessID': 301, 'AUTHID': 'cc36aa22367b078b4b8d44d7b466c78824abda384dacaacbe6f825b6c95ef264'}, 'chid': '77520de6ec49dbb3bc8e2e820169c326bfd308a5e3260e4b21d07978f05198cd'} inserted successfully. 
2026-09-29 21:53:56,827 - INFO - HTTP Request: POST http://testserver/register "HTTP/1.1 201 Created"
2026-09-29 21:53:56,957 - DEBUG - Using proactor: IocpProactor
2026-09-29 21:53:57,232 - INFO - HTTP Request: POST http://testserver/check "HTTP/1.1 200 OK"
2026-09-29 21:53:57,571 - INFO - [Chain Validation] Initializing the chain validator.
2026-09-29 21:53:57,573 - INFO - [Miner]Mining block 0...
2026-09-29 21:53:58,381 - INFO - [Miner] Block 0 mined after 36254 attempts. Nonce: 36254
2026-09-29 21:53:58,381 - WARNING - [Chain Validation] Cannot validate. The ledger is empty.
2026-09-29 21:53:58,386 - INFO - Block with CHID {'user': {'name': 'Gensis-Block', 'nationalNumber': 0, 'phone': 0, 'age': 0, 'email': 'gensis@blockchain.io', 'birth': '', 'HID': '86b9cfefa3624e99ed49d4b95a65292e3ae59d1acc02e31aa391003979282fe0'}, 'credential': {'image': '', 'credentialID': 0, 'CID': 'be73143655a54956d57ca963bfd4e8437ee884b7a022d790d98afcd91066c65b', 'metadata': {'documentTitle': None, 'documentType': None, 'documentFormat': None, 'documentContentSize': 0}}, 'issuer': {'name': '', 'businessID': 0, 'AUTHID': '4930fe69eb193324e64c25a851e6c18f3b53657dfcda11c817fc34c450ff953d'}, 'chid': '57a5fa2eabd461db6913d2f6da58ef6fa9222530e0194e0334b3a1d22019344d'} inserted successfully. 
2026-09-29 21:53:58,971 - INFO - [Block Validation] Validatiing the block 0.
2026-09-29 21:53:58,973 - INFO - [Block Validation] The block 0 is valid.
2026-09-29 21:53:58,974 - INFO - [Chain Validation] Chain is valid.
2026-09-29 21:53:59,043 - DEBUG - Using proactor: IocpProactor
2026-09-29 21:53:59,089 - INFO - HTTP Request: POST http://testserver/check "HTTP/1.1 200 OK"
2026-09-29 21:53:59,474 - INFO - [Chain Validation] Initializing the chain validator.
2026-09-29 21:53:59,476 - INFO - [Miner]Mining block 0...
2026-09-29 21:54:00,101 - INFO - [Miner] Block 0 mined after 36254 attempts. Nonce: 36254
2026-09-29 21:54:00,101 - WARNING - [Chain Validation] Cannot validate. The ledger is empty.
2026-09-29 21:54:00,110 - INFO - Block with CHID {'user': {'name': 'Gensis-Block', 'nationalNumber': 0, 'phone': 0, 'age': 0, 'email': 'gensis@blockchain.io', 'birth': '', 'HID': '86b9cfefa3624e99ed49d4b95a65292e3ae59d1acc02e31aa391003979282fe0'}, 'credential': {'image': '', 'credentialID': 0, 'CID': 'be73143655a54956d57ca963bfd4e8437ee884b7a022d790d98afcd91066c65b', 'metadata': {'documentTitle': None, 'documentType': None, 'documentFormat': None, 'documentContentSize': 0}}, 'issuer': {'name': '', 'businessID': 0, 'AUTHID': '4930fe69eb193324e64c25a851e6c18f3b53657dfcda11c817fc34c450ff953d'}, 'chid': '57a5fa2eabd461db6913d2f6da58ef6fa9222530e0194e0334b3a1d22019344d'} inserted successfully. 
2026-09-29 21:54:01,336 - INFO - [Block Validation] Validatiing the block 0.
2026-09-29 21:54:01,336 - INFO - [Block Validation] The block 0 is valid.
2026-09-29 21:54:01,336 - INFO - [Chain Validation] Chain is valid.
2026-09-29 21:54:01,384 - DEBUG - Using proactor: IocpProactor
2026-09-29 21:54:01,467 - INFO - [Miner]Mining block 1...
2026-09-29 21:54:01,798 - INFO - [Miner] Block 1 mined after 25427 attempts. Nonce: 25427
2026-09-29 21:54:01,799 - INFO - [Block Validation] Validatiing the block 0.
2026-09-29 21:54:01,799 - INFO - [Block Validation] The block 0 is valid.
2026-09-29 21:54:01,799 - INFO - [Chain Validation] Chain is valid.
2026-09-29 21:54:01,852 - INFO - Block with CHID {'user': {'name': 'Frank', 'nationalNumber': 4004, 'phone': 1, 'age': 30, 'email': 'a@x.com', 'birth': '1995-01-01', 'HID': '71150f88955a186236df50d19a93b1ed04931756a7dc2f0555b5c95386604501'}, 'credential': {'image': 'a90cdf0430d3dfb60124cdd8c5bbe317a9340935e64f97fafc1ce34b7791cbb5', 'credentialID': 40, 'CID': '8abd95e04e7b224d7d3b8ec3861464ae002b72e3dbb0b18da6f3c5f0277174a7', 'metadata': {'documentTitle': 'Credential document', 'documentType': 'application/pdf', 'documentFormat': None, 'documentContentSize': 518}}, 'issuer': {'name': 'AuthZ', 'businessID': 400, 'AUTHID': '98fb8368e0c7e807afce4408c4cfeed1068c7088684cbf95580e3b91831dab96'}, 'chid': 'a73f49c8fa378cfded41882536640a0904d4ebc81884eb2ffdf98dc7fa32a260'} inserted successfully. 
2026-09-29 21:54:01,855 - INFO - HTTP Request: POST http://testserver/register "HTTP/1.1 201 Created"
2026-09-29 21:54:02,011 - DEBUG - Using proactor: IocpProactor
2026-09-29 21:54:02,509 - INFO - HTTP Request: GET http://testserver/chain "HTTP/1.1 200 OK"
2026-09-29 21:54:02,682 - INFO - [Chain Validation] Initializing the chain validator.
2026-09-29 21:54:02,684 - INFO - [Miner]Mining block 0...
2026-09-29 21:54:03,093 - INFO - [Miner] Block 0 mined after 36254 attempts. Nonce: 36254
2026-09-29 21:54:03,093 - WARNING - [Chain Validation] Cannot validate. The ledger is empty.
2026-09-29 21:54:03,095 - INFO - Block with CHID {'user': {'name': 'Gensis-Block', 'nationalNumber': 0, 'phone': 0, 'age': 0, 'email': 'gensis@blockchain.io', 'birth': '', 'HID': '86b9cfefa3624e99ed49d4b95a65292e3ae59d1acc02e31aa391003979282fe0'}, 'credential': {'image': '', 'credentialID': 0, 'CID': 'be73143655a54956d57ca963bfd4e8437ee884b7a022d790d98afcd91066c65b', 'metadata': {'documentTitle': None, 'documentType': None, 'documentFormat': None, 'documentContentSize': 0}}, 'issuer': {'name': '', 'businessID': 0, 'AUTHID': '4930fe69eb193324e64c25a851e6c18f3b53657dfcda11c817fc34c450ff953d'}, 'chid': '57a5fa2eabd461db6913d2f6da58ef6fa9222530e0194e0334b3a1d22019344d'} inserted successfully. 
2026-09-29 21:54:03,637 - INFO - [Block Validation] Validatiing the block 0.
2026-09-29 21:54:03,905 - INFO - [Block Validation] The block 0 is valid.
2026-09-29 21:54:03,906 - INFO - [Chain Validation] Chain is valid.
2026-09-29 21:54:03,936 - DEBUG - Using proactor: IocpProactor
2026-09-29 21:54:03,962 - INFO - [Chain Validation] Initializing the chain validator.
2026-09-29 21:54:03,963 - INFO - [Block Validation] Validatiing the block 0.
2026-09-29 21:54:03,964 - INFO - [Block Validation] The block 0 is valid.
2026-09-29 21:54:03,964 - INFO - [Chain Validation] Chain is valid.
2026-09-29 21:54:03,968 - INFO - HTTP Request: GET http://testserver/status "HTTP/1.1 200 OK"
2026-09-29 21:55:16,689 - INFO - [Chain Validation] Initializing the chain validator.
2026-09-29 21:55:16,703 - INFO - [Miner]Mining block 0...
2026-09-29 21:55:17,114 - INFO - [Miner] Block 0 mined after 36254 attempts. Nonce: 36254
2026-09-29 21:55:17,120 - WARNING - [Chain Validation] Cannot validate. The ledger is empty.
2026-09-29 21:55:17,122 - INFO - Block with CHID {'user': {'name': 'Gensis-Block', 'nationalNumber': 0, 'phone': 0, 'age': 0, 'email': 'gensis@blockchain.io', 'birth': '', 'HID': '86b9cfefa3624e99ed49d4b95a65292e3ae59d1acc02e31aa391003979282fe0'}, 'credential': {'image': '', 'credentialID': 0, 'CID': 'be73143655a54956d57ca963bfd4e8437ee884b7a022d790d98afcd91066c65b', 'metadata': {'documentTitle': None, 'documentType': None, 'documentFormat': None, 'documentContentSize': 0}}, 'issuer': {'name': '', 'businessID': 0, 'AUTHID': '4930fe69eb193324e64c25a851e6c18f3b53657dfcda11c817fc34c450ff953d'}, 'chid': '57a5fa2eabd461db6913d2f6da58ef6fa9222530e0194e0334b3a1d22019344d'} inserted successfully. 
2026-09-29 21:55:17,236 - INFO - [Block Validation] Validatiing the block 0.
2026-09-29 21:55:17,236 - INFO - [Block Validation] The block 0 is valid.
2026-09-29 21:55:17,237 - INFO - [Chain Validation] Chain is valid.
2026-09-29 21:55:18,043 - DEBUG - Using proactor: IocpProactor
2026-09-29 21:55:18,153 - INFO - [Miner]Mining block 1...
2026-09-29 21:55:18,827 - INFO - [Miner] Block 1 mined after 50100 attempts. Nonce: 50100
2026-09-29 21:55:18,832 - INFO - [Block Validation] Validatiing the block 0.
2026-09-29 21:55:18,833 - INFO - [Block Validation] The block 0 is valid.
2026-09-29 21:55:18,834 - INFO - [Chain Validation] Chain is valid.
2026-09-29 21:55:18,836 - INFO - Block with CHID {'user': {'name': 'Alice', 'nationalNumber': 1001, 'phone': 1, 'age': 30, 'email': 'a@x.com', 'birth': '1995-01-01', 'HID': '17231ca1bfaa73c3b607049f75f3df524b36538b861c559050bff4fbbd64a9d2'}, 'credential': {'image': '3625133bab8878a4b247b1a11c7a787f256899315537962294f44df424986ef2', 'credentialID': 1, 'CID': '10b982ff100f172fc8258fc3122ae42bd6182a06b9645ee3a21c73cd52ee3d29', 'metadata': {'documentTitle': 'Credential document', 'documentType': 'application/pdf', 'documentFormat': None, 'documentContentSize': 518}}, 'issuer': {'name': 'JPUF', 'businessID': 10, 'AUTHID': '4e9fed7a5168dd153d040292c205c0f1d65bb64949a99d6a8b1cdebaeffae8cd'}, 'chid': 'd64a2bb3ce73d90414a8957e4cddfc5066d1acc903d8185871da649faf5afc75'} inserted successfully. 
2026-09-29 21:55:18,848 - INFO - HTTP Request: POST http://testserver/register "HTTP/1.1 201 Created"
2026-09-29 21:55:18,861 - INFO - [Chain Validation] Initializing the chain validator.
2026-09-29 21:55:18,868 - INFO - [Miner]Mining block 0...
2026-09-29 21:55:19,265 - INFO - [Miner] Block 0 mined after 36254 attempts. Nonce: 36254
2026-09-29 21:55:19,265 - WARNING - [Chain Validation] Cannot validate. The ledger is empty.
2026-09-29 21:55:19,268 - INFO - Block with CHID {'user': {'name': 'Gensis-Block', 'nationalNumber': 0, 'phone': 0, 'age': 0, 'email': 'gensis@blockchain.io', 'birth': '', 'HID': '86b9cfefa3624e99ed49d4b95a65292e3ae59d1acc02e31aa391003979282fe0'}, 'credential': {'image': '', 'credentialID': 0, 'CID': 'be73143655a54956d57ca963bfd4e8437ee884b7a022d790d98afcd91066c65b', 'metadata': {'documentTitle': None, 'documentType': None, 'documentFormat': None, 'documentContentSize': 0}}, 'issuer': {'name': '', 'businessID': 0, 'AUTHID': '4930fe69eb193324e64c25a851e6c18f3b53657dfcda11c817fc34c450ff953d'}, 'chid': '57a5fa2eabd461db6913d2f6da58ef6fa9222530e0194e0334b3a1d22019344d'} inserted successfully. 
2026-09-29 21:55:19,332 - INFO - [Block Validation] Validatiing the block 0.
2026-09-29 21:55:19,332 - INFO - [Block Validation] The block 0 is valid.
2026-09-29 21:55:19,332 - INFO - [Chain Validation] Chain is valid.
2026-09-29 21:55:19,369 - DEBUG - Using proactor: IocpProactor
2026-09-29 21:55:19,436 - INFO - HTTP Request: GET http://testserver/openapi.json "HTTP/1.1 200 OK"
2026-09-29 21:55:19,444 - INFO - [Chain Validation] Initializing the chain validator.
2026-09-29 21:55:19,449 - INFO - [Miner]Mining block 0...
2026-09-29 21:55:19,815 - INFO - [Miner] Block 0 mined after 36254 attempts. Nonce: 36254
2026-09-29 21:55:19,815 - WARNING - [Chain Validation] Cannot validate. The ledger is empty.
2026-09-29 21:55:19,818 - INFO - Block with CHID {'user': {'name': 'Gensis-Block', 'nationalNumber': 0, 'phone': 0, 'age': 0, 'email': 'gensis@blockchain.io', 'birth': '', 'HID': '86b9cfefa3624e99ed49d4b95a65292e3ae59d1acc02e31aa391003979282fe0'}, 'credential': {'image': '', 'credentialID': 0, 'CID': 'be73143655a54956d57ca963bfd4e8437ee884b7a022d790d98afcd91066c65b', 'metadata': {'documentTitle': None, 'documentType': None, 'documentFormat': None, 'documentContentSize': 0}}, 'issuer': {'name': '', 'businessID': 0, 'AUTHID': '4930fe69eb193324e64c25a851e6c18f3b53657dfcda11c817fc34c450ff953d'}, 'chid': '57a5fa2eabd461db6913d2f6da58ef6fa9222530e0194e0334b3a1d22019344d'} inserted successfully. 
2026-09-29 21:55:19,856 - INFO - [Block Validation] Validatiing the block 0.
2026-09-29 21:55:19,856 - INFO - [Block Validation] The block 0 is valid.
2026-09-29 21:55:19,857 - INFO - [Chain Validation] Chain is valid.
2026-09-29 21:55:19,888 - DEBUG - Using proactor: IocpProactor
2026-09-29 21:55:19,919 - INFO - HTTP Request: GET http://testserver/credential-constraints "HTTP/1.1 200 OK"
2026-09-29 21:55:19,929 - INFO - [Chain Validation] Initializing the chain validator.
2026-09-29 21:55:19,933 - INFO - [Miner]Mining block 0...
2026-09-29 21:55:20,269 - INFO - [Miner] Block 0 mined after 36254 attempts. Nonce: 36254
2026-09-29 21:55:20,269 - WARNING - [Chain Validation] Cannot validate. The ledger is empty.
2026-09-29 21:55:20,270 - INFO - Block with CHID {'user': {'name': 'Gensis-Block', 'nationalNumber': 0, 'phone': 0, 'age': 0, 'email': 'gensis@blockchain.io', 'birth': '', 'HID': '86b9cfefa3624e99ed49d4b95a65292e3ae59d1acc02e31aa391003979282fe0'}, 'credential': {'image': '', 'credentialID': 0, 'CID': 'be73143655a54956d57ca963bfd4e8437ee884b7a022d790d98afcd91066c65b', 'metadata': {'documentTitle': None, 'documentType': None, 'documentFormat': None, 'documentContentSize': 0}}, 'issuer': {'name': '', 'businessID': 0, 'AUTHID': '4930fe69eb193324e64c25a851e6c18f3b53657dfcda11c817fc34c450ff953d'}, 'chid': '57a5fa2eabd461db6913d2f6da58ef6fa9222530e0194e0334b3a1d22019344d'} inserted successfully. 
2026-09-29 21:55:20,310 - INFO - [Block Validation] Validatiing the block 0.
2026-09-29 21:55:20,310 - INFO - [Block Validation] The block 0 is valid.
2026-09-29 21:55:20,310 - INFO - [Chain Validation] Chain is valid.
2026-09-29 21:55:20,336 - DEBUG - Using proactor: IocpProactor
2026-09-29 21:55:20,365 - INFO - [Miner]Mining block 1...
2026-09-29 21:55:20,728 - INFO - [Miner] Block 1 mined after 38515 attempts. Nonce: 38515
2026-09-29 21:55:20,731 - INFO - [Block Validation] Validatiing the block 0.
2026-09-29 21:55:20,731 - INFO - [Block Validation] The block 0 is valid.
2026-09-29 21:55:20,732 - INFO - [Chain Validation] Chain is valid.
2026-09-29 21:55:20,734 - INFO - Block with CHID {'user': {'name': 'Alice', 'nationalNumber': 1002, 'phone': 1, 'age': 30, 'email': 'a@x.com', 'birth': '1995-01-01', 'HID': 'b7b5a4ec4731a35d74fea8e4a41b9bf3c87255c9b60f66507abca1942f9633d8'}, 'credential': {'image': '47dcff8a16ec9dd34e2c976be41be2101d90ecd58dfa72d30bf3561bd1b0582b', 'credentialID': 2, 'CID': 'a1ab77fb1ef722fa59981f6da9624eb96037d1250e6647f368e3eb3953028a02', 'metadata': {'documentTitle': 'Credential document', 'documentType': 'application/pdf', 'documentFormat': None, 'documentContentSize': 518}}, 'issuer': {'name': 'JPUF', 'businessID': 11, 'AUTHID': '8bd1b13d3c9c05b7548cf0e369905b7da65c32d77dbcd9e906d337d8351ecee5'}, 'chid': '6b63219745d7f0713eb6c7e9a73b6de9306ab14ac805bf69435ad3739fe99f79'} inserted successfully. 
2026-09-29 21:55:20,737 - INFO - HTTP Request: POST http://testserver/register "HTTP/1.1 201 Created"
2026-09-29 21:55:20,739 - DEBUG - Using proactor: IocpProactor
2026-09-29 21:55:20,748 - INFO - HTTP Request: POST http://testserver/register "HTTP/1.1 409 Conflict"
2026-09-29 21:55:20,754 - INFO - [Chain Validation] Initializing the chain validator.
2026-09-29 21:55:20,755 - INFO - [Miner]Mining block 0...
2026-09-29 21:55:21,055 - INFO - [Miner] Block 0 mined after 36254 attempts. Nonce: 36254
2026-09-29 21:55:21,056 - WARNING - [Chain Validation] Cannot validate. The ledger is empty.
2026-09-29 21:55:21,057 - INFO - Block with CHID {'user': {'name': 'Gensis-Block', 'nationalNumber': 0, 'phone': 0, 'age': 0, 'email': 'gensis@blockchain.io', 'birth': '', 'HID': '86b9cfefa3624e99ed49d4b95a65292e3ae59d1acc02e31aa391003979282fe0'}, 'credential': {'image': '', 'credentialID': 0, 'CID': 'be73143655a54956d57ca963bfd4e8437ee884b7a022d790d98afcd91066c65b', 'metadata': {'documentTitle': None, 'documentType': None, 'documentFormat': None, 'documentContentSize': 0}}, 'issuer': {'name': '', 'businessID': 0, 'AUTHID': '4930fe69eb193324e64c25a851e6c18f3b53657dfcda11c817fc34c450ff953d'}, 'chid': '57a5fa2eabd461db6913d2f6da58ef6fa9222530e0194e0334b3a1d22019344d'} inserted successfully. 
2026-09-29 21:55:21,098 - INFO - [Block Validation] Validatiing the block 0.
2026-09-29 21:55:21,099 - INFO - [Block Validation] The block 0 is valid.
2026-09-29 21:55:21,099 - INFO - [Chain Validation] Chain is valid.
2026-09-29 21:55:21,134 - DEBUG - Using proactor: IocpProactor
2026-09-29 21:55:21,183 - INFO - HTTP Request: POST http://testserver/register "HTTP/1.1 422 Unprocessable Content"
2026-09-29 21:55:21,192 - INFO - [Chain Validation] Initializing the chain validator.
2026-09-29 21:55:21,197 - INFO - [Miner]Mining block 0...
2026-09-29 21:55:21,564 - INFO - [Miner] Block 0 mined after 36254 attempts. Nonce: 36254
2026-09-29 21:55:21,564 - WARNING - [Chain Validation] Cannot validate. The ledger is empty.
2026-09-29 21:55:21,567 - INFO - Block with CHID {'user': {'name': 'Gensis-Block', 'nationalNumber': 0, 'phone': 0, 'age': 0, 'email': 'gensis@blockchain.io', 'birth': '', 'HID': '86b9cfefa3624e99ed49d4b95a65292e3ae59d1acc02e31aa391003979282fe0'}, 'credential': {'image': '', 'credentialID': 0, 'CID': 'be73143655a54956d57ca963bfd4e8437ee884b7a022d790d98afcd91066c65b', 'metadata': {'documentTitle': None, 'documentType': None, 'documentFormat': None, 'documentContentSize': 0}}, 'issuer': {'name': '', 'businessID': 0, 'AUTHID': '4930fe69eb193324e64c25a851e6c18f3b53657dfcda11c817fc34c450ff953d'}, 'chid': '57a5fa2eabd461db6913d2f6da58ef6fa9222530e0194e0334b3a1d22019344d'} inserted successfully. 
2026-09-29 21:55:21,603 - INFO - [Block Validation] Validatiing the block 0.
2026-09-29 21:55:21,604 - INFO - [Block Validation] The block 0 is valid.
2026-09-29 21:55:21,604 - INFO - [Chain Validation] Chain is valid.
2026-09-29 21:55:21,641 - DEBUG - Using proactor: IocpProactor
2026-09-29 21:55:21,674 - INFO - HTTP Request: POST http://testserver/register "HTTP/1.1 400 Bad Request"
2026-09-29 21:55:21,685 - INFO - [Chain Validation] Initializing the chain validator.
2026-09-29 21:55:21,689 - INFO - [Miner]Mining block 0...
2026-09-29 21:55:22,006 - INFO - [Miner] Block 0 mined after 36254 attempts. Nonce: 36254
2026-09-29 21:55:22,006 - WARNING - [Chain Validation] Cannot validate. The ledger is empty.
2026-09-29 21:55:22,007 - INFO - Block with CHID {'user': {'name': 'Gensis-Block', 'nationalNumber': 0, 'phone': 0, 'age': 0, 'email': 'gensis@blockchain.io', 'birth': '', 'HID': '86b9cfefa3624e99ed49d4b95a65292e3ae59d1acc02e31aa391003979282fe0'}, 'credential': {'image': '', 'credentialID': 0, 'CID': 'be73143655a54956d57ca963bfd4e8437ee884b7a022d790d98afcd91066c65b', 'metadata': {'documentTitle': None, 'documentType': None, 'documentFormat': None, 'documentContentSize': 0}}, 'issuer': {'name': '', 'businessID': 0, 'AUTHID': '4930fe69eb193324e64c25a851e6c18f3b53657dfcda11c817fc34c450ff953d'}, 'chid': '57a5fa2eabd461db6913d2f6da58ef6fa9222530e0194e0334b3a1d22019344d'} inserted successfully. 
2026-09-29 21:55:22,040 - INFO - [Block Validation] Validatiing the block 0.
2026-09-29 21:55:22,040 - INFO - [Block Validation] The block 0 is valid.
2026-09-29 21:55:22,041 - INFO - [Chain Validation] Chain is valid.
2026-09-29 21:55:22,069 - DEBUG - Using proactor: IocpProactor
2026-09-29 21:55:22,100 - INFO - [Miner]Mining block 1...
2026-09-29 21:55:22,385 - INFO - [Miner] Block 1 mined after 26531 attempts. Nonce: 26531
2026-09-29 21:55:22,386 - INFO - [Block Validation] Validatiing the block 0.
2026-09-29 21:55:22,386 - INFO - [Block Validation] The block 0 is valid.
2026-09-29 21:55:22,387 - INFO - [Chain Validation] Chain is valid.
2026-09-29 21:55:22,388 - INFO - Block with CHID {'user': {'name': 'Alice', 'nationalNumber': 1004, 'phone': 1, 'age': 30, 'email': 'a@x.com', 'birth': '1995-01-01', 'HID': '5aac19b7d8962cd134de158c9b24c70932035f6bcea6f0ec7202d88dd116e00f'}, 'credential': {'image': 'd967ffdd5a41faaf19b1f3bee5b850c54821bfcc671414474f6d0e135cd413b7', 'credentialID': 4, 'CID': 'd1539150d26805db77501c464cd73f938c627917c1aaba159264475c5beea05c', 'metadata': {'documentTitle': 'Credential document', 'documentType': 'application/pdf', 'documentFormat': None, 'documentContentSize': 518}}, 'issuer': {'name': 'JPUF', 'businessID': 13, 'AUTHID': '2ff530b451fc145718cbfcc9ae3400ea68308c4f8a703b28f7981b8cf8faeec2'}, 'chid': '13833348d4a1522dec0fd2d5c650b7a5e470bdad1704a8079054eb153facfe24'} inserted successfully. 
2026-09-29 21:55:22,393 - INFO - HTTP Request: POST http://testserver/register "HTTP/1.1 201 Created"
2026-09-29 21:55:22,405 - INFO - [Chain Validation] Initializing the chain validator.
2026-09-29 21:55:22,409 - INFO - [Miner]Mining block 0...
2026-09-29 21:55:22,807 - INFO - [Miner] Block 0 mined after 36254 attempts. Nonce: 36254
2026-09-29 21:55:22,808 - WARNING - [Chain Validation] Cannot validate. The ledger is empty.
2026-09-29 21:55:22,809 - INFO - Block with CHID {'user': {'name': 'Gensis-Block', 'nationalNumber': 0, 'phone': 0, 'age': 0, 'email': 'gensis@blockchain.io', 'birth': '', 'HID': '86b9cfefa3624e99ed49d4b95a65292e3ae59d1acc02e31aa391003979282fe0'}, 'credential': {'image': '', 'credentialID': 0, 'CID': 'be73143655a54956d57ca963bfd4e8437ee884b7a022d790d98afcd91066c65b', 'metadata': {'documentTitle': None, 'documentType': None, 'documentFormat': None, 'documentContentSize': 0}}, 'issuer': {'name': '', 'businessID': 0, 'AUTHID': '4930fe69eb193324e64c25a851e6c18f3b53657dfcda11c817fc34c450ff953d'}, 'chid': '57a5fa2eabd461db6913d2f6da58ef6fa9222530e0194e0334b3a1d22019344d'} inserted successfully. 
2026-09-29 21:55:22,843 - INFO - [Block Validation] Validatiing the block 0.
2026-09-29 21:55:22,844 - INFO - [Block Validation] The block 0 is valid.
2026-09-29 21:55:22,844 - INFO - [Chain Validation] Chain is valid.
2026-09-29 21:55:22,881 - DEBUG - Using proactor: IocpProactor
2026-09-29 21:55:22,923 - INFO - HTTP Request: POST http://testserver/register "HTTP/1.1 400 Bad Request"
2026-09-29 21:55:22,933 - INFO - [Chain Validation] Initializing the chain validator.
2026-09-29 21:55:22,937 - INFO - [Miner]Mining block 0...
2026-09-29 21:55:23,306 - INFO - [Miner] Block 0 mined after 36254 attempts. Nonce: 36254
2026-09-29 21:55:23,307 - WARNING - [Chain Validation] Cannot validate. The ledger is empty.
2026-09-29 21:55:23,309 - INFO - Block with CHID {'user': {'name': 'Gensis-Block', 'nationalNumber': 0, 'phone': 0, 'age': 0, 'email': 'gensis@blockchain.io', 'birth': '', 'HID': '86b9cfefa3624e99ed49d4b95a65292e3ae59d1acc02e31aa391003979282fe0'}, 'credential': {'image': '', 'credentialID': 0, 'CID': 'be73143655a54956d57ca963bfd4e8437ee884b7a022d790d98afcd91066c65b', 'metadata': {'documentTitle': None, 'documentType': None, 'documentFormat': None, 'documentContentSize': 0}}, 'issuer': {'name': '', 'businessID': 0, 'AUTHID': '4930fe69eb193324e64c25a851e6c18f3b53657dfcda11c817fc34c450ff953d'}, 'chid': '57a5fa2eabd461db6913d2f6da58ef6fa9222530e0194e0334b3a1d22019344d'} inserted successfully. 
2026-09-29 21:55:23,342 - INFO - [Block Validation] Validatiing the block 0.
2026-09-29 21:55:23,342 - INFO - [Block Validation] The block 0 is valid.
2026-09-29 21:55:23,342 - INFO - [Chain Validation] Chain is valid.
2026-09-29 21:55:23,372 - DEBUG - Using proactor: IocpProactor
2026-09-29 21:55:23,390 - INFO - [Miner]Mining block 1...
2026-09-29 21:55:23,767 - INFO - [Miner] Block 1 mined after 37782 attempts. Nonce: 37782
2026-09-29 21:55:23,768 - INFO - [Block Validation] Validatiing the block 0.
2026-09-29 21:55:23,769 - INFO - [Block Validation] The block 0 is valid.
2026-09-29 21:55:23,770 - INFO - [Chain Validation] Chain is valid.
2026-09-29 21:55:23,772 - INFO - Block with CHID {'user': {'name': 'Alice', 'nationalNumber': 1006, 'phone': 1, 'age': 30, 'email': 'a@x.com', 'birth': '1995-01-01', 'HID': '65129d4a2aba34d18c732d1352f3d9c799a758171621e20ac26b469da7c7dd8f'}, 'credential': {'image': 'a507e45b1ed63e8fc3a519910d26e8b2ffdea000bf5427ab97d3703432f19945', 'credentialID': 6, 'CID': '75f33141f4837a1f4392ddef9a25b9cb242ba178301064f4bc098f00ef03db44', 'metadata': {'documentTitle': 'Credential document', 'documentType': 'application/pdf', 'documentFormat': None, 'documentContentSize': 518}}, 'issuer': {'name': 'JPUF', 'businessID': 15, 'AUTHID': 'c88cc270b8605b7f9a16307780135b545eb155490e905fc7733a8e23c1014b89'}, 'chid': '65ee39c4e8f4728daf6d6ec1a37c06c4852b9d2cf8decd72145ab531352ce388'} inserted successfully. 
2026-09-29 21:55:23,778 - INFO - HTTP Request: POST http://testserver/register "HTTP/1.1 201 Created"
2026-09-29 21:55:23,794 - INFO - [Chain Validation] Initializing the chain validator.
2026-09-29 21:55:23,799 - INFO - [Miner]Mining block 0...
2026-09-29 21:55:24,155 - INFO - [Miner] Block 0 mined after 36254 attempts. Nonce: 36254
2026-09-29 21:55:24,156 - WARNING - [Chain Validation] Cannot validate. The ledger is empty.
2026-09-29 21:55:24,157 - INFO - Block with CHID {'user': {'name': 'Gensis-Block', 'nationalNumber': 0, 'phone': 0, 'age': 0, 'email': 'gensis@blockchain.io', 'birth': '', 'HID': '86b9cfefa3624e99ed49d4b95a65292e3ae59d1acc02e31aa391003979282fe0'}, 'credential': {'image': '', 'credentialID': 0, 'CID': 'be73143655a54956d57ca963bfd4e8437ee884b7a022d790d98afcd91066c65b', 'metadata': {'documentTitle': None, 'documentType': None, 'documentFormat': None, 'documentContentSize': 0}}, 'issuer': {'name': '', 'businessID': 0, 'AUTHID': '4930fe69eb193324e64c25a851e6c18f3b53657dfcda11c817fc34c450ff953d'}, 'chid': '57a5fa2eabd461db6913d2f6da58ef6fa9222530e0194e0334b3a1d22019344d'} inserted successfully. 
2026-09-29 21:55:24,191 - INFO - [Block Validation] Validatiing the block 0.
2026-09-29 21:55:24,191 - INFO - [Block Validation] The block 0 is valid.
2026-09-29 21:55:24,191 - INFO - [Chain Validation] Chain is valid.
2026-09-29 21:55:24,227 - DEBUG - Using proactor: IocpProactor
2026-09-29 21:55:24,255 - INFO - [Miner]Mining block 1...
2026-09-29 21:55:24,626 - INFO - [Miner] Block 1 mined after 15500 attempts. Nonce: 15500
2026-09-29 21:55:24,627 - INFO - [Block Validation] Validatiing the block 0.
2026-09-29 21:55:24,628 - INFO - [Block Validation] The block 0 is valid.
2026-09-29 21:55:24,628 - INFO - [Chain Validation] Chain is valid.
2026-09-29 21:55:24,632 - INFO - Block with CHID {'user': {'name': 'Carol', 'nationalNumber': 2002, 'phone': 1, 'age': 30, 'email': 'a@x.com', 'birth': '1995-01-01', 'HID': '7ccdca19127ae4219e99c8e0c608497017406487782aabf35286fa912407c485'}, 'credential': {'image': 'b15ec0eabcd040e4d0d9f99cf51dccb5069a632ef3a5d42fabd66096af539a0e', 'credentialID': 2, 'CID': '22f7408c024f8eb9a6f93399af043ceeeb0f61061791ba6226b0989aeed60ad2', 'metadata': {'documentTitle': 'Credential document', 'documentType': 'application/pdf', 'documentFormat': None, 'documentContentSize': 518}}, 'issuer': {'name': 'GovAuth', 'businessID': 20, 'AUTHID': 'ee5d73cf8f46e498653cd4fdc6593d0135f42384702cddc762894798045821a5'}, 'chid': 'e576b4406a197d20efce9cd4ad0206f1da1bd0b834cc08161fe6d8df95a76f12'} inserted successfully. 
2026-09-29 21:55:24,637 - INFO - HTTP Request: POST http://testserver/register "HTTP/1.1 201 Created"
2026-09-29 21:55:24,639 - DEBUG - Using proactor: IocpProactor
2026-09-29 21:55:24,651 - INFO - HTTP Request: POST http://testserver/check "HTTP/1.1 200 OK"
2026-09-29 21:55:24,660 - INFO - [Chain Validation] Initializing the chain validator.
2026-09-29 21:55:24,665 - INFO - [Miner]Mining block 0...
2026-09-29 21:55:25,606 - INFO - [Miner] Block 0 mined after 36254 attempts. Nonce: 36254
2026-09-29 21:55:25,607 - WARNING - [Chain Validation] Cannot validate. The ledger is empty.
2026-09-29 21:55:25,610 - INFO - Block with CHID {'user': {'name': 'Gensis-Block', 'nationalNumber': 0, 'phone': 0, 'age': 0, 'email': 'gensis@blockchain.io', 'birth': '', 'HID': '86b9cfefa3624e99ed49d4b95a65292e3ae59d1acc02e31aa391003979282fe0'}, 'credential': {'image': '', 'credentialID': 0, 'CID': 'be73143655a54956d57ca963bfd4e8437ee884b7a022d790d98afcd91066c65b', 'metadata': {'documentTitle': None, 'documentType': None, 'documentFormat': None, 'documentContentSize': 0}}, 'issuer': {'name': '', 'businessID': 0, 'AUTHID': '4930fe69eb193324e64c25a851e6c18f3b53657dfcda11c817fc34c450ff953d'}, 'chid': '57a5fa2eabd461db6913d2f6da58ef6fa9222530e0194e0334b3a1d22019344d'} inserted successfully. 
2026-09-29 21:55:25,658 - INFO - [Block Validation] Validatiing the block 0.
2026-09-29 21:55:25,658 - INFO - [Block Validation] The block 0 is valid.
2026-09-29 21:55:25,658 - INFO - [Chain Validation] Chain is valid.
2026-09-29 21:55:25,699 - DEBUG - Using proactor: IocpProactor
2026-09-29 21:55:25,733 - INFO - [Miner]Mining block 1...
2026-09-29 21:55:25,806 - INFO - [Miner] Block 1 mined after 2699 attempts. Nonce: 2699
2026-09-29 21:55:25,807 - INFO - [Block Validation] Validatiing the block 0.
2026-09-29 21:55:25,807 - INFO - [Block Validation] The block 0 is valid.
2026-09-29 21:55:25,807 - INFO - [Chain Validation] Chain is valid.
2026-09-29 21:55:25,809 - INFO - Block with CHID {'user': {'name': 'Dave', 'nationalNumber': 3003, 'phone': 1, 'age': 30, 'email': 'a@x.com', 'birth': '1995-01-01', 'HID': '927d2a5553a16a35860e8bc661b28e50ee334e4a6c4e28c6f0a80b4d57d53ec7'}, 'credential': {'image': '221d5014cf5ba093b82d02f3422d4c6996f7716507b942be1eefea2962db9961', 'credentialID': 30, 'CID': '7d67754598a754187171e7bdbf5f354ec7fc9b28b5833017b453296d1529e3c2', 'metadata': {'documentTitle': 'Credential document', 'documentType': 'application/pdf', 'documentFormat': None, 'documentContentSize': 518}}, 'issuer': {'name': 'AuthX', 'businessID': 300, 'AUTHID': 'cd8cbefe099dfc49b8d17469a059d32b2b7c9bec598cb0456121911fe71d4a04'}, 'chid': 'a7c421692d393a599503e808b4f1da6e0630fc546dd077a2882b189526c89dc5'} inserted successfully. 
2026-09-29 21:55:25,815 - INFO - HTTP Request: POST http://testserver/register "HTTP/1.1 201 Created"
2026-09-29 21:55:25,822 - DEBUG - Using proactor: IocpProactor
2026-09-29 21:55:25,833 - INFO - [Miner]Mining block 2...
2026-09-29 21:55:26,776 - INFO - [Miner] Block 2 mined after 33466 attempts. Nonce: 33466
2026-09-29 21:55:26,777 - INFO - [Block Validation] Validatiing the block 0.
2026-09-29 21:55:26,778 - INFO - [Block Validation] The block 0 is valid.
2026-09-29 21:55:26,778 - INFO - [Block Validation] Validatiing the block 1.
2026-09-29 21:55:26,778 - INFO - [Block Validation] The block 1 is valid.
2026-09-29 21:55:26,778 - INFO - [Chain Validation] Chain is valid.
2026-09-29 21:55:26,784 - INFO - Block with CHID {'user': {'name': 'Eve', 'nationalNumber': 3004, 'phone': 1, 'age': 30, 'email': 'a@x.com', 'birth': '1995-01-01', 'HID': '2b4f4fefe5b386a0dbdca495830d1f95c47e1f8e5464d2cd7f7a884bbebae2f6'}, 'credential': {'image': 'c7c8e9d203c515e5c272ef1de045eeaa7b7d297d9753a0b4a28b1399d02405d5', 'credentialID': 31, 'CID': '1b48e3d74a4471ee94fd97f373040c761cf2e3515b02b06c5e92b6a650c3d73b', 'metadata': {'documentTitle': 'Credential document', 'documentType': 'application/pdf', 'documentFormat': None, 'documentContentSize': 518}}, 'issuer': {'name': 'AuthY', 'businessID': 301, 'AUTHID': 'cc36aa22367b078b4b8d44d7b466c78824abda384dacaacbe6f825b6c95ef264'}, 'chid': '25c0f12c3002d4fce3a79297d67acea5594d96d5acf992425e99e70669c22cd1'} inserted successfully. 
2026-09-29 21:55:26,789 - INFO - HTTP Request: POST http://testserver/register "HTTP/1.1 201 Created"
2026-09-29 21:55:26,791 - DEBUG - Using proactor: IocpProactor
2026-09-29 21:55:26,806 - INFO - HTTP Request: POST http://testserver/check "HTTP/1.1 200 OK"
2026-09-29 21:55:26,817 - INFO - [Chain Validation] Initializing the chain validator.
2026-09-29 21:55:26,822 - INFO - [Miner]Mining block 0...
2026-09-29 21:55:27,773 - INFO - [Miner] Block 0 mined after 36254 attempts. Nonce: 36254
2026-09-29 21:55:27,774 - WARNING - [Chain Validation] Cannot validate. The ledger is empty.
2026-09-29 21:55:27,775 - INFO - Block with CHID {'user': {'name': 'Gensis-Block', 'nationalNumber': 0, 'phone': 0, 'age': 0, 'email': 'gensis@blockchain.io', 'birth': '', 'HID': '86b9cfefa3624e99ed49d4b95a65292e3ae59d1acc02e31aa391003979282fe0'}, 'credential': {'image': '', 'credentialID': 0, 'CID': 'be73143655a54956d57ca963bfd4e8437ee884b7a022d790d98afcd91066c65b', 'metadata': {'documentTitle': None, 'documentType': None, 'documentFormat': None, 'documentContentSize': 0}}, 'issuer': {'name': '', 'businessID': 0, 'AUTHID': '4930fe69eb193324e64c25a851e6c18f3b53657dfcda11c817fc34c450ff953d'}, 'chid': '57a5fa2eabd461db6913d2f6da58ef6fa9222530e0194e0334b3a1d22019344d'} inserted successfully. 
2026-09-29 21:55:27,811 - INFO - [Block Validation] Validatiing the block 0.
2026-09-29 21:55:27,812 - INFO - [Block Validation] The block 0 is valid.
2026-09-29 21:55:27,815 - INFO - [Chain Validation] Chain is valid.
2026-09-29 21:55:27,838 - DEBUG - Using proactor: IocpProactor
2026-09-29 21:55:27,856 - INFO - HTTP Request: POST http://testserver/check "HTTP/1.1 200 OK"
2026-09-29 21:55:27,867 - INFO - [Chain Validation] Initializing the chain validator.
2026-09-29 21:55:27,869 - INFO - [Miner]Mining block 0...
2026-09-29 21:55:28,156 - INFO - [Miner] Block 0 mined after 36254 attempts. Nonce: 36254
2026-09-29 21:55:28,156 - WARNING - [Chain Validation] Cannot validate. The ledger is empty.
2026-09-29 21:55:28,158 - INFO - Block with CHID {'user': {'name': 'Gensis-Block', 'nationalNumber': 0, 'phone': 0, 'age': 0, 'email': 'gensis@blockchain.io', 'birth': '', 'HID': '86b9cfefa3624e99ed49d4b95a65292e3ae59d1acc02e31aa391003979282fe0'}, 'credential': {'image': '', 'credentialID': 0, 'CID': 'be73143655a54956d57ca963bfd4e8437ee884b7a022d790d98afcd91066c65b', 'metadata': {'documentTitle': None, 'documentType': None, 'documentFormat': None, 'documentContentSize': 0}}, 'issuer': {'name': '', 'businessID': 0, 'AUTHID': '4930fe69eb193324e64c25a851e6c18f3b53657dfcda11c817fc34c450ff953d'}, 'chid': '57a5fa2eabd461db6913d2f6da58ef6fa9222530e0194e0334b3a1d22019344d'} inserted successfully. 
2026-09-29 21:55:28,190 - INFO - [Block Validation] Validatiing the block 0.
2026-09-29 21:55:28,190 - INFO - [Block Validation] The block 0 is valid.
2026-09-29 21:55:28,191 - INFO - [Chain Validation] Chain is valid.
2026-09-29 21:55:28,222 - DEBUG - Using proactor: IocpProactor
2026-09-29 21:55:28,243 - INFO - [Miner]Mining block 1...
2026-09-29 21:55:32,061 - INFO - [Miner] Block 1 mined after 179351 attempts. Nonce: 179351
2026-09-29 21:55:32,062 - INFO - [Block Validation] Validatiing the block 0.
2026-09-29 21:55:32,064 - INFO - [Block Validation] The block 0 is valid.
2026-09-29 21:55:32,065 - INFO - [Chain Validation] Chain is valid.
2026-09-29 21:55:32,066 - INFO - Block with CHID {'user': {'name': 'Frank', 'nationalNumber': 4004, 'phone': 1, 'age': 30, 'email': 'a@x.com', 'birth': '1995-01-01', 'HID': '71150f88955a186236df50d19a93b1ed04931756a7dc2f0555b5c95386604501'}, 'credential': {'image': 'b7d4365af94b9ebffae130fba231b95f5f95c8fa95fd5f2230dbae2949b75b29', 'credentialID': 40, 'CID': '172038b2ccda18e048da68e7bf2cc2b843d2b6da8d4696e4ac8d0377f28dad62', 'metadata': {'documentTitle': 'Credential document', 'documentType': 'application/pdf', 'documentFormat': None, 'documentContentSize': 518}}, 'issuer': {'name': 'AuthZ', 'businessID': 400, 'AUTHID': '98fb8368e0c7e807afce4408c4cfeed1068c7088684cbf95580e3b91831dab96'}, 'chid': '04ccddcb6f75812d06970751f57223ca71a8432206ab918c3844fdd62b2a4584'} inserted successfully. 
2026-09-29 21:55:32,070 - INFO - HTTP Request: POST http://testserver/register "HTTP/1.1 201 Created"
2026-09-29 21:55:32,072 - DEBUG - Using proactor: IocpProactor
2026-09-29 21:55:32,086 - INFO - HTTP Request: GET http://testserver/chain "HTTP/1.1 200 OK"
2026-09-29 21:55:32,091 - INFO - [Chain Validation] Initializing the chain validator.
2026-09-29 21:55:32,093 - INFO - [Miner]Mining block 0...
2026-09-29 21:55:32,425 - INFO - [Miner] Block 0 mined after 36254 attempts. Nonce: 36254
2026-09-29 21:55:32,426 - WARNING - [Chain Validation] Cannot validate. The ledger is empty.
2026-09-29 21:55:32,427 - INFO - Block with CHID {'user': {'name': 'Gensis-Block', 'nationalNumber': 0, 'phone': 0, 'age': 0, 'email': 'gensis@blockchain.io', 'birth': '', 'HID': '86b9cfefa3624e99ed49d4b95a65292e3ae59d1acc02e31aa391003979282fe0'}, 'credential': {'image': '', 'credentialID': 0, 'CID': 'be73143655a54956d57ca963bfd4e8437ee884b7a022d790d98afcd91066c65b', 'metadata': {'documentTitle': None, 'documentType': None, 'documentFormat': None, 'documentContentSize': 0}}, 'issuer': {'name': '', 'businessID': 0, 'AUTHID': '4930fe69eb193324e64c25a851e6c18f3b53657dfcda11c817fc34c450ff953d'}, 'chid': '57a5fa2eabd461db6913d2f6da58ef6fa9222530e0194e0334b3a1d22019344d'} inserted successfully. 
2026-09-29 21:55:32,460 - INFO - [Block Validation] Validatiing the block 0.
2026-09-29 21:55:32,460 - INFO - [Block Validation] The block 0 is valid.
2026-09-29 21:55:32,460 - INFO - [Chain Validation] Chain is valid.
2026-09-29 21:55:32,493 - DEBUG - Using proactor: IocpProactor
2026-09-29 21:55:32,509 - INFO - [Chain Validation] Initializing the chain validator.
2026-09-29 21:55:32,510 - INFO - [Block Validation] Validatiing the block 0.
2026-09-29 21:55:32,510 - INFO - [Block Validation] The block 0 is valid.
2026-09-29 21:55:32,510 - INFO - [Chain Validation] Chain is valid.
2026-09-29 21:55:32,515 - INFO - HTTP Request: GET http://testserver/status "HTTP/1.1 200 OK"
2026-09-29 21:55:32,522 - INFO - [Chain Validation] Initializing the chain validator.
2026-09-29 21:55:32,525 - INFO - [Miner]Mining block 0...
2026-09-29 21:55:32,838 - INFO - [Miner] Block 0 mined after 36254 attempts. Nonce: 36254
2026-09-29 21:55:32,838 - WARNING - [Chain Validation] Cannot validate. The ledger is empty.
2026-09-29 21:55:32,840 - INFO - Block with CHID {'user': {'name': 'Gensis-Block', 'nationalNumber': 0, 'phone': 0, 'age': 0, 'email': 'gensis@blockchain.io', 'birth': '', 'HID': '86b9cfefa3624e99ed49d4b95a65292e3ae59d1acc02e31aa391003979282fe0'}, 'credential': {'image': '', 'credentialID': 0, 'CID': 'be73143655a54956d57ca963bfd4e8437ee884b7a022d790d98afcd91066c65b', 'metadata': {'documentTitle': None, 'documentType': None, 'documentFormat': None, 'documentContentSize': 0}}, 'issuer': {'name': '', 'businessID': 0, 'AUTHID': '4930fe69eb193324e64c25a851e6c18f3b53657dfcda11c817fc34c450ff953d'}, 'chid': '57a5fa2eabd461db6913d2f6da58ef6fa9222530e0194e0334b3a1d22019344d'} inserted successfully. 
2026-09-29 21:55:32,889 - INFO - [Block Validation] Validatiing the block 0.
2026-09-29 21:55:32,889 - INFO - [Block Validation] The block 0 is valid.
2026-09-29 21:55:32,889 - INFO - [Chain Validation] Chain is valid.
2026-09-29 21:55:32,891 - INFO - [Miner]Mining block 1...
2026-09-29 21:55:35,502 - INFO - [Miner] Block 1 mined after 263556 attempts. Nonce: 263556
2026-09-29 21:55:35,503 - INFO - [Block Validation] Validatiing the block 0.
2026-09-29 21:55:35,503 - INFO - [Block Validation] The block 0 is valid.
2026-09-29 21:55:35,503 - INFO - [Chain Validation] Chain is valid.
2026-09-29 21:55:35,505 - INFO - Block with CHID {'user': {'name': 'Test', 'nationalNumber': 1, 'phone': 1, 'age': 20, 'email': 'test@bc.io', 'birth': '', 'HID': 'c81ee803e0b4d22ec53f3c9570d7d3aeb35b4c08f621b6ae8aec5c2acbd04cfc'}, 'credential': {'image': '', 'credentialID': 1, 'CID': '7f384ef9d1d01fb1be4b80cbab80e5a4fc6f7ba72faf78fe5db2bc1eb24ada5b', 'metadata': {'documentTitle': None, 'documentType': None, 'documentFormat': None, 'documentContentSize': 0}}, 'issuer': {'name': 'TestAuth', 'businessID': 1, 'AUTHID': '23a42193fc0960eeefa88e280cdd06ac4474aec773e1e92c69621cba17a57884'}, 'chid': 'b37b57b87e34551147466414755e88cf3d0bdd84a680ed5950eb367730d278c1'} inserted successfully. 
2026-09-29 21:55:35,510 - INFO - [Chain Validation] Initializing the chain validator.
2026-09-29 21:55:35,515 - INFO - [Miner]Mining block 0...
2026-09-29 21:55:35,840 - INFO - [Miner] Block 0 mined after 36254 attempts. Nonce: 36254
2026-09-29 21:55:35,840 - WARNING - [Chain Validation] Cannot validate. The ledger is empty.
2026-09-29 21:55:35,842 - INFO - Block with CHID {'user': {'name': 'Gensis-Block', 'nationalNumber': 0, 'phone': 0, 'age': 0, 'email': 'gensis@blockchain.io', 'birth': '', 'HID': '86b9cfefa3624e99ed49d4b95a65292e3ae59d1acc02e31aa391003979282fe0'}, 'credential': {'image': '', 'credentialID': 0, 'CID': 'be73143655a54956d57ca963bfd4e8437ee884b7a022d790d98afcd91066c65b', 'metadata': {'documentTitle': None, 'documentType': None, 'documentFormat': None, 'documentContentSize': 0}}, 'issuer': {'name': '', 'businessID': 0, 'AUTHID': '4930fe69eb193324e64c25a851e6c18f3b53657dfcda11c817fc34c450ff953d'}, 'chid': '57a5fa2eabd461db6913d2f6da58ef6fa9222530e0194e0334b3a1d22019344d'} inserted successfully. 
2026-09-29 21:55:35,877 - INFO - [Block Validation] Validatiing the block 0.
2026-09-29 21:55:35,878 - INFO - [Block Validation] The block 0 is valid.
2026-09-29 21:55:35,878 - INFO - [Chain Validation] Chain is valid.
2026-09-29 21:55:35,883 - INFO - [Miner]Mining block 1...
2026-09-29 21:55:38,293 - INFO - [Miner] Block 1 mined after 263556 attempts. Nonce: 263556
2026-09-29 21:55:38,294 - INFO - [Block Validation] Validatiing the block 0.
2026-09-29 21:55:38,295 - INFO - [Block Validation] The block 0 is valid.
2026-09-29 21:55:38,295 - INFO - [Chain Validation] Chain is valid.
2026-09-29 21:55:38,300 - INFO - Block with CHID {'user': {'name': 'Test', 'nationalNumber': 1, 'phone': 1, 'age': 20, 'email': 'test@bc.io', 'birth': '', 'HID': 'c81ee803e0b4d22ec53f3c9570d7d3aeb35b4c08f621b6ae8aec5c2acbd04cfc'}, 'credential': {'image': '', 'credentialID': 1, 'CID': '7f384ef9d1d01fb1be4b80cbab80e5a4fc6f7ba72faf78fe5db2bc1eb24ada5b', 'metadata': {'documentTitle': None, 'documentType': None, 'documentFormat': None, 'documentContentSize': 0}}, 'issuer': {'name': 'TestAuth', 'businessID': 1, 'AUTHID': '23a42193fc0960eeefa88e280cdd06ac4474aec773e1e92c69621cba17a57884'}, 'chid': 'b37b57b87e34551147466414755e88cf3d0bdd84a680ed5950eb367730d278c1'} inserted successfully. 
2026-09-29 21:55:38,313 - INFO - [Chain Validation] Initializing the chain validator.
2026-09-29 21:55:38,316 - INFO - [Miner]Mining block 0...
2026-09-29 21:55:38,603 - INFO - [Miner] Block 0 mined after 36254 attempts. Nonce: 36254
2026-09-29 21:55:38,603 - WARNING - [Chain Validation] Cannot validate. The ledger is empty.
2026-09-29 21:55:38,607 - INFO - Block with CHID {'user': {'name': 'Gensis-Block', 'nationalNumber': 0, 'phone': 0, 'age': 0, 'email': 'gensis@blockchain.io', 'birth': '', 'HID': '86b9cfefa3624e99ed49d4b95a65292e3ae59d1acc02e31aa391003979282fe0'}, 'credential': {'image': '', 'credentialID': 0, 'CID': 'be73143655a54956d57ca963bfd4e8437ee884b7a022d790d98afcd91066c65b', 'metadata': {'documentTitle': None, 'documentType': None, 'documentFormat': None, 'documentContentSize': 0}}, 'issuer': {'name': '', 'businessID': 0, 'AUTHID': '4930fe69eb193324e64c25a851e6c18f3b53657dfcda11c817fc34c450ff953d'}, 'chid': '57a5fa2eabd461db6913d2f6da58ef6fa9222530e0194e0334b3a1d22019344d'} inserted successfully. 
2026-09-29 21:55:38,627 - INFO - [Block Validation] Validatiing the block 0.
2026-09-29 21:55:38,627 - INFO - [Block Validation] The block 0 is valid.
2026-09-29 21:55:38,628 - INFO - [Chain Validation] Chain is valid.
2026-09-29 21:55:38,632 - INFO - [Miner]Mining block 1...
2026-09-29 21:55:41,154 - INFO - [Miner] Block 1 mined after 263556 attempts. Nonce: 263556
2026-09-29 21:55:41,154 - INFO - [Block Validation] Validatiing the block 0.
2026-09-29 21:55:41,155 - INFO - [Block Validation] The block 0 is valid.
2026-09-29 21:55:41,155 - INFO - [Chain Validation] Chain is valid.
2026-09-29 21:55:41,156 - INFO - Block with CHID {'user': {'name': 'Test', 'nationalNumber': 1, 'phone': 1, 'age': 20, 'email': 'test@bc.io', 'birth': '', 'HID': 'c81ee803e0b4d22ec53f3c9570d7d3aeb35b4c08f621b6ae8aec5c2acbd04cfc'}, 'credential': {'image': '', 'credentialID': 1, 'CID': '7f384ef9d1d01fb1be4b80cbab80e5a4fc6f7ba72faf78fe5db2bc1eb24ada5b', 'metadata': {'documentTitle': None, 'documentType': None, 'documentFormat': None, 'documentContentSize': 0}}, 'issuer': {'name': 'TestAuth', 'businessID': 1, 'AUTHID': '23a42193fc0960eeefa88e280cdd06ac4474aec773e1e92c69621cba17a57884'}, 'chid': 'b37b57b87e34551147466414755e88cf3d0bdd84a680ed5950eb367730d278c1'} inserted successfully. 
2026-09-29 21:55:41,168 - INFO - [Chain Validation] Initializing the chain validator.
2026-09-29 21:55:41,171 - INFO - [Miner]Mining block 0...
2026-09-29 21:55:41,551 - INFO - [Miner] Block 0 mined after 36254 attempts. Nonce: 36254
2026-09-29 21:55:41,551 - WARNING - [Chain Validation] Cannot validate. The ledger is empty.
2026-09-29 21:55:41,558 - INFO - Block with CHID {'user': {'name': 'Gensis-Block', 'nationalNumber': 0, 'phone': 0, 'age': 0, 'email': 'gensis@blockchain.io', 'birth': '', 'HID': '86b9cfefa3624e99ed49d4b95a65292e3ae59d1acc02e31aa391003979282fe0'}, 'credential': {'image': '', 'credentialID': 0, 'CID': 'be73143655a54956d57ca963bfd4e8437ee884b7a022d790d98afcd91066c65b', 'metadata': {'documentTitle': None, 'documentType': None, 'documentFormat': None, 'documentContentSize': 0}}, 'issuer': {'name': '', 'businessID': 0, 'AUTHID': '4930fe69eb193324e64c25a851e6c18f3b53657dfcda11c817fc34c450ff953d'}, 'chid': '57a5fa2eabd461db6913d2f6da58ef6fa9222530e0194e0334b3a1d22019344d'} inserted successfully. 
2026-09-29 21:55:41,600 - INFO - [Block Validation] Validatiing the block 0.
2026-09-29 21:55:41,601 - INFO - [Block Validation] The block 0 is valid.
2026-09-29 21:55:41,601 - INFO - [Chain Validation] Chain is valid.
2026-09-29 21:55:41,603 - INFO - [Miner]Mining block 1...
2026-09-29 21:55:44,213 - INFO - [Miner] Block 1 mined after 263556 attempts. Nonce: 263556
2026-09-29 21:55:44,216 - INFO - [Block Validation] Validatiing the block 0.
2026-09-29 21:55:44,218 - INFO - [Block Validation] The block 0 is valid.
2026-09-29 21:55:44,218 - INFO - [Chain Validation] Chain is valid.
2026-09-29 21:55:44,222 - INFO - Block with CHID {'user': {'name': 'Test', 'nationalNumber': 1, 'phone': 1, 'age': 20, 'email': 'test@bc.io', 'birth': '', 'HID': 'c81ee803e0b4d22ec53f3c9570d7d3aeb35b4c08f621b6ae8aec5c2acbd04cfc'}, 'credential': {'image': '', 'credentialID': 1, 'CID': '7f384ef9d1d01fb1be4b80cbab80e5a4fc6f7ba72faf78fe5db2bc1eb24ada5b', 'metadata': {'documentTitle': None, 'documentType': None, 'documentFormat': None, 'documentContentSize': 0}}, 'issuer': {'name': 'TestAuth', 'businessID': 1, 'AUTHID': '23a42193fc0960eeefa88e280cdd06ac4474aec773e1e92c69621cba17a57884'}, 'chid': 'b37b57b87e34551147466414755e88cf3d0bdd84a680ed5950eb367730d278c1'} inserted successfully. 
2026-09-29 21:55:44,231 - INFO - [Chain Validation] Initializing the chain validator.
2026-09-29 21:55:44,236 - INFO - [Miner]Mining block 0...
2026-09-29 21:55:44,761 - INFO - [Miner] Block 0 mined after 36254 attempts. Nonce: 36254
2026-09-29 21:55:44,761 - WARNING - [Chain Validation] Cannot validate. The ledger is empty.
2026-09-29 21:55:44,767 - INFO - Block with CHID {'user': {'name': 'Gensis-Block', 'nationalNumber': 0, 'phone': 0, 'age': 0, 'email': 'gensis@blockchain.io', 'birth': '', 'HID': '86b9cfefa3624e99ed49d4b95a65292e3ae59d1acc02e31aa391003979282fe0'}, 'credential': {'image': '', 'credentialID': 0, 'CID': 'be73143655a54956d57ca963bfd4e8437ee884b7a022d790d98afcd91066c65b', 'metadata': {'documentTitle': None, 'documentType': None, 'documentFormat': None, 'documentContentSize': 0}}, 'issuer': {'name': '', 'businessID': 0, 'AUTHID': '4930fe69eb193324e64c25a851e6c18f3b53657dfcda11c817fc34c450ff953d'}, 'chid': '57a5fa2eabd461db6913d2f6da58ef6fa9222530e0194e0334b3a1d22019344d'} inserted successfully. 
2026-09-29 21:55:44,860 - INFO - [Block Validation] Validatiing the block 0.
2026-09-29 21:55:44,861 - INFO - [Block Validation] The block 0 is valid.
2026-09-29 21:55:44,861 - INFO - [Chain Validation] Chain is valid.
2026-09-29 21:55:44,869 - INFO - [Miner]Mining block 1...
2026-09-29 21:55:48,685 - INFO - [Miner] Block 1 mined after 263556 attempts. Nonce: 263556
2026-09-29 21:55:48,686 - INFO - [Block Validation] Validatiing the block 0.
2026-09-29 21:55:48,687 - INFO - [Block Validation] The block 0 is valid.
2026-09-29 21:55:48,687 - INFO - [Chain Validation] Chain is valid.
2026-09-29 21:55:48,689 - INFO - Block with CHID {'user': {'name': 'Test', 'nationalNumber': 1, 'phone': 1, 'age': 20, 'email': 'test@bc.io', 'birth': '', 'HID': 'c81ee803e0b4d22ec53f3c9570d7d3aeb35b4c08f621b6ae8aec5c2acbd04cfc'}, 'credential': {'image': '', 'credentialID': 1, 'CID': '7f384ef9d1d01fb1be4b80cbab80e5a4fc6f7ba72faf78fe5db2bc1eb24ada5b', 'metadata': {'documentTitle': None, 'documentType': None, 'documentFormat': None, 'documentContentSize': 0}}, 'issuer': {'name': 'TestAuth', 'businessID': 1, 'AUTHID': '23a42193fc0960eeefa88e280cdd06ac4474aec773e1e92c69621cba17a57884'}, 'chid': 'b37b57b87e34551147466414755e88cf3d0bdd84a680ed5950eb367730d278c1'} inserted successfully. 
2026-09-29 21:55:48,704 - INFO - [Chain Validation] Initializing the chain validator.
2026-09-29 21:55:48,707 - INFO - [Miner]Mining block 0...
2026-09-29 21:55:49,154 - INFO - [Miner] Block 0 mined after 36254 attempts. Nonce: 36254
2026-09-29 21:55:49,154 - WARNING - [Chain Validation] Cannot validate. The ledger is empty.
2026-09-29 21:55:49,155 - INFO - Block with CHID {'user': {'name': 'Gensis-Block', 'nationalNumber': 0, 'phone': 0, 'age': 0, 'email': 'gensis@blockchain.io', 'birth': '', 'HID': '86b9cfefa3624e99ed49d4b95a65292e3ae59d1acc02e31aa391003979282fe0'}, 'credential': {'image': '', 'credentialID': 0, 'CID': 'be73143655a54956d57ca963bfd4e8437ee884b7a022d790d98afcd91066c65b', 'metadata': {'documentTitle': None, 'documentType': None, 'documentFormat': None, 'documentContentSize': 0}}, 'issuer': {'name': '', 'businessID': 0, 'AUTHID': '4930fe69eb193324e64c25a851e6c18f3b53657dfcda11c817fc34c450ff953d'}, 'chid': '57a5fa2eabd461db6913d2f6da58ef6fa9222530e0194e0334b3a1d22019344d'} inserted successfully. 
2026-09-29 21:55:49,223 - INFO - [Block Validation] Validatiing the block 0.
2026-09-29 21:55:49,224 - INFO - [Block Validation] The block 0 is valid.
2026-09-29 21:55:49,224 - INFO - [Chain Validation] Chain is valid.
2026-09-29 21:55:49,227 - INFO - [Miner]Mining block 1...
2026-09-29 21:55:52,233 - INFO - [Miner] Block 1 mined after 263556 attempts. Nonce: 263556
2026-09-29 21:55:52,234 - INFO - [Block Validation] Validatiing the block 1.
2026-09-29 21:55:52,234 - INFO - [Block Validation] The block 1 is valid.
2026-09-29 21:55:52,235 - INFO - [Block Validation] Validatiing the block 0.
2026-09-29 21:55:52,236 - INFO - [Block Validation] The block 0 is valid.
2026-09-29 21:55:52,236 - INFO - [Chain Validation] Chain is valid.
2026-09-29 21:55:52,239 - INFO - Block with CHID {'user': {'name': 'Test', 'nationalNumber': 1, 'phone': 1, 'age': 20, 'email': 'test@bc.io', 'birth': '', 'HID': 'c81ee803e0b4d22ec53f3c9570d7d3aeb35b4c08f621b6ae8aec5c2acbd04cfc'}, 'credential': {'image': '', 'credentialID': 1, 'CID': '7f384ef9d1d01fb1be4b80cbab80e5a4fc6f7ba72faf78fe5db2bc1eb24ada5b', 'metadata': {'documentTitle': None, 'documentType': None, 'documentFormat': None, 'documentContentSize': 0}}, 'issuer': {'name': 'TestAuth', 'businessID': 1, 'AUTHID': '23a42193fc0960eeefa88e280cdd06ac4474aec773e1e92c69621cba17a57884'}, 'chid': 'b37b57b87e34551147466414755e88cf3d0bdd84a680ed5950eb367730d278c1'} inserted successfully. 
2026-09-29 21:55:52,239 - INFO - [Block Validation] Received block 1 inserted.
2026-09-29 21:55:52,247 - INFO - [Chain Validation] Initializing the chain validator.
2026-09-29 21:55:52,251 - INFO - [Miner]Mining block 0...
2026-09-29 21:55:52,611 - INFO - [Miner] Block 0 mined after 36254 attempts. Nonce: 36254
2026-09-29 21:55:52,612 - WARNING - [Chain Validation] Cannot validate. The ledger is empty.
2026-09-29 21:55:52,613 - INFO - Block with CHID {'user': {'name': 'Gensis-Block', 'nationalNumber': 0, 'phone': 0, 'age': 0, 'email': 'gensis@blockchain.io', 'birth': '', 'HID': '86b9cfefa3624e99ed49d4b95a65292e3ae59d1acc02e31aa391003979282fe0'}, 'credential': {'image': '', 'credentialID': 0, 'CID': 'be73143655a54956d57ca963bfd4e8437ee884b7a022d790d98afcd91066c65b', 'metadata': {'documentTitle': None, 'documentType': None, 'documentFormat': None, 'documentContentSize': 0}}, 'issuer': {'name': '', 'businessID': 0, 'AUTHID': '4930fe69eb193324e64c25a851e6c18f3b53657dfcda11c817fc34c450ff953d'}, 'chid': '57a5fa2eabd461db6913d2f6da58ef6fa9222530e0194e0334b3a1d22019344d'} inserted successfully. 
2026-09-29 21:55:52,647 - INFO - [Block Validation] Validatiing the block 0.
2026-09-29 21:55:52,649 - INFO - [Block Validation] The block 0 is valid.
2026-09-29 21:55:52,649 - INFO - [Chain Validation] Chain is valid.
2026-09-29 21:55:52,652 - INFO - [Miner]Mining block 1...
2026-09-29 21:55:53,006 - INFO - [Miner] Block 1 mined after 37235 attempts. Nonce: 37235
2026-09-29 21:55:53,007 - INFO - [Block Validation] Validatiing the block 1.
2026-09-29 21:55:53,007 - WARNING - [Block Validation] The block 1 has an invalid previous hash !, expected: 00007b5208be, got: ffffffffffff
2026-09-29 21:55:53,016 - INFO - [Chain Validation] Initializing the chain validator.
2026-09-29 21:55:53,019 - INFO - [Miner]Mining block 0...
2026-09-29 21:55:53,326 - INFO - [Miner] Block 0 mined after 36254 attempts. Nonce: 36254
2026-09-29 21:55:53,326 - WARNING - [Chain Validation] Cannot validate. The ledger is empty.
2026-09-29 21:55:53,328 - INFO - Block with CHID {'user': {'name': 'Gensis-Block', 'nationalNumber': 0, 'phone': 0, 'age': 0, 'email': 'gensis@blockchain.io', 'birth': '', 'HID': '86b9cfefa3624e99ed49d4b95a65292e3ae59d1acc02e31aa391003979282fe0'}, 'credential': {'image': '', 'credentialID': 0, 'CID': 'be73143655a54956d57ca963bfd4e8437ee884b7a022d790d98afcd91066c65b', 'metadata': {'documentTitle': None, 'documentType': None, 'documentFormat': None, 'documentContentSize': 0}}, 'issuer': {'name': '', 'businessID': 0, 'AUTHID': '4930fe69eb193324e64c25a851e6c18f3b53657dfcda11c817fc34c450ff953d'}, 'chid': '57a5fa2eabd461db6913d2f6da58ef6fa9222530e0194e0334b3a1d22019344d'} inserted successfully. 
2026-09-29 21:55:53,375 - INFO - [Block Validation] Validatiing the block 0.
2026-09-29 21:55:53,376 - INFO - [Block Validation] The block 0 is valid.
2026-09-29 21:55:53,376 - INFO - [Chain Validation] Chain is valid.
2026-09-29 21:55:53,378 - INFO - [Miner]Mining block 1...
2026-09-29 21:55:56,042 - INFO - [Miner] Block 1 mined after 263556 attempts. Nonce: 263556
2026-09-29 21:55:56,042 - INFO - [Block Validation] Validatiing the block 1.
2026-09-29 21:55:56,042 - INFO - [Block Validation] The block 1 is valid.
2026-09-29 21:55:56,043 - INFO - [Block Validation] Validatiing the block 0.
2026-09-29 21:55:56,043 - INFO - [Block Validation] The block 0 is valid.
2026-09-29 21:55:56,044 - INFO - [Chain Validation] Chain is valid.
2026-09-29 21:55:56,046 - INFO - Block with CHID {'user': {'name': 'Test', 'nationalNumber': 1, 'phone': 1, 'age': 20, 'email': 'test@bc.io', 'birth': '', 'HID': 'c81ee803e0b4d22ec53f3c9570d7d3aeb35b4c08f621b6ae8aec5c2acbd04cfc'}, 'credential': {'image': '', 'credentialID': 1, 'CID': '7f384ef9d1d01fb1be4b80cbab80e5a4fc6f7ba72faf78fe5db2bc1eb24ada5b', 'metadata': {'documentTitle': None, 'documentType': None, 'documentFormat': None, 'documentContentSize': 0}}, 'issuer': {'name': 'TestAuth', 'businessID': 1, 'AUTHID': '23a42193fc0960eeefa88e280cdd06ac4474aec773e1e92c69621cba17a57884'}, 'chid': 'b37b57b87e34551147466414755e88cf3d0bdd84a680ed5950eb367730d278c1'} inserted successfully. 
2026-09-29 21:55:56,046 - INFO - [Block Validation] Received block 1 inserted.
2026-09-29 21:55:56,058 - INFO - [Chain Validation] Initializing the chain validator.
2026-09-29 21:55:56,064 - INFO - [Miner]Mining block 0...
2026-09-29 21:55:56,412 - INFO - [Miner] Block 0 mined after 36254 attempts. Nonce: 36254
2026-09-29 21:55:56,413 - WARNING - [Chain Validation] Cannot validate. The ledger is empty.
2026-09-29 21:55:56,418 - INFO - Block with CHID {'user': {'name': 'Gensis-Block', 'nationalNumber': 0, 'phone': 0, 'age': 0, 'email': 'gensis@blockchain.io', 'birth': '', 'HID': '86b9cfefa3624e99ed49d4b95a65292e3ae59d1acc02e31aa391003979282fe0'}, 'credential': {'image': '', 'credentialID': 0, 'CID': 'be73143655a54956d57ca963bfd4e8437ee884b7a022d790d98afcd91066c65b', 'metadata': {'documentTitle': None, 'documentType': None, 'documentFormat': None, 'documentContentSize': 0}}, 'issuer': {'name': '', 'businessID': 0, 'AUTHID': '4930fe69eb193324e64c25a851e6c18f3b53657dfcda11c817fc34c450ff953d'}, 'chid': '57a5fa2eabd461db6913d2f6da58ef6fa9222530e0194e0334b3a1d22019344d'} inserted successfully. 
2026-09-29 21:55:56,450 - INFO - [Block Validation] Validatiing the block 0.
2026-09-29 21:55:56,451 - INFO - [Block Validation] The block 0 is valid.
2026-09-29 21:55:56,451 - INFO - [Chain Validation] Chain is valid.
2026-09-29 21:55:56,455 - INFO - [Miner]Mining block 1...
2026-09-29 21:55:59,128 - INFO - [Miner] Block 1 mined after 263556 attempts. Nonce: 263556
2026-09-29 21:55:59,131 - INFO - [Block Validation] Validatiing the block 1.
2026-09-29 21:55:59,132 - INFO - [Block Validation] Validatiing the block 1.
2026-09-29 21:55:59,133 - INFO - [Block Validation] The block 1 is valid.
2026-09-29 21:55:59,133 - INFO - [Block Validation] The block 1 is valid.
2026-09-29 21:55:59,135 - INFO - [Block Validation] Validatiing the block 0.
2026-09-29 21:55:59,135 - INFO - [Block Validation] The block 0 is valid.
2026-09-29 21:55:59,136 - INFO - [Chain Validation] Chain is valid.
2026-09-29 21:55:59,138 - INFO - Block with CHID {'user': {'name': 'Test', 'nationalNumber': 1, 'phone': 1, 'age': 20, 'email': 'test@bc.io', 'birth': '', 'HID': 'c81ee803e0b4d22ec53f3c9570d7d3aeb35b4c08f621b6ae8aec5c2acbd04cfc'}, 'credential': {'image': '', 'credentialID': 1, 'CID': '7f384ef9d1d01fb1be4b80cbab80e5a4fc6f7ba72faf78fe5db2bc1eb24ada5b', 'metadata': {'documentTitle': None, 'documentType': None, 'documentFormat': None, 'documentContentSize': 0}}, 'issuer': {'name': 'TestAuth', 'businessID': 1, 'AUTHID': '23a42193fc0960eeefa88e280cdd06ac4474aec773e1e92c69621cba17a57884'}, 'chid': 'b37b57b87e34551147466414755e88cf3d0bdd84a680ed5950eb367730d278c1'} inserted successfully. 
2026-09-29 21:55:59,139 - INFO - [Block Validation] Received block 1 inserted.
2026-09-29 21:55:59,139 - WARNING - [Ledger] Block with CHID b37b57b87e34551147466414755e88cf3d0bdd84a680ed5950eb367730d278c1 already exists; refusing duplicate insert.
2026-09-29 21:55:59,145 - INFO - [Block Validation] Validatiing the block 0.
2026-09-29 21:55:59,145 - WARNING - [Block Validation] The block 0 is nor mined !
2026-09-29 21:55:59,154 - INFO - [Miner]Mining block 0...
2026-09-29 21:56:01,257 - INFO - [Miner] Block 0 mined after 178682 attempts. Nonce: 178682
2026-09-29 21:56:01,258 - INFO - [Block Validation] Validatiing the block 0.
2026-09-29 21:56:01,259 - INFO - [Block Validation] The block 0 is valid.
2026-09-29 21:56:01,266 - INFO - [Miner]Mining block 0...
2026-09-29 21:56:03,044 - INFO - [Miner] Block 0 mined after 178682 attempts. Nonce: 178682
2026-09-29 21:56:03,045 - INFO - [Block Validation] Validatiing the block 0.
2026-09-29 21:56:03,045 - INFO - [Block Validation] The block 0 is valid.
2026-09-29 21:56:03,052 - INFO - [Miner]Mining block 0...
2026-09-29 21:56:04,860 - INFO - [Miner] Block 0 mined after 178682 attempts. Nonce: 178682
2026-09-29 21:56:04,861 - INFO - [Block Validation] Validatiing the block 0.
2026-09-29 21:56:04,862 - WARNING - [Block Validation] The block 0 has an invalid previous hash !, expected: wrongwrongwr, got: 
2026-09-29 21:56:04,868 - INFO - [Miner]Mining block 0...
2026-09-29 21:56:06,701 - INFO - [Miner] Block 0 mined after 178682 attempts. Nonce: 178682
2026-09-29 21:56:06,702 - INFO - [Block Validation] Validatiing the block 999.
2026-09-29 21:56:06,704 - WARNING - [Block Validation] The block 999 is modified !
2026-09-29 21:56:06,735 - INFO - [Chain Validation] Initializing the chain validator.
2026-09-29 21:56:06,738 - INFO - [Miner]Mining block 0...
2026-09-29 21:56:07,105 - INFO - [Miner] Block 0 mined after 36254 attempts. Nonce: 36254
2026-09-29 21:56:07,105 - WARNING - [Chain Validation] Cannot validate. The ledger is empty.
2026-09-29 21:56:07,107 - INFO - Block with CHID {'user': {'name': 'Gensis-Block', 'nationalNumber': 0, 'phone': 0, 'age': 0, 'email': 'gensis@blockchain.io', 'birth': '', 'HID': '86b9cfefa3624e99ed49d4b95a65292e3ae59d1acc02e31aa391003979282fe0'}, 'credential': {'image': '', 'credentialID': 0, 'CID': 'be73143655a54956d57ca963bfd4e8437ee884b7a022d790d98afcd91066c65b', 'metadata': {'documentTitle': None, 'documentType': None, 'documentFormat': None, 'documentContentSize': 0}}, 'issuer': {'name': '', 'businessID': 0, 'AUTHID': '4930fe69eb193324e64c25a851e6c18f3b53657dfcda11c817fc34c450ff953d'}, 'chid': '57a5fa2eabd461db6913d2f6da58ef6fa9222530e0194e0334b3a1d22019344d'} inserted successfully. 
2026-09-29 21:56:07,377 - INFO - [Block Validation] Validatiing the block 0.
2026-09-29 21:56:07,377 - INFO - [Block Validation] The block 0 is valid.
2026-09-29 21:56:07,377 - INFO - [Chain Validation] Chain is valid.
2026-09-29 21:56:07,390 - INFO - [Chain Validation] Initializing the chain validator.
2026-09-29 21:56:07,393 - INFO - [Miner]Mining block 0...
2026-09-29 21:56:07,717 - INFO - [Miner] Block 0 mined after 36254 attempts. Nonce: 36254
2026-09-29 21:56:07,718 - WARNING - [Chain Validation] Cannot validate. The ledger is empty.
2026-09-29 21:56:07,720 - INFO - Block with CHID {'user': {'name': 'Gensis-Block', 'nationalNumber': 0, 'phone': 0, 'age': 0, 'email': 'gensis@blockchain.io', 'birth': '', 'HID': '86b9cfefa3624e99ed49d4b95a65292e3ae59d1acc02e31aa391003979282fe0'}, 'credential': {'image': '', 'credentialID': 0, 'CID': 'be73143655a54956d57ca963bfd4e8437ee884b7a022d790d98afcd91066c65b', 'metadata': {'documentTitle': None, 'documentType': None, 'documentFormat': None, 'documentContentSize': 0}}, 'issuer': {'name': '', 'businessID': 0, 'AUTHID': '4930fe69eb193324e64c25a851e6c18f3b53657dfcda11c817fc34c450ff953d'}, 'chid': '57a5fa2eabd461db6913d2f6da58ef6fa9222530e0194e0334b3a1d22019344d'} inserted successfully. 
2026-09-29 21:56:07,763 - INFO - [Block Validation] Validatiing the block 0.
2026-09-29 21:56:07,763 - INFO - [Block Validation] The block 0 is valid.
2026-09-29 21:56:07,763 - INFO - [Chain Validation] Chain is valid.
2026-09-29 21:56:07,763 - INFO - [Chain Validation] Initializing the chain validator.
2026-09-29 21:56:07,765 - INFO - [Block Validation] Validatiing the block 0.
2026-09-29 21:56:07,767 - INFO - [Block Validation] The block 0 is valid.
2026-09-29 21:56:07,768 - INFO - [Chain Validation] Chain is valid.
2026-09-29 21:56:07,776 - INFO - [Chain Validation] Initializing the chain validator.
2026-09-29 21:56:07,778 - INFO - [Miner]Mining block 0...
2026-09-29 21:56:08,111 - INFO - [Miner] Block 0 mined after 36254 attempts. Nonce: 36254
2026-09-29 21:56:08,112 - WARNING - [Chain Validation] Cannot validate. The ledger is empty.
2026-09-29 21:56:08,113 - INFO - Block with CHID {'user': {'name': 'Gensis-Block', 'nationalNumber': 0, 'phone': 0, 'age': 0, 'email': 'gensis@blockchain.io', 'birth': '', 'HID': '86b9cfefa3624e99ed49d4b95a65292e3ae59d1acc02e31aa391003979282fe0'}, 'credential': {'image': '', 'credentialID': 0, 'CID': 'be73143655a54956d57ca963bfd4e8437ee884b7a022d790d98afcd91066c65b', 'metadata': {'documentTitle': None, 'documentType': None, 'documentFormat': None, 'documentContentSize': 0}}, 'issuer': {'name': '', 'businessID': 0, 'AUTHID': '4930fe69eb193324e64c25a851e6c18f3b53657dfcda11c817fc34c450ff953d'}, 'chid': '57a5fa2eabd461db6913d2f6da58ef6fa9222530e0194e0334b3a1d22019344d'} inserted successfully. 
2026-09-29 21:56:08,163 - INFO - [Block Validation] Validatiing the block 0.
2026-09-29 21:56:08,163 - INFO - [Block Validation] The block 0 is valid.
2026-09-29 21:56:08,164 - INFO - [Chain Validation] Chain is valid.
2026-09-29 21:56:08,177 - INFO - [Chain Validation] Initializing the chain validator.
2026-09-29 21:56:08,180 - INFO - [Miner]Mining block 0...
2026-09-29 21:56:08,570 - INFO - [Miner] Block 0 mined after 36254 attempts. Nonce: 36254
2026-09-29 21:56:08,571 - WARNING - [Chain Validation] Cannot validate. The ledger is empty.
2026-09-29 21:56:08,573 - INFO - Block with CHID {'user': {'name': 'Gensis-Block', 'nationalNumber': 0, 'phone': 0, 'age': 0, 'email': 'gensis@blockchain.io', 'birth': '', 'HID': '86b9cfefa3624e99ed49d4b95a65292e3ae59d1acc02e31aa391003979282fe0'}, 'credential': {'image': '', 'credentialID': 0, 'CID': 'be73143655a54956d57ca963bfd4e8437ee884b7a022d790d98afcd91066c65b', 'metadata': {'documentTitle': None, 'documentType': None, 'documentFormat': None, 'documentContentSize': 0}}, 'issuer': {'name': '', 'businessID': 0, 'AUTHID': '4930fe69eb193324e64c25a851e6c18f3b53657dfcda11c817fc34c450ff953d'}, 'chid': '57a5fa2eabd461db6913d2f6da58ef6fa9222530e0194e0334b3a1d22019344d'} inserted successfully. 
2026-09-29 21:56:08,610 - INFO - [Block Validation] Validatiing the block 0.
2026-09-29 21:56:08,611 - INFO - [Block Validation] The block 0 is valid.
2026-09-29 21:56:08,611 - INFO - [Chain Validation] Chain is valid.
2026-09-29 21:56:08,611 - INFO - [Chain Validation] Initializing the chain validator.
2026-09-29 21:56:08,615 - INFO - [Miner]Mining block 0...
2026-09-29 21:56:08,995 - INFO - [Miner] Block 0 mined after 36254 attempts. Nonce: 36254
2026-09-29 21:56:08,996 - WARNING - [Chain Validation] Cannot validate. The ledger is empty.
2026-09-29 21:56:09,000 - INFO - Block with CHID {'user': {'name': 'Gensis-Block', 'nationalNumber': 0, 'phone': 0, 'age': 0, 'email': 'gensis@blockchain.io', 'birth': '', 'HID': '86b9cfefa3624e99ed49d4b95a65292e3ae59d1acc02e31aa391003979282fe0'}, 'credential': {'image': '', 'credentialID': 0, 'CID': 'be73143655a54956d57ca963bfd4e8437ee884b7a022d790d98afcd91066c65b', 'metadata': {'documentTitle': None, 'documentType': None, 'documentFormat': None, 'documentContentSize': 0}}, 'issuer': {'name': '', 'businessID': 0, 'AUTHID': '4930fe69eb193324e64c25a851e6c18f3b53657dfcda11c817fc34c450ff953d'}, 'chid': '57a5fa2eabd461db6913d2f6da58ef6fa9222530e0194e0334b3a1d22019344d'} inserted successfully. 
2026-09-29 21:56:09,075 - INFO - [Block Validation] Validatiing the block 0.
2026-09-29 21:56:09,075 - INFO - [Block Validation] The block 0 is valid.
2026-09-29 21:56:09,075 - INFO - [Chain Validation] Chain is valid.
2026-09-29 21:56:09,076 - INFO - [Miner]Mining block 1...
2026-09-29 21:56:09,497 - INFO - [Miner] Block 1 mined after 39703 attempts. Nonce: 39703
2026-09-29 21:56:09,499 - INFO - [Block Validation] Validatiing the block 0.
2026-09-29 21:56:09,500 - INFO - [Block Validation] The block 0 is valid.
2026-09-29 21:56:09,500 - INFO - [Chain Validation] Chain is valid.
2026-09-29 21:56:09,507 - INFO - Block with CHID {'user': {'name': 'RemoteUser_0', 'nationalNumber': 300, 'phone': 0, 'age': 25, 'email': 'test@bc.io', 'birth': '', 'HID': 'bf64a79ede574b2a64fd0f84a9cda5276badd76d7303604b87605bc339770c2f'}, 'credential': {'image': '', 'credentialID': 0, 'CID': 'be73143655a54956d57ca963bfd4e8437ee884b7a022d790d98afcd91066c65b', 'metadata': {'documentTitle': None, 'documentType': None, 'documentFormat': None, 'documentContentSize': 0}}, 'issuer': {'name': 'RemoteAuth', 'businessID': 10, 'AUTHID': 'dd903924d058b54c4e7a011a579f1fba2d488c058364f755227119b7719b2f50'}, 'chid': '1e2d34e86e3e2fc2796f70973083097b39906b9cbb1905e04c2a140e71677ef1'} inserted successfully. 
2026-09-29 21:56:09,508 - INFO - [Miner]Mining block 2...
2026-09-29 21:56:10,760 - INFO - [Miner] Block 2 mined after 123129 attempts. Nonce: 123129
2026-09-29 21:56:10,761 - INFO - [Block Validation] Validatiing the block 0.
2026-09-29 21:56:10,761 - INFO - [Block Validation] The block 0 is valid.
2026-09-29 21:56:10,761 - INFO - [Block Validation] Validatiing the block 1.
2026-09-29 21:56:10,761 - INFO - [Block Validation] The block 1 is valid.
2026-09-29 21:56:10,761 - INFO - [Chain Validation] Chain is valid.
2026-09-29 21:56:10,763 - INFO - Block with CHID {'user': {'name': 'RemoteUser_1', 'nationalNumber': 301, 'phone': 1, 'age': 25, 'email': 'test@bc.io', 'birth': '', 'HID': '6f8002b9d3ab35a43f668a3982214606af927c0226dad0bfbebb468634b1457d'}, 'credential': {'image': '', 'credentialID': 1, 'CID': '7f384ef9d1d01fb1be4b80cbab80e5a4fc6f7ba72faf78fe5db2bc1eb24ada5b', 'metadata': {'documentTitle': None, 'documentType': None, 'documentFormat': None, 'documentContentSize': 0}}, 'issuer': {'name': 'RemoteAuth', 'businessID': 11, 'AUTHID': 'e46ada91ae961cb4c1e0541bc898693f81042728315be62f7d76d6c4da4743d6'}, 'chid': 'e5d6fb47cdb40825ad52f6418bba5ddbd8042531bcadb553815c36e58b01991e'} inserted successfully. 
2026-09-29 21:56:10,763 - INFO - [Chain Validation] Initializing the chain validator.
2026-09-29 21:56:10,766 - INFO - [Block Validation] Validatiing the block 0.
2026-09-29 21:56:10,766 - INFO - [Block Validation] The block 0 is valid.
2026-09-29 21:56:10,767 - INFO - [Block Validation] Validatiing the block 1.
2026-09-29 21:56:10,768 - INFO - [Block Validation] The block 1 is valid.
2026-09-29 21:56:10,769 - INFO - [Block Validation] Validatiing the block 2.
2026-09-29 21:56:10,770 - INFO - [Block Validation] The block 2 is valid.
2026-09-29 21:56:10,770 - INFO - [Chain Validation] Chain is valid.
2026-09-29 21:56:10,770 - INFO - [Chain Validation] Initializing the chain validator.
2026-09-29 21:56:10,770 - INFO - [Block Validation] Validatiing the block 0.
2026-09-29 21:56:10,771 - INFO - [Block Validation] The block 0 is valid.
2026-09-29 21:56:10,771 - INFO - [Block Validation] Validatiing the block 1.
2026-09-29 21:56:10,771 - INFO - [Block Validation] The block 1 is valid.
2026-09-29 21:56:10,771 - INFO - [Block Validation] Validatiing the block 2.
2026-09-29 21:56:10,771 - INFO - [Block Validation] The block 2 is valid.
2026-09-29 21:56:10,771 - INFO - [Chain Validation] Chain is valid.
2026-09-29 21:56:10,780 - INFO - [Chain Validation] Initializing the chain validator.
2026-09-29 21:56:10,784 - INFO - [Miner]Mining block 0...
2026-09-29 21:56:11,152 - INFO - [Miner] Block 0 mined after 36254 attempts. Nonce: 36254
2026-09-29 21:56:11,153 - WARNING - [Chain Validation] Cannot validate. The ledger is empty.
2026-09-29 21:56:11,155 - INFO - Block with CHID {'user': {'name': 'Gensis-Block', 'nationalNumber': 0, 'phone': 0, 'age': 0, 'email': 'gensis@blockchain.io', 'birth': '', 'HID': '86b9cfefa3624e99ed49d4b95a65292e3ae59d1acc02e31aa391003979282fe0'}, 'credential': {'image': '', 'credentialID': 0, 'CID': 'be73143655a54956d57ca963bfd4e8437ee884b7a022d790d98afcd91066c65b', 'metadata': {'documentTitle': None, 'documentType': None, 'documentFormat': None, 'documentContentSize': 0}}, 'issuer': {'name': '', 'businessID': 0, 'AUTHID': '4930fe69eb193324e64c25a851e6c18f3b53657dfcda11c817fc34c450ff953d'}, 'chid': '57a5fa2eabd461db6913d2f6da58ef6fa9222530e0194e0334b3a1d22019344d'} inserted successfully. 
2026-09-29 21:56:11,202 - INFO - [Block Validation] Validatiing the block 0.
2026-09-29 21:56:11,203 - INFO - [Block Validation] The block 0 is valid.
2026-09-29 21:56:11,203 - INFO - [Chain Validation] Chain is valid.
2026-09-29 21:56:11,204 - INFO - [Miner]Mining block 1...
2026-09-29 21:56:11,901 - INFO - [Miner] Block 1 mined after 80965 attempts. Nonce: 80965
2026-09-29 21:56:11,902 - INFO - [Block Validation] Validatiing the block 0.
2026-09-29 21:56:11,903 - INFO - [Block Validation] The block 0 is valid.
2026-09-29 21:56:11,903 - INFO - [Chain Validation] Chain is valid.
2026-09-29 21:56:11,905 - INFO - Block with CHID {'user': {'name': 'LocalUser_0', 'nationalNumber': 400, 'phone': 0, 'age': 25, 'email': 'test@bc.io', 'birth': '', 'HID': '7262e1e5aa2f3d89cec698392eaa6173c0364486ab0b4e7b80c5138f20e6ed4f'}, 'credential': {'image': '', 'credentialID': 0, 'CID': 'be73143655a54956d57ca963bfd4e8437ee884b7a022d790d98afcd91066c65b', 'metadata': {'documentTitle': None, 'documentType': None, 'documentFormat': None, 'documentContentSize': 0}}, 'issuer': {'name': 'LocalAuth', 'businessID': 20, 'AUTHID': '139077294b03009ed2050515f23847c896afb4975a804baf9fd07ccf67870a8f'}, 'chid': 'd11e5ba8d454bec0cfa22c4a8432220eb03d7cb1d786a9f0240c46db226e24ee'} inserted successfully. 
2026-09-29 21:56:11,906 - INFO - [Miner]Mining block 2...
2026-09-29 21:56:12,975 - INFO - [Miner] Block 2 mined after 107226 attempts. Nonce: 107226
2026-09-29 21:56:12,976 - INFO - [Block Validation] Validatiing the block 0.
2026-09-29 21:56:12,977 - INFO - [Block Validation] The block 0 is valid.
2026-09-29 21:56:12,977 - INFO - [Block Validation] Validatiing the block 1.
2026-09-29 21:56:12,977 - INFO - [Block Validation] The block 1 is valid.
2026-09-29 21:56:12,977 - INFO - [Chain Validation] Chain is valid.
2026-09-29 21:56:12,979 - INFO - Block with CHID {'user': {'name': 'LocalUser_1', 'nationalNumber': 401, 'phone': 1, 'age': 25, 'email': 'test@bc.io', 'birth': '', 'HID': 'ec2cf556feebd5fdbb261494ea9ff386e8d87bcdc1e4b9b533d0350551726b94'}, 'credential': {'image': '', 'credentialID': 1, 'CID': '7f384ef9d1d01fb1be4b80cbab80e5a4fc6f7ba72faf78fe5db2bc1eb24ada5b', 'metadata': {'documentTitle': None, 'documentType': None, 'documentFormat': None, 'documentContentSize': 0}}, 'issuer': {'name': 'LocalAuth', 'businessID': 21, 'AUTHID': '7f190f23e73356881502ebf96439d0a8fef08bc88e08a356ec5a57b3a14e2a42'}, 'chid': '945d5df678e56e72cd9ee1aaa3622ae167b1448e0131e5a07e3bfd68fac5e170'} inserted successfully. 
2026-09-29 21:56:12,980 - INFO - [Chain Validation] Initializing the chain validator.
2026-09-29 21:56:12,983 - INFO - [Miner]Mining block 0...
2026-09-29 21:56:13,374 - INFO - [Miner] Block 0 mined after 36254 attempts. Nonce: 36254
2026-09-29 21:56:13,375 - WARNING - [Chain Validation] Cannot validate. The ledger is empty.
2026-09-29 21:56:13,379 - INFO - Block with CHID {'user': {'name': 'Gensis-Block', 'nationalNumber': 0, 'phone': 0, 'age': 0, 'email': 'gensis@blockchain.io', 'birth': '', 'HID': '86b9cfefa3624e99ed49d4b95a65292e3ae59d1acc02e31aa391003979282fe0'}, 'credential': {'image': '', 'credentialID': 0, 'CID': 'be73143655a54956d57ca963bfd4e8437ee884b7a022d790d98afcd91066c65b', 'metadata': {'documentTitle': None, 'documentType': None, 'documentFormat': None, 'documentContentSize': 0}}, 'issuer': {'name': '', 'businessID': 0, 'AUTHID': '4930fe69eb193324e64c25a851e6c18f3b53657dfcda11c817fc34c450ff953d'}, 'chid': '57a5fa2eabd461db6913d2f6da58ef6fa9222530e0194e0334b3a1d22019344d'} inserted successfully. 
2026-09-29 21:56:13,418 - INFO - [Block Validation] Validatiing the block 0.
2026-09-29 21:56:13,419 - INFO - [Block Validation] The block 0 is valid.
2026-09-29 21:56:13,420 - INFO - [Chain Validation] Chain is valid.
2026-09-29 21:56:13,420 - INFO - [Chain Validation] Initializing the chain validator.
2026-09-29 21:56:13,421 - INFO - [Block Validation] Validatiing the block 0.
2026-09-29 21:56:13,421 - INFO - [Block Validation] The block 0 is valid.
2026-09-29 21:56:13,421 - INFO - [Chain Validation] Chain is valid.
2026-09-29 21:56:13,430 - INFO - [Chain Validation] Initializing the chain validator.
2026-09-29 21:56:13,437 - INFO - [Miner]Mining block 0...
2026-09-29 21:56:13,760 - INFO - [Miner] Block 0 mined after 36254 attempts. Nonce: 36254
2026-09-29 21:56:13,760 - WARNING - [Chain Validation] Cannot validate. The ledger is empty.
2026-09-29 21:56:13,769 - INFO - Block with CHID {'user': {'name': 'Gensis-Block', 'nationalNumber': 0, 'phone': 0, 'age': 0, 'email': 'gensis@blockchain.io', 'birth': '', 'HID': '86b9cfefa3624e99ed49d4b95a65292e3ae59d1acc02e31aa391003979282fe0'}, 'credential': {'image': '', 'credentialID': 0, 'CID': 'be73143655a54956d57ca963bfd4e8437ee884b7a022d790d98afcd91066c65b', 'metadata': {'documentTitle': None, 'documentType': None, 'documentFormat': None, 'documentContentSize': 0}}, 'issuer': {'name': '', 'businessID': 0, 'AUTHID': '4930fe69eb193324e64c25a851e6c18f3b53657dfcda11c817fc34c450ff953d'}, 'chid': '57a5fa2eabd461db6913d2f6da58ef6fa9222530e0194e0334b3a1d22019344d'} inserted successfully. 
2026-09-29 21:56:13,796 - INFO - [Block Validation] Validatiing the block 0.
2026-09-29 21:56:13,796 - INFO - [Block Validation] The block 0 is valid.
2026-09-29 21:56:13,796 - INFO - [Chain Validation] Chain is valid.
2026-09-29 21:56:13,796 - INFO - [Miner]Mining block 1...
2026-09-29 21:56:16,284 - INFO - [Miner] Block 1 mined after 263556 attempts. Nonce: 263556
2026-09-29 21:56:16,286 - INFO - [Block Validation] Validatiing the block 0.
2026-09-29 21:56:16,286 - INFO - [Block Validation] The block 0 is valid.
2026-09-29 21:56:16,286 - INFO - [Chain Validation] Chain is valid.
2026-09-29 21:56:16,289 - INFO - Block with CHID {'user': {'name': 'Test', 'nationalNumber': 1, 'phone': 1, 'age': 20, 'email': 'test@bc.io', 'birth': '', 'HID': 'c81ee803e0b4d22ec53f3c9570d7d3aeb35b4c08f621b6ae8aec5c2acbd04cfc'}, 'credential': {'image': '', 'credentialID': 1, 'CID': '7f384ef9d1d01fb1be4b80cbab80e5a4fc6f7ba72faf78fe5db2bc1eb24ada5b', 'metadata': {'documentTitle': None, 'documentType': None, 'documentFormat': None, 'documentContentSize': 0}}, 'issuer': {'name': 'TestAuth', 'businessID': 1, 'AUTHID': '23a42193fc0960eeefa88e280cdd06ac4474aec773e1e92c69621cba17a57884'}, 'chid': 'b37b57b87e34551147466414755e88cf3d0bdd84a680ed5950eb367730d278c1'} inserted successfully. 
2026-09-29 21:56:16,291 - INFO - [Chain Validation] Initializing the chain validator.
2026-09-29 21:56:16,292 - INFO - [Block Validation] Validatiing the block 0.
2026-09-29 21:56:16,292 - INFO - [Block Validation] The block 0 is valid.
2026-09-29 21:56:16,292 - INFO - [Block Validation] Validatiing the block 1.
2026-09-29 21:56:16,292 - INFO - [Block Validation] The block 1 is valid.
2026-09-29 21:56:16,293 - INFO - [Chain Validation] Chain is valid.
2026-09-29 21:56:16,302 - INFO - [Chain Validation] Initializing the chain validator.
2026-09-29 21:56:16,305 - INFO - [Miner]Mining block 0...
2026-09-29 21:56:16,636 - INFO - [Miner] Block 0 mined after 36254 attempts. Nonce: 36254
2026-09-29 21:56:16,637 - WARNING - [Chain Validation] Cannot validate. The ledger is empty.
2026-09-29 21:56:16,645 - INFO - Block with CHID {'user': {'name': 'Gensis-Block', 'nationalNumber': 0, 'phone': 0, 'age': 0, 'email': 'gensis@blockchain.io', 'birth': '', 'HID': '86b9cfefa3624e99ed49d4b95a65292e3ae59d1acc02e31aa391003979282fe0'}, 'credential': {'image': '', 'credentialID': 0, 'CID': 'be73143655a54956d57ca963bfd4e8437ee884b7a022d790d98afcd91066c65b', 'metadata': {'documentTitle': None, 'documentType': None, 'documentFormat': None, 'documentContentSize': 0}}, 'issuer': {'name': '', 'businessID': 0, 'AUTHID': '4930fe69eb193324e64c25a851e6c18f3b53657dfcda11c817fc34c450ff953d'}, 'chid': '57a5fa2eabd461db6913d2f6da58ef6fa9222530e0194e0334b3a1d22019344d'} inserted successfully. 
2026-09-29 21:56:16,692 - INFO - [Block Validation] Validatiing the block 0.
2026-09-29 21:56:16,692 - INFO - [Block Validation] The block 0 is valid.
2026-09-29 21:56:16,693 - INFO - [Chain Validation] Chain is valid.
2026-09-29 21:56:16,693 - INFO - [Chain Validation] Initializing the chain validator.
2026-09-29 21:56:16,693 - INFO - [Block Validation] Validatiing the block 0.
2026-09-29 21:56:16,694 - INFO - [Block Validation] The block 0 is valid.
2026-09-29 21:56:16,694 - INFO - [Chain Validation] Chain is valid.
2026-09-29 21:56:16,706 - INFO - [Chain Validation] Initializing the chain validator.
2026-09-29 21:56:16,711 - INFO - [Miner]Mining block 0...
2026-09-29 21:56:17,037 - INFO - [Miner] Block 0 mined after 36254 attempts. Nonce: 36254
2026-09-29 21:56:17,037 - WARNING - [Chain Validation] Cannot validate. The ledger is empty.
2026-09-29 21:56:17,038 - INFO - Block with CHID {'user': {'name': 'Gensis-Block', 'nationalNumber': 0, 'phone': 0, 'age': 0, 'email': 'gensis@blockchain.io', 'birth': '', 'HID': '86b9cfefa3624e99ed49d4b95a65292e3ae59d1acc02e31aa391003979282fe0'}, 'credential': {'image': '', 'credentialID': 0, 'CID': 'be73143655a54956d57ca963bfd4e8437ee884b7a022d790d98afcd91066c65b', 'metadata': {'documentTitle': None, 'documentType': None, 'documentFormat': None, 'documentContentSize': 0}}, 'issuer': {'name': '', 'businessID': 0, 'AUTHID': '4930fe69eb193324e64c25a851e6c18f3b53657dfcda11c817fc34c450ff953d'}, 'chid': '57a5fa2eabd461db6913d2f6da58ef6fa9222530e0194e0334b3a1d22019344d'} inserted successfully. 
2026-09-29 21:56:17,070 - INFO - [Block Validation] Validatiing the block 0.
2026-09-29 21:56:17,070 - INFO - [Block Validation] The block 0 is valid.
2026-09-29 21:56:17,071 - INFO - [Chain Validation] Chain is valid.
2026-09-29 21:56:17,071 - INFO - [Miner]Mining block 1...
2026-09-29 21:56:19,414 - INFO - [Miner] Block 1 mined after 263556 attempts. Nonce: 263556
2026-09-29 21:56:19,417 - INFO - [Block Validation] Validatiing the block 0.
2026-09-29 21:56:19,417 - INFO - [Block Validation] The block 0 is valid.
2026-09-29 21:56:19,418 - INFO - [Chain Validation] Chain is valid.
2026-09-29 21:56:19,421 - INFO - Block with CHID {'user': {'name': 'Test', 'nationalNumber': 1, 'phone': 1, 'age': 20, 'email': 'test@bc.io', 'birth': '', 'HID': 'c81ee803e0b4d22ec53f3c9570d7d3aeb35b4c08f621b6ae8aec5c2acbd04cfc'}, 'credential': {'image': '', 'credentialID': 1, 'CID': '7f384ef9d1d01fb1be4b80cbab80e5a4fc6f7ba72faf78fe5db2bc1eb24ada5b', 'metadata': {'documentTitle': None, 'documentType': None, 'documentFormat': None, 'documentContentSize': 0}}, 'issuer': {'name': 'TestAuth', 'businessID': 1, 'AUTHID': '23a42193fc0960eeefa88e280cdd06ac4474aec773e1e92c69621cba17a57884'}, 'chid': 'b37b57b87e34551147466414755e88cf3d0bdd84a680ed5950eb367730d278c1'} inserted successfully. 
2026-09-29 21:56:19,426 - INFO - [Chain Validation] Initializing the chain validator.
2026-09-29 21:56:19,427 - INFO - [Block Validation] Validatiing the block 0.
2026-09-29 21:56:19,428 - INFO - [Block Validation] The block 0 is valid.
2026-09-29 21:56:19,429 - INFO - [Block Validation] Validatiing the block 1.
2026-09-29 21:56:19,429 - WARNING - [Block Validation] The block 1 is modified !
2026-09-29 21:56:19,441 - INFO - [Chain Validation] Initializing the chain validator.
2026-09-29 21:56:19,444 - INFO - [Miner]Mining block 0...
2026-09-29 21:56:19,810 - INFO - [Miner] Block 0 mined after 36254 attempts. Nonce: 36254
2026-09-29 21:56:19,810 - WARNING - [Chain Validation] Cannot validate. The ledger is empty.
2026-09-29 21:56:19,812 - INFO - Block with CHID {'user': {'name': 'Gensis-Block', 'nationalNumber': 0, 'phone': 0, 'age': 0, 'email': 'gensis@blockchain.io', 'birth': '', 'HID': '86b9cfefa3624e99ed49d4b95a65292e3ae59d1acc02e31aa391003979282fe0'}, 'credential': {'image': '', 'credentialID': 0, 'CID': 'be73143655a54956d57ca963bfd4e8437ee884b7a022d790d98afcd91066c65b', 'metadata': {'documentTitle': None, 'documentType': None, 'documentFormat': None, 'documentContentSize': 0}}, 'issuer': {'name': '', 'businessID': 0, 'AUTHID': '4930fe69eb193324e64c25a851e6c18f3b53657dfcda11c817fc34c450ff953d'}, 'chid': '57a5fa2eabd461db6913d2f6da58ef6fa9222530e0194e0334b3a1d22019344d'} inserted successfully. 
2026-09-29 21:56:19,850 - INFO - [Block Validation] Validatiing the block 0.
2026-09-29 21:56:19,851 - INFO - [Block Validation] The block 0 is valid.
2026-09-29 21:56:19,851 - INFO - [Chain Validation] Chain is valid.
2026-09-29 21:56:19,851 - INFO - [Miner]Mining block 1...
2026-09-29 21:56:22,461 - INFO - [Miner] Block 1 mined after 263556 attempts. Nonce: 263556
2026-09-29 21:56:22,461 - INFO - [Block Validation] Validatiing the block 0.
2026-09-29 21:56:22,462 - INFO - [Block Validation] The block 0 is valid.
2026-09-29 21:56:22,462 - INFO - [Chain Validation] Chain is valid.
2026-09-29 21:56:22,464 - INFO - Block with CHID {'user': {'name': 'Test', 'nationalNumber': 1, 'phone': 1, 'age': 20, 'email': 'test@bc.io', 'birth': '', 'HID': 'c81ee803e0b4d22ec53f3c9570d7d3aeb35b4c08f621b6ae8aec5c2acbd04cfc'}, 'credential': {'image': '', 'credentialID': 1, 'CID': '7f384ef9d1d01fb1be4b80cbab80e5a4fc6f7ba72faf78fe5db2bc1eb24ada5b', 'metadata': {'documentTitle': None, 'documentType': None, 'documentFormat': None, 'documentContentSize': 0}}, 'issuer': {'name': 'TestAuth', 'businessID': 1, 'AUTHID': '23a42193fc0960eeefa88e280cdd06ac4474aec773e1e92c69621cba17a57884'}, 'chid': 'b37b57b87e34551147466414755e88cf3d0bdd84a680ed5950eb367730d278c1'} inserted successfully. 
2026-09-29 21:56:22,471 - INFO - [Chain Validation] Initializing the chain validator.
2026-09-29 21:56:22,472 - INFO - [Block Validation] Validatiing the block 0.
2026-09-29 21:56:22,472 - INFO - [Block Validation] The block 0 is valid.
2026-09-29 21:56:22,472 - INFO - [Block Validation] Validatiing the block 1.
2026-09-29 21:56:22,473 - WARNING - [Block Validation] The block 1 is nor mined !
2026-09-29 21:56:22,482 - INFO - [Chain Validation] Initializing the chain validator.
2026-09-29 21:56:22,486 - INFO - [Miner]Mining block 0...
2026-09-29 21:56:22,866 - INFO - [Miner] Block 0 mined after 36254 attempts. Nonce: 36254
2026-09-29 21:56:22,866 - WARNING - [Chain Validation] Cannot validate. The ledger is empty.
2026-09-29 21:56:22,869 - INFO - Block with CHID {'user': {'name': 'Gensis-Block', 'nationalNumber': 0, 'phone': 0, 'age': 0, 'email': 'gensis@blockchain.io', 'birth': '', 'HID': '86b9cfefa3624e99ed49d4b95a65292e3ae59d1acc02e31aa391003979282fe0'}, 'credential': {'image': '', 'credentialID': 0, 'CID': 'be73143655a54956d57ca963bfd4e8437ee884b7a022d790d98afcd91066c65b', 'metadata': {'documentTitle': None, 'documentType': None, 'documentFormat': None, 'documentContentSize': 0}}, 'issuer': {'name': '', 'businessID': 0, 'AUTHID': '4930fe69eb193324e64c25a851e6c18f3b53657dfcda11c817fc34c450ff953d'}, 'chid': '57a5fa2eabd461db6913d2f6da58ef6fa9222530e0194e0334b3a1d22019344d'} inserted successfully. 
2026-09-29 21:56:22,906 - INFO - [Block Validation] Validatiing the block 0.
2026-09-29 21:56:22,906 - INFO - [Block Validation] The block 0 is valid.
2026-09-29 21:56:22,906 - INFO - [Chain Validation] Chain is valid.
2026-09-29 21:56:22,906 - INFO - [Miner]Mining block 1...
2026-09-29 21:56:25,678 - INFO - [Miner] Block 1 mined after 263556 attempts. Nonce: 263556
2026-09-29 21:56:25,679 - INFO - [Block Validation] Validatiing the block 0.
2026-09-29 21:56:25,679 - INFO - [Block Validation] The block 0 is valid.
2026-09-29 21:56:25,679 - INFO - [Chain Validation] Chain is valid.
2026-09-29 21:56:25,681 - INFO - Block with CHID {'user': {'name': 'Test', 'nationalNumber': 1, 'phone': 1, 'age': 20, 'email': 'test@bc.io', 'birth': '', 'HID': 'c81ee803e0b4d22ec53f3c9570d7d3aeb35b4c08f621b6ae8aec5c2acbd04cfc'}, 'credential': {'image': '', 'credentialID': 1, 'CID': '7f384ef9d1d01fb1be4b80cbab80e5a4fc6f7ba72faf78fe5db2bc1eb24ada5b', 'metadata': {'documentTitle': None, 'documentType': None, 'documentFormat': None, 'documentContentSize': 0}}, 'issuer': {'name': 'TestAuth', 'businessID': 1, 'AUTHID': '23a42193fc0960eeefa88e280cdd06ac4474aec773e1e92c69621cba17a57884'}, 'chid': 'b37b57b87e34551147466414755e88cf3d0bdd84a680ed5950eb367730d278c1'} inserted successfully. 
2026-09-29 21:56:25,687 - INFO - [Miner]Mining block 1...
2026-09-29 21:56:26,739 - INFO - [Miner] Block 1 mined after 103947 attempts. Nonce: 367503
2026-09-29 21:56:26,743 - INFO - [Chain Validation] Initializing the chain validator.
2026-09-29 21:56:26,743 - INFO - [Block Validation] Validatiing the block 0.
2026-09-29 21:56:26,744 - INFO - [Block Validation] The block 0 is valid.
2026-09-29 21:56:26,744 - INFO - [Block Validation] Validatiing the block 1.
2026-09-29 21:56:26,744 - INFO - [Block Validation] The block 1 is valid.
2026-09-29 21:56:26,757 - INFO - [Chain Validation] Initializing the chain validator.
2026-09-29 21:56:26,759 - INFO - [Miner]Mining block 0...
2026-09-29 21:56:27,130 - INFO - [Miner] Block 0 mined after 36254 attempts. Nonce: 36254
2026-09-29 21:56:27,131 - WARNING - [Chain Validation] Cannot validate. The ledger is empty.
2026-09-29 21:56:27,134 - INFO - Block with CHID {'user': {'name': 'Gensis-Block', 'nationalNumber': 0, 'phone': 0, 'age': 0, 'email': 'gensis@blockchain.io', 'birth': '', 'HID': '86b9cfefa3624e99ed49d4b95a65292e3ae59d1acc02e31aa391003979282fe0'}, 'credential': {'image': '', 'credentialID': 0, 'CID': 'be73143655a54956d57ca963bfd4e8437ee884b7a022d790d98afcd91066c65b', 'metadata': {'documentTitle': None, 'documentType': None, 'documentFormat': None, 'documentContentSize': 0}}, 'issuer': {'name': '', 'businessID': 0, 'AUTHID': '4930fe69eb193324e64c25a851e6c18f3b53657dfcda11c817fc34c450ff953d'}, 'chid': '57a5fa2eabd461db6913d2f6da58ef6fa9222530e0194e0334b3a1d22019344d'} inserted successfully. 
2026-09-29 21:56:27,173 - INFO - [Block Validation] Validatiing the block 0.
2026-09-29 21:56:27,173 - INFO - [Block Validation] The block 0 is valid.
2026-09-29 21:56:27,173 - INFO - [Chain Validation] Chain is valid.
2026-09-29 21:56:27,174 - INFO - [Miner]Mining block 0...
2026-09-29 21:56:27,743 - INFO - [Miner] Block 0 mined after 54333 attempts. Nonce: 90587
2026-09-29 21:56:27,746 - INFO - [Chain Validation] Initializing the chain validator.
2026-09-29 21:56:27,747 - INFO - [Block Validation] Validatiing the block 0.
2026-09-29 21:56:27,747 - INFO - [Block Validation] The block 0 is valid.
2026-09-29 21:56:27,938 - INFO - [Chain Validation] Initializing the chain validator.
2026-09-29 21:56:27,942 - INFO - [Miner]Mining block 0...
2026-09-29 21:56:28,335 - INFO - [Miner] Block 0 mined after 36254 attempts. Nonce: 36254
2026-09-29 21:56:28,336 - WARNING - [Chain Validation] Cannot validate. The ledger is empty.
2026-09-29 21:56:28,354 - INFO - Block with CHID {'user': {'name': 'Gensis-Block', 'nationalNumber': 0, 'phone': 0, 'age': 0, 'email': 'gensis@blockchain.io', 'birth': '', 'HID': '86b9cfefa3624e99ed49d4b95a65292e3ae59d1acc02e31aa391003979282fe0'}, 'credential': {'image': '', 'credentialID': 0, 'CID': 'be73143655a54956d57ca963bfd4e8437ee884b7a022d790d98afcd91066c65b', 'metadata': {'documentTitle': None, 'documentType': None, 'documentFormat': None, 'documentContentSize': 0}}, 'issuer': {'name': '', 'businessID': 0, 'AUTHID': '4930fe69eb193324e64c25a851e6c18f3b53657dfcda11c817fc34c450ff953d'}, 'chid': '57a5fa2eabd461db6913d2f6da58ef6fa9222530e0194e0334b3a1d22019344d'} inserted successfully. 
2026-09-29 21:56:28,407 - INFO - [Block Validation] Validatiing the block 0.
2026-09-29 21:56:28,408 - INFO - [Block Validation] The block 0 is valid.
2026-09-29 21:56:28,408 - INFO - [Chain Validation] Chain is valid.
2026-09-29 21:56:28,485 - DEBUG - Using proactor: IocpProactor
2026-09-29 21:56:30,580 - INFO - [Chain Validation] Initializing the chain validator.
2026-09-29 21:56:30,582 - INFO - [Miner]Mining block 0...
2026-09-29 21:56:30,954 - INFO - [Miner] Block 0 mined after 36254 attempts. Nonce: 36254
2026-09-29 21:56:30,955 - WARNING - [Chain Validation] Cannot validate. The ledger is empty.
2026-09-29 21:56:30,956 - INFO - Block with CHID {'user': {'name': 'Gensis-Block', 'nationalNumber': 0, 'phone': 0, 'age': 0, 'email': 'gensis@blockchain.io', 'birth': '', 'HID': '86b9cfefa3624e99ed49d4b95a65292e3ae59d1acc02e31aa391003979282fe0'}, 'credential': {'image': '', 'credentialID': 0, 'CID': 'be73143655a54956d57ca963bfd4e8437ee884b7a022d790d98afcd91066c65b', 'metadata': {'documentTitle': None, 'documentType': None, 'documentFormat': None, 'documentContentSize': 0}}, 'issuer': {'name': '', 'businessID': 0, 'AUTHID': '4930fe69eb193324e64c25a851e6c18f3b53657dfcda11c817fc34c450ff953d'}, 'chid': '57a5fa2eabd461db6913d2f6da58ef6fa9222530e0194e0334b3a1d22019344d'} inserted successfully. 
2026-09-29 21:56:30,992 - INFO - [Block Validation] Validatiing the block 0.
2026-09-29 21:56:30,992 - INFO - [Block Validation] The block 0 is valid.
2026-09-29 21:56:30,993 - INFO - [Chain Validation] Chain is valid.
2026-09-29 21:56:31,042 - DEBUG - Using proactor: IocpProactor
2026-09-29 21:56:33,326 - INFO - [Chain Validation] Initializing the chain validator.
2026-09-29 21:56:33,330 - INFO - [Block Validation] Validatiing the block 0.
2026-09-29 21:56:33,330 - INFO - [Block Validation] The block 0 is valid.
2026-09-29 21:56:33,330 - INFO - [Chain Validation] Chain is valid.
2026-09-29 21:56:33,341 - INFO - [Chain Validation] Initializing the chain validator.
2026-09-29 21:56:33,344 - INFO - [Block Validation] Validatiing the block 0.
2026-09-29 21:56:33,344 - INFO - [Block Validation] The block 0 is valid.
2026-09-29 21:56:33,345 - INFO - [Chain Validation] Chain is valid.
2026-09-29 21:56:33,345 - INFO - [Chain Validation] Initializing the chain validator.
2026-09-29 21:56:33,345 - INFO - [Block Validation] Validatiing the block 0.
2026-09-29 21:56:33,346 - INFO - [Block Validation] The block 0 is valid.
2026-09-29 21:56:33,346 - INFO - [Chain Validation] Chain is valid.
2026-09-29 21:56:34,431 - INFO - [Miner]Mining block 1...
2026-09-29 21:56:36,188 - INFO - [Miner] Block 1 mined after 107622 attempts. Nonce: 107622
2026-09-29 21:56:36,189 - INFO - [Block Validation] Validatiing the block 0.
2026-09-29 21:56:36,189 - INFO - [Block Validation] The block 0 is valid.
2026-09-29 21:56:36,190 - INFO - [Chain Validation] Chain is valid.
2026-09-29 21:56:36,191 - INFO - Block with CHID {'user': {'name': 'User-AB', 'nationalNumber': 1001, 'phone': 1, 'age': 25, 'email': 'test@bc.io', 'birth': '', 'HID': '6e59af53a03f679d6831a00fd7d8b2ea06a108d3c4b1928bf3bc2bd17738b109'}, 'credential': {'image': '', 'credentialID': 1, 'CID': '7f384ef9d1d01fb1be4b80cbab80e5a4fc6f7ba72faf78fe5db2bc1eb24ada5b', 'metadata': {'documentTitle': None, 'documentType': None, 'documentFormat': None, 'documentContentSize': 0}}, 'issuer': {'name': 'Auth-AB', 'businessID': 10, 'AUTHID': '0ef70bf6eef9bb30a6a28bcf5122d2292bfe0036f4fd54ec9469a27808890a0f'}, 'chid': '57c986669469697cc02ca125ff746414ccbd4688b69d9de51e8ae6d31da5ac8f'} inserted successfully. 
2026-09-29 21:56:36,192 - INFO - [Block Validation] Validatiing the block 1.
2026-09-29 21:56:36,193 - INFO - [Block Validation] The block 1 is valid.
2026-09-29 21:56:36,193 - INFO - [Block Validation] Validatiing the block 0.
2026-09-29 21:56:36,194 - INFO - [Block Validation] The block 0 is valid.
2026-09-29 21:56:36,194 - INFO - [Chain Validation] Chain is valid.
2026-09-29 21:56:36,195 - INFO - Block with CHID {'user': {'name': 'User-AB', 'nationalNumber': 1001, 'phone': 1, 'age': 25, 'email': 'test@bc.io', 'birth': '', 'HID': '6e59af53a03f679d6831a00fd7d8b2ea06a108d3c4b1928bf3bc2bd17738b109'}, 'credential': {'image': '', 'credentialID': 1, 'CID': '7f384ef9d1d01fb1be4b80cbab80e5a4fc6f7ba72faf78fe5db2bc1eb24ada5b', 'metadata': {'documentTitle': None, 'documentType': None, 'documentFormat': None, 'documentContentSize': 0}}, 'issuer': {'name': 'Auth-AB', 'businessID': 10, 'AUTHID': '0ef70bf6eef9bb30a6a28bcf5122d2292bfe0036f4fd54ec9469a27808890a0f'}, 'chid': '57c986669469697cc02ca125ff746414ccbd4688b69d9de51e8ae6d31da5ac8f'} inserted successfully. 
2026-09-29 21:56:36,195 - INFO - [Block Validation] Received block 1 inserted.
2026-09-29 21:56:37,978 - INFO - [Chain Validation] Initializing the chain validator.
2026-09-29 21:56:37,981 - INFO - [Miner]Mining block 0...
2026-09-29 21:56:38,359 - INFO - [Miner] Block 0 mined after 36254 attempts. Nonce: 36254
2026-09-29 21:56:38,359 - WARNING - [Chain Validation] Cannot validate. The ledger is empty.
2026-09-29 21:56:38,360 - INFO - Block with CHID {'user': {'name': 'Gensis-Block', 'nationalNumber': 0, 'phone': 0, 'age': 0, 'email': 'gensis@blockchain.io', 'birth': '', 'HID': '86b9cfefa3624e99ed49d4b95a65292e3ae59d1acc02e31aa391003979282fe0'}, 'credential': {'image': '', 'credentialID': 0, 'CID': 'be73143655a54956d57ca963bfd4e8437ee884b7a022d790d98afcd91066c65b', 'metadata': {'documentTitle': None, 'documentType': None, 'documentFormat': None, 'documentContentSize': 0}}, 'issuer': {'name': '', 'businessID': 0, 'AUTHID': '4930fe69eb193324e64c25a851e6c18f3b53657dfcda11c817fc34c450ff953d'}, 'chid': '57a5fa2eabd461db6913d2f6da58ef6fa9222530e0194e0334b3a1d22019344d'} inserted successfully. 
2026-09-29 21:56:38,539 - INFO - [Block Validation] Validatiing the block 0.
2026-09-29 21:56:38,540 - INFO - [Block Validation] The block 0 is valid.
2026-09-29 21:56:38,540 - INFO - [Chain Validation] Chain is valid.
2026-09-29 21:56:38,561 - DEBUG - Using proactor: IocpProactor
2026-09-29 21:56:41,100 - INFO - [Chain Validation] Initializing the chain validator.
2026-09-29 21:56:41,102 - INFO - [Miner]Mining block 0...
2026-09-29 21:56:41,369 - INFO - [Miner] Block 0 mined after 36254 attempts. Nonce: 36254
2026-09-29 21:56:41,369 - WARNING - [Chain Validation] Cannot validate. The ledger is empty.
2026-09-29 21:56:41,372 - INFO - Block with CHID {'user': {'name': 'Gensis-Block', 'nationalNumber': 0, 'phone': 0, 'age': 0, 'email': 'gensis@blockchain.io', 'birth': '', 'HID': '86b9cfefa3624e99ed49d4b95a65292e3ae59d1acc02e31aa391003979282fe0'}, 'credential': {'image': '', 'credentialID': 0, 'CID': 'be73143655a54956d57ca963bfd4e8437ee884b7a022d790d98afcd91066c65b', 'metadata': {'documentTitle': None, 'documentType': None, 'documentFormat': None, 'documentContentSize': 0}}, 'issuer': {'name': '', 'businessID': 0, 'AUTHID': '4930fe69eb193324e64c25a851e6c18f3b53657dfcda11c817fc34c450ff953d'}, 'chid': '57a5fa2eabd461db6913d2f6da58ef6fa9222530e0194e0334b3a1d22019344d'} inserted successfully. 
2026-09-29 21:56:41,411 - INFO - [Block Validation] Validatiing the block 0.
2026-09-29 21:56:41,411 - INFO - [Block Validation] The block 0 is valid.
2026-09-29 21:56:41,411 - INFO - [Chain Validation] Chain is valid.
2026-09-29 21:56:41,439 - DEBUG - Using proactor: IocpProactor
2026-09-29 21:56:43,947 - INFO - [Chain Validation] Initializing the chain validator.
2026-09-29 21:56:43,948 - INFO - [Block Validation] Validatiing the block 0.
2026-09-29 21:56:43,948 - INFO - [Block Validation] The block 0 is valid.
2026-09-29 21:56:43,948 - INFO - [Chain Validation] Chain is valid.
2026-09-29 21:56:43,958 - INFO - [Chain Validation] Initializing the chain validator.
2026-09-29 21:56:43,958 - INFO - [Block Validation] Validatiing the block 0.
2026-09-29 21:56:43,959 - INFO - [Block Validation] The block 0 is valid.
2026-09-29 21:56:43,959 - INFO - [Chain Validation] Chain is valid.
2026-09-29 21:56:43,959 - INFO - [Chain Validation] Initializing the chain validator.
2026-09-29 21:56:43,959 - INFO - [Block Validation] Validatiing the block 0.
2026-09-29 21:56:43,960 - INFO - [Block Validation] The block 0 is valid.
2026-09-29 21:56:43,960 - INFO - [Chain Validation] Chain is valid.
2026-09-29 21:56:45,095 - INFO - [Miner]Mining block 1...
2026-09-29 21:56:46,274 - INFO - [Miner] Block 1 mined after 53491 attempts. Nonce: 53491
2026-09-29 21:56:46,311 - INFO - [Block Validation] Validatiing the block 0.
2026-09-29 21:56:46,312 - INFO - [Block Validation] The block 0 is valid.
2026-09-29 21:56:46,312 - INFO - [Chain Validation] Chain is valid.
2026-09-29 21:56:46,315 - INFO - Block with CHID {'user': {'name': 'User-STATUS', 'nationalNumber': 2002, 'phone': 1, 'age': 25, 'email': 'test@bc.io', 'birth': '', 'HID': 'fc3cef8d0cc53579d4d23826852f9dc9959d20e4681228d89ecdd9cc6297adfa'}, 'credential': {'image': '', 'credentialID': 2, 'CID': 'f1df3ccf3d521114a502b8118e32634868b1165f55b3d64f6d50ffed5fce608e', 'metadata': {'documentTitle': None, 'documentType': None, 'documentFormat': None, 'documentContentSize': 0}}, 'issuer': {'name': 'Auth-STATUS', 'businessID': 20, 'AUTHID': 'e3e60b1ad8a7f1cad21b2def92a4735f0787b96a8acf719a081eee59265eada6'}, 'chid': '887ea035b7496e0dfacdb636c074d544f10fed11fceb451033a218d89a45406a'} inserted successfully. 
2026-09-29 21:56:46,318 - INFO - [Block Validation] Validatiing the block 1.
2026-09-29 21:56:46,318 - INFO - [Block Validation] The block 1 is valid.
2026-09-29 21:56:46,319 - INFO - [Block Validation] Validatiing the block 0.
2026-09-29 21:56:46,320 - INFO - [Block Validation] The block 0 is valid.
2026-09-29 21:56:46,320 - INFO - [Chain Validation] Chain is valid.
2026-09-29 21:56:46,321 - INFO - Block with CHID {'user': {'name': 'User-STATUS', 'nationalNumber': 2002, 'phone': 1, 'age': 25, 'email': 'test@bc.io', 'birth': '', 'HID': 'fc3cef8d0cc53579d4d23826852f9dc9959d20e4681228d89ecdd9cc6297adfa'}, 'credential': {'image': '', 'credentialID': 2, 'CID': 'f1df3ccf3d521114a502b8118e32634868b1165f55b3d64f6d50ffed5fce608e', 'metadata': {'documentTitle': None, 'documentType': None, 'documentFormat': None, 'documentContentSize': 0}}, 'issuer': {'name': 'Auth-STATUS', 'businessID': 20, 'AUTHID': 'e3e60b1ad8a7f1cad21b2def92a4735f0787b96a8acf719a081eee59265eada6'}, 'chid': '887ea035b7496e0dfacdb636c074d544f10fed11fceb451033a218d89a45406a'} inserted successfully. 
2026-09-29 21:56:46,321 - INFO - [Block Validation] Received block 1 inserted.
2026-09-29 21:56:47,929 - INFO - [Chain Validation] Initializing the chain validator.
2026-09-29 21:56:47,946 - INFO - [Miner]Mining block 0...
2026-09-29 21:56:48,396 - INFO - [Miner] Block 0 mined after 36254 attempts. Nonce: 36254
2026-09-29 21:56:48,396 - WARNING - [Chain Validation] Cannot validate. The ledger is empty.
2026-09-29 21:56:48,399 - INFO - Block with CHID {'user': {'name': 'Gensis-Block', 'nationalNumber': 0, 'phone': 0, 'age': 0, 'email': 'gensis@blockchain.io', 'birth': '', 'HID': '86b9cfefa3624e99ed49d4b95a65292e3ae59d1acc02e31aa391003979282fe0'}, 'credential': {'image': '', 'credentialID': 0, 'CID': 'be73143655a54956d57ca963bfd4e8437ee884b7a022d790d98afcd91066c65b', 'metadata': {'documentTitle': None, 'documentType': None, 'documentFormat': None, 'documentContentSize': 0}}, 'issuer': {'name': '', 'businessID': 0, 'AUTHID': '4930fe69eb193324e64c25a851e6c18f3b53657dfcda11c817fc34c450ff953d'}, 'chid': '57a5fa2eabd461db6913d2f6da58ef6fa9222530e0194e0334b3a1d22019344d'} inserted successfully. 
2026-09-29 21:56:48,467 - INFO - [Block Validation] Validatiing the block 0.
2026-09-29 21:56:48,473 - INFO - [Block Validation] The block 0 is valid.
2026-09-29 21:56:48,473 - INFO - [Chain Validation] Chain is valid.
2026-09-29 21:56:48,547 - DEBUG - Using proactor: IocpProactor
2026-09-29 21:56:51,100 - INFO - [Chain Validation] Initializing the chain validator.
2026-09-29 21:56:51,104 - INFO - [Miner]Mining block 0...
2026-09-29 21:56:51,665 - INFO - [Miner] Block 0 mined after 36254 attempts. Nonce: 36254
2026-09-29 21:56:51,665 - WARNING - [Chain Validation] Cannot validate. The ledger is empty.
2026-09-29 21:56:51,667 - INFO - Block with CHID {'user': {'name': 'Gensis-Block', 'nationalNumber': 0, 'phone': 0, 'age': 0, 'email': 'gensis@blockchain.io', 'birth': '', 'HID': '86b9cfefa3624e99ed49d4b95a65292e3ae59d1acc02e31aa391003979282fe0'}, 'credential': {'image': '', 'credentialID': 0, 'CID': 'be73143655a54956d57ca963bfd4e8437ee884b7a022d790d98afcd91066c65b', 'metadata': {'documentTitle': None, 'documentType': None, 'documentFormat': None, 'documentContentSize': 0}}, 'issuer': {'name': '', 'businessID': 0, 'AUTHID': '4930fe69eb193324e64c25a851e6c18f3b53657dfcda11c817fc34c450ff953d'}, 'chid': '57a5fa2eabd461db6913d2f6da58ef6fa9222530e0194e0334b3a1d22019344d'} inserted successfully. 
2026-09-29 21:56:51,694 - INFO - [Block Validation] Validatiing the block 0.
2026-09-29 21:56:51,694 - INFO - [Block Validation] The block 0 is valid.
2026-09-29 21:56:51,694 - INFO - [Chain Validation] Chain is valid.
2026-09-29 21:56:51,891 - DEBUG - Using proactor: IocpProactor
2026-09-29 21:56:54,665 - INFO - [Chain Validation] Initializing the chain validator.
2026-09-29 21:56:54,666 - INFO - [Block Validation] Validatiing the block 0.
2026-09-29 21:56:54,666 - INFO - [Block Validation] The block 0 is valid.
2026-09-29 21:56:54,666 - INFO - [Chain Validation] Chain is valid.
2026-09-29 21:56:54,676 - INFO - [Chain Validation] Initializing the chain validator.
2026-09-29 21:56:54,677 - INFO - [Block Validation] Validatiing the block 0.
2026-09-29 21:56:54,678 - INFO - [Block Validation] The block 0 is valid.
2026-09-29 21:56:54,678 - INFO - [Chain Validation] Chain is valid.
2026-09-29 21:56:54,678 - INFO - [Chain Validation] Initializing the chain validator.
2026-09-29 21:56:54,679 - INFO - [Block Validation] Validatiing the block 0.
2026-09-29 21:56:54,679 - INFO - [Block Validation] The block 0 is valid.
2026-09-29 21:56:54,679 - INFO - [Chain Validation] Chain is valid.
2026-09-29 21:56:55,651 - INFO - [Miner]Mining block 1...
2026-09-29 21:56:59,888 - INFO - [Miner] Block 1 mined after 234003 attempts. Nonce: 234003
2026-09-29 21:56:59,899 - INFO - [Block Validation] Validatiing the block 0.
2026-09-29 21:56:59,899 - INFO - [Block Validation] The block 0 is valid.
2026-09-29 21:56:59,899 - INFO - [Chain Validation] Chain is valid.
2026-09-29 21:56:59,902 - INFO - Block with CHID {'user': {'name': 'Remote', 'nationalNumber': 3003, 'phone': 1, 'age': 40, 'email': 'test@bc.io', 'birth': '', 'HID': '206b59d6f3c865e1bfad656423029511acefbed5af6b9cbeccffc9f554cfccdb'}, 'credential': {'image': '', 'credentialID': 3, 'CID': '73b5e4d7505f5386f00b2105eb94f2d0a49e268d94f0259bdb6b76d236e0402b', 'metadata': {'documentTitle': None, 'documentType': None, 'documentFormat': None, 'documentContentSize': 0}}, 'issuer': {'name': 'RemoteAuth', 'businessID': 30, 'AUTHID': '3332b3f951ad8c1aa8de428a4f257f99b5d5e4827aa23ec7410625b4861df3e0'}, 'chid': 'a4dea4b21024f1bb54a1559335c6d86d902cc1fe8403f795efc6f918be78dcda'} inserted successfully. 
2026-09-29 21:56:59,903 - INFO - [Block Validation] Validatiing the block 1.
2026-09-29 21:56:59,904 - INFO - [Block Validation] The block 1 is valid.
2026-09-29 21:56:59,905 - INFO - [Block Validation] Validatiing the block 0.
2026-09-29 21:56:59,905 - INFO - [Block Validation] The block 0 is valid.
2026-09-29 21:56:59,905 - INFO - [Chain Validation] Chain is valid.
2026-09-29 21:56:59,907 - INFO - Block with CHID {'user': {'name': 'Remote', 'nationalNumber': 3003, 'phone': 1, 'age': 40, 'email': 'test@bc.io', 'birth': '', 'HID': '206b59d6f3c865e1bfad656423029511acefbed5af6b9cbeccffc9f554cfccdb'}, 'credential': {'image': '', 'credentialID': 3, 'CID': '73b5e4d7505f5386f00b2105eb94f2d0a49e268d94f0259bdb6b76d236e0402b', 'metadata': {'documentTitle': None, 'documentType': None, 'documentFormat': None, 'documentContentSize': 0}}, 'issuer': {'name': 'RemoteAuth', 'businessID': 30, 'AUTHID': '3332b3f951ad8c1aa8de428a4f257f99b5d5e4827aa23ec7410625b4861df3e0'}, 'chid': 'a4dea4b21024f1bb54a1559335c6d86d902cc1fe8403f795efc6f918be78dcda'} inserted successfully. 
2026-09-29 21:56:59,907 - INFO - [Block Validation] Received block 1 inserted.
2026-09-29 21:57:01,513 - INFO - [Chain Validation] Initializing the chain validator.
2026-09-29 21:57:01,548 - INFO - [Miner]Mining block 0...
2026-09-29 21:57:02,067 - INFO - [Miner] Block 0 mined after 36254 attempts. Nonce: 36254
2026-09-29 21:57:02,067 - WARNING - [Chain Validation] Cannot validate. The ledger is empty.
2026-09-29 21:57:02,069 - INFO - Block with CHID {'user': {'name': 'Gensis-Block', 'nationalNumber': 0, 'phone': 0, 'age': 0, 'email': 'gensis@blockchain.io', 'birth': '', 'HID': '86b9cfefa3624e99ed49d4b95a65292e3ae59d1acc02e31aa391003979282fe0'}, 'credential': {'image': '', 'credentialID': 0, 'CID': 'be73143655a54956d57ca963bfd4e8437ee884b7a022d790d98afcd91066c65b', 'metadata': {'documentTitle': None, 'documentType': None, 'documentFormat': None, 'documentContentSize': 0}}, 'issuer': {'name': '', 'businessID': 0, 'AUTHID': '4930fe69eb193324e64c25a851e6c18f3b53657dfcda11c817fc34c450ff953d'}, 'chid': '57a5fa2eabd461db6913d2f6da58ef6fa9222530e0194e0334b3a1d22019344d'} inserted successfully. 
2026-09-29 21:57:02,125 - INFO - [Block Validation] Validatiing the block 0.
2026-09-29 21:57:02,126 - INFO - [Block Validation] The block 0 is valid.
2026-09-29 21:57:02,126 - INFO - [Chain Validation] Chain is valid.
2026-09-29 21:57:02,239 - DEBUG - Using proactor: IocpProactor
2026-09-29 21:57:04,991 - INFO - [Chain Validation] Initializing the chain validator.
2026-09-29 21:57:04,993 - INFO - [Miner]Mining block 0...
2026-09-29 21:57:05,697 - INFO - [Miner] Block 0 mined after 36254 attempts. Nonce: 36254
2026-09-29 21:57:05,698 - WARNING - [Chain Validation] Cannot validate. The ledger is empty.
2026-09-29 21:57:05,702 - INFO - Block with CHID {'user': {'name': 'Gensis-Block', 'nationalNumber': 0, 'phone': 0, 'age': 0, 'email': 'gensis@blockchain.io', 'birth': '', 'HID': '86b9cfefa3624e99ed49d4b95a65292e3ae59d1acc02e31aa391003979282fe0'}, 'credential': {'image': '', 'credentialID': 0, 'CID': 'be73143655a54956d57ca963bfd4e8437ee884b7a022d790d98afcd91066c65b', 'metadata': {'documentTitle': None, 'documentType': None, 'documentFormat': None, 'documentContentSize': 0}}, 'issuer': {'name': '', 'businessID': 0, 'AUTHID': '4930fe69eb193324e64c25a851e6c18f3b53657dfcda11c817fc34c450ff953d'}, 'chid': '57a5fa2eabd461db6913d2f6da58ef6fa9222530e0194e0334b3a1d22019344d'} inserted successfully. 
2026-09-29 21:57:06,233 - INFO - [Block Validation] Validatiing the block 0.
2026-09-29 21:57:06,234 - INFO - [Block Validation] The block 0 is valid.
2026-09-29 21:57:06,234 - INFO - [Chain Validation] Chain is valid.
2026-09-29 21:57:06,415 - DEBUG - Using proactor: IocpProactor
2026-09-29 21:57:09,200 - INFO - [Chain Validation] Initializing the chain validator.
2026-09-29 21:57:09,202 - INFO - [Miner]Mining block 0...
2026-09-29 21:57:09,682 - INFO - [Miner] Block 0 mined after 36254 attempts. Nonce: 36254
2026-09-29 21:57:09,683 - WARNING - [Chain Validation] Cannot validate. The ledger is empty.
2026-09-29 21:57:09,685 - INFO - Block with CHID {'user': {'name': 'Gensis-Block', 'nationalNumber': 0, 'phone': 0, 'age': 0, 'email': 'gensis@blockchain.io', 'birth': '', 'HID': '86b9cfefa3624e99ed49d4b95a65292e3ae59d1acc02e31aa391003979282fe0'}, 'credential': {'image': '', 'credentialID': 0, 'CID': 'be73143655a54956d57ca963bfd4e8437ee884b7a022d790d98afcd91066c65b', 'metadata': {'documentTitle': None, 'documentType': None, 'documentFormat': None, 'documentContentSize': 0}}, 'issuer': {'name': '', 'businessID': 0, 'AUTHID': '4930fe69eb193324e64c25a851e6c18f3b53657dfcda11c817fc34c450ff953d'}, 'chid': '57a5fa2eabd461db6913d2f6da58ef6fa9222530e0194e0334b3a1d22019344d'} inserted successfully. 
2026-09-29 21:57:09,816 - INFO - [Block Validation] Validatiing the block 0.
2026-09-29 21:57:09,817 - INFO - [Block Validation] The block 0 is valid.
2026-09-29 21:57:09,817 - INFO - [Chain Validation] Chain is valid.
2026-09-29 21:57:10,101 - DEBUG - Using proactor: IocpProactor
2026-09-29 21:57:12,913 - INFO - [Chain Validation] Initializing the chain validator.
2026-09-29 21:57:12,914 - INFO - [Block Validation] Validatiing the block 0.
2026-09-29 21:57:12,914 - INFO - [Block Validation] The block 0 is valid.
2026-09-29 21:57:12,914 - INFO - [Chain Validation] Chain is valid.
2026-09-29 21:57:12,924 - INFO - [Chain Validation] Initializing the chain validator.
2026-09-29 21:57:12,925 - INFO - [Block Validation] Validatiing the block 0.
2026-09-29 21:57:12,925 - INFO - [Block Validation] The block 0 is valid.
2026-09-29 21:57:12,926 - INFO - [Chain Validation] Chain is valid.
2026-09-29 21:57:12,926 - INFO - [Chain Validation] Initializing the chain validator.
2026-09-29 21:57:12,926 - INFO - [Block Validation] Validatiing the block 0.
2026-09-29 21:57:12,927 - INFO - [Block Validation] The block 0 is valid.
2026-09-29 21:57:12,927 - INFO - [Chain Validation] Chain is valid.
2026-09-29 21:57:13,940 - INFO - [Chain Validation] Initializing the chain validator.
2026-09-29 21:57:13,940 - INFO - [Block Validation] Validatiing the block 0.
2026-09-29 21:57:13,941 - INFO - [Block Validation] The block 0 is valid.
2026-09-29 21:57:13,941 - INFO - [Chain Validation] Chain is valid.
2026-09-29 21:57:13,942 - INFO - [Chain Validation] Initializing the chain validator.
2026-09-29 21:57:13,943 - INFO - [Block Validation] Validatiing the block 0.
2026-09-29 21:57:13,943 - INFO - [Block Validation] The block 0 is valid.
2026-09-29 21:57:13,943 - INFO - [Chain Validation] Chain is valid.
2026-09-29 21:57:14,079 - INFO - [Chain Validation] Initializing the chain validator.
2026-09-29 21:57:14,080 - INFO - [Block Validation] Validatiing the block 0.
2026-09-29 21:57:14,080 - INFO - [Block Validation] The block 0 is valid.
2026-09-29 21:57:14,081 - INFO - [Chain Validation] Chain is valid.
2026-09-29 21:57:14,090 - INFO - [Chain Validation] Initializing the chain validator.
2026-09-29 21:57:14,091 - INFO - [Block Validation] Validatiing the block 0.
2026-09-29 21:57:14,091 - INFO - [Block Validation] The block 0 is valid.
2026-09-29 21:57:14,091 - INFO - [Chain Validation] Chain is valid.
2026-09-29 21:57:14,091 - INFO - [Chain Validation] Initializing the chain validator.
2026-09-29 21:57:14,092 - INFO - [Block Validation] Validatiing the block 0.
2026-09-29 21:57:14,092 - INFO - [Block Validation] The block 0 is valid.
2026-09-29 21:57:14,092 - INFO - [Chain Validation] Chain is valid.
2026-09-29 21:57:14,092 - INFO - [Chain Validation] Initializing the chain validator.
2026-09-29 21:57:14,093 - INFO - [Block Validation] Validatiing the block 0.
2026-09-29 21:57:14,093 - INFO - [Block Validation] The block 0 is valid.
2026-09-29 21:57:14,093 - INFO - [Chain Validation] Chain is valid.
2026-09-29 21:57:15,023 - INFO - [Chain Validation] Initializing the chain validator.
2026-09-29 21:57:15,024 - INFO - [Block Validation] Validatiing the block 0.
2026-09-29 21:57:15,025 - INFO - [Block Validation] The block 0 is valid.
2026-09-29 21:57:15,025 - INFO - [Chain Validation] Chain is valid.
2026-09-29 21:57:15,027 - INFO - [Chain Validation] Initializing the chain validator.
2026-09-29 21:57:15,028 - INFO - [Block Validation] Validatiing the block 0.
2026-09-29 21:57:15,028 - INFO - [Block Validation] The block 0 is valid.
2026-09-29 21:57:15,028 - INFO - [Chain Validation] Chain is valid.
2026-09-29 21:57:15,034 - INFO - [Chain Validation] Initializing the chain validator.
2026-09-29 21:57:15,035 - INFO - [Block Validation] Validatiing the block 0.
2026-09-29 21:57:15,035 - INFO - [Block Validation] The block 0 is valid.
2026-09-29 21:57:15,035 - INFO - [Chain Validation] Chain is valid.
2026-09-29 21:57:16,030 - INFO - [Miner]Mining block 1...
2026-09-29 21:57:16,302 - INFO - [Miner] Block 1 mined after 21090 attempts. Nonce: 21090
2026-09-29 21:57:16,303 - INFO - [Block Validation] Validatiing the block 0.
2026-09-29 21:57:16,304 - INFO - [Block Validation] The block 0 is valid.
2026-09-29 21:57:16,310 - INFO - [Chain Validation] Chain is valid.
2026-09-29 21:57:16,312 - INFO - Block with CHID {'user': {'name': 'User-MESH', 'nationalNumber': 4004, 'phone': 1, 'age': 25, 'email': 'test@bc.io', 'birth': '', 'HID': '50e25ac7f13701380fb7f1ad42318233cd67e1c94817195eb9ee8e83bb6fa530'}, 'credential': {'image': '', 'credentialID': 4, 'CID': '4908fb8fdf26d9831aaac4644ad546cbf3d009056df5e6447a8a540ad48b4828', 'metadata': {'documentTitle': None, 'documentType': None, 'documentFormat': None, 'documentContentSize': 0}}, 'issuer': {'name': 'Auth-MESH', 'businessID': 40, 'AUTHID': '858823c8b244576782d3fd3aea818770e024263aa46148d1c5c6c29102f5cb53'}, 'chid': '5cc93e47b5274cf59370c71444ffbf618e1959f1adfe671b22fc185e8d6cdbc0'} inserted successfully. 
2026-09-29 21:57:16,313 - INFO - [Block Validation] Validatiing the block 1.
2026-09-29 21:57:16,314 - INFO - [Block Validation] The block 1 is valid.
2026-09-29 21:57:16,314 - INFO - [Block Validation] Validatiing the block 0.
2026-09-29 21:57:16,315 - INFO - [Block Validation] The block 0 is valid.
2026-09-29 21:57:16,316 - INFO - [Chain Validation] Chain is valid.
2026-09-29 21:57:16,315 - INFO - [Block Validation] Validatiing the block 1.
2026-09-29 21:57:16,316 - INFO - [Block Validation] The block 1 is valid.
2026-09-29 21:57:16,317 - INFO - [Block Validation] Validatiing the block 0.
2026-09-29 21:57:16,317 - INFO - [Block Validation] The block 0 is valid.
2026-09-29 21:57:16,317 - INFO - [Chain Validation] Chain is valid.
2026-09-29 21:57:16,318 - INFO - Block with CHID {'user': {'name': 'User-MESH', 'nationalNumber': 4004, 'phone': 1, 'age': 25, 'email': 'test@bc.io', 'birth': '', 'HID': '50e25ac7f13701380fb7f1ad42318233cd67e1c94817195eb9ee8e83bb6fa530'}, 'credential': {'image': '', 'credentialID': 4, 'CID': '4908fb8fdf26d9831aaac4644ad546cbf3d009056df5e6447a8a540ad48b4828', 'metadata': {'documentTitle': None, 'documentType': None, 'documentFormat': None, 'documentContentSize': 0}}, 'issuer': {'name': 'Auth-MESH', 'businessID': 40, 'AUTHID': '858823c8b244576782d3fd3aea818770e024263aa46148d1c5c6c29102f5cb53'}, 'chid': '5cc93e47b5274cf59370c71444ffbf618e1959f1adfe671b22fc185e8d6cdbc0'} inserted successfully. 
2026-09-29 21:57:16,318 - INFO - [Block Validation] Received block 1 inserted.
2026-09-29 21:57:16,320 - INFO - Block with CHID {'user': {'name': 'User-MESH', 'nationalNumber': 4004, 'phone': 1, 'age': 25, 'email': 'test@bc.io', 'birth': '', 'HID': '50e25ac7f13701380fb7f1ad42318233cd67e1c94817195eb9ee8e83bb6fa530'}, 'credential': {'image': '', 'credentialID': 4, 'CID': '4908fb8fdf26d9831aaac4644ad546cbf3d009056df5e6447a8a540ad48b4828', 'metadata': {'documentTitle': None, 'documentType': None, 'documentFormat': None, 'documentContentSize': 0}}, 'issuer': {'name': 'Auth-MESH', 'businessID': 40, 'AUTHID': '858823c8b244576782d3fd3aea818770e024263aa46148d1c5c6c29102f5cb53'}, 'chid': '5cc93e47b5274cf59370c71444ffbf618e1959f1adfe671b22fc185e8d6cdbc0'} inserted successfully. 
2026-09-29 21:57:16,321 - INFO - [Block Validation] Received block 1 inserted.
2026-09-29 21:57:18,693 - INFO - [Chain Validation] Initializing the chain validator.
2026-09-29 21:57:18,717 - INFO - [Miner]Mining block 0...
2026-09-29 21:57:19,385 - INFO - [Miner] Block 0 mined after 36254 attempts. Nonce: 36254
2026-09-29 21:57:19,385 - WARNING - [Chain Validation] Cannot validate. The ledger is empty.
2026-09-29 21:57:19,387 - INFO - Block with CHID {'user': {'name': 'Gensis-Block', 'nationalNumber': 0, 'phone': 0, 'age': 0, 'email': 'gensis@blockchain.io', 'birth': '', 'HID': '86b9cfefa3624e99ed49d4b95a65292e3ae59d1acc02e31aa391003979282fe0'}, 'credential': {'image': '', 'credentialID': 0, 'CID': 'be73143655a54956d57ca963bfd4e8437ee884b7a022d790d98afcd91066c65b', 'metadata': {'documentTitle': None, 'documentType': None, 'documentFormat': None, 'documentContentSize': 0}}, 'issuer': {'name': '', 'businessID': 0, 'AUTHID': '4930fe69eb193324e64c25a851e6c18f3b53657dfcda11c817fc34c450ff953d'}, 'chid': '57a5fa2eabd461db6913d2f6da58ef6fa9222530e0194e0334b3a1d22019344d'} inserted successfully. 
2026-09-29 21:57:19,409 - INFO - [Block Validation] Validatiing the block 0.
2026-09-29 21:57:19,409 - INFO - [Block Validation] The block 0 is valid.
2026-09-29 21:57:19,409 - INFO - [Chain Validation] Chain is valid.
2026-09-29 21:57:19,596 - DEBUG - Using proactor: IocpProactor
2026-09-29 21:57:22,288 - INFO - [Miner]Mining block 1...
2026-09-29 21:57:22,996 - INFO - [Miner] Block 1 mined after 22809 attempts. Nonce: 22809
2026-09-29 21:57:22,997 - INFO - [Block Validation] Validatiing the block 0.
2026-09-29 21:57:22,998 - INFO - [Block Validation] The block 0 is valid.
2026-09-29 21:57:22,998 - INFO - [Chain Validation] Chain is valid.
2026-09-29 21:57:23,004 - INFO - Block with CHID {'user': {'name': 'User-PRE0', 'nationalNumber': 5000, 'phone': 1, 'age': 25, 'email': 'test@bc.io', 'birth': '', 'HID': '6daaed6cfb25e8fa22f150ee571f44c0f00af9f57bbcd0f1a6bde75d82c76ecd'}, 'credential': {'image': '', 'credentialID': 5, 'CID': '2fcaeb068b34deac6567700d01949fa8aaa180b33b775a341944180e07d04ab0', 'metadata': {'documentTitle': None, 'documentType': None, 'documentFormat': None, 'documentContentSize': 0}}, 'issuer': {'name': 'Auth-PRE0', 'businessID': 50, 'AUTHID': 'aea3df5444b4c53370ee3c42a86b662ce000ca2b98dc957f017e83733d2e81a4'}, 'chid': 'a71a2e1c22dcd70875a0c73175e8f54cb87e50d9d98ddbf5dc751fee7707f34a'} inserted successfully. 
2026-09-29 21:57:23,005 - INFO - [Miner]Mining block 2...
2026-09-29 21:57:23,012 - INFO - [Miner] Block 2 mined after 462 attempts. Nonce: 462
2026-09-29 21:57:23,013 - INFO - [Block Validation] Validatiing the block 0.
2026-09-29 21:57:23,013 - INFO - [Block Validation] The block 0 is valid.
2026-09-29 21:57:23,014 - INFO - [Block Validation] Validatiing the block 1.
2026-09-29 21:57:23,014 - INFO - [Block Validation] The block 1 is valid.
2026-09-29 21:57:23,014 - INFO - [Chain Validation] Chain is valid.
2026-09-29 21:57:23,017 - INFO - Block with CHID {'user': {'name': 'User-PRE1', 'nationalNumber': 5001, 'phone': 1, 'age': 25, 'email': 'test@bc.io', 'birth': '', 'HID': '767ae0b959f8cce994f3040b06c94947df5298ff4233a2d1c7618b0b1c3ee31b'}, 'credential': {'image': '', 'credentialID': 6, 'CID': '1fc8c4bc48a39c1587ac2826279b14bb717c505ac3691f8cd0120b7c78370800', 'metadata': {'documentTitle': None, 'documentType': None, 'documentFormat': None, 'documentContentSize': 0}}, 'issuer': {'name': 'Auth-PRE1', 'businessID': 51, 'AUTHID': '7a53d46d8d59332115008d7ca8e2045986387bbf8dbfcc352a67a3ae39b18f3e'}, 'chid': '4fe7bf8f0e89951979e35eb22185c84c45340df097899c43036733af87b24a45'} inserted successfully. 
2026-09-29 21:57:23,019 - INFO - [Miner]Mining block 3...
2026-09-29 21:57:34,693 - INFO - [Miner] Block 3 mined after 511698 attempts. Nonce: 511698
2026-09-29 21:57:34,693 - INFO - [Block Validation] Validatiing the block 0.
2026-09-29 21:57:34,694 - INFO - [Block Validation] The block 0 is valid.
2026-09-29 21:57:34,694 - INFO - [Block Validation] Validatiing the block 1.
2026-09-29 21:57:34,696 - INFO - [Block Validation] The block 1 is valid.
2026-09-29 21:57:34,697 - INFO - [Block Validation] Validatiing the block 2.
2026-09-29 21:57:34,697 - INFO - [Block Validation] The block 2 is valid.
2026-09-29 21:57:34,697 - INFO - [Chain Validation] Chain is valid.
2026-09-29 21:57:34,701 - INFO - Block with CHID {'user': {'name': 'User-PRE2', 'nationalNumber': 5002, 'phone': 1, 'age': 25, 'email': 'test@bc.io', 'birth': '', 'HID': 'a36edd91731c8d3d54896294bad56def9011724e37067ce7fd897e0b6735944b'}, 'credential': {'image': '', 'credentialID': 7, 'CID': '5195534e1474704f2e4833c44fcc20ab8065a4a611467d50ead1cc7b0027108c', 'metadata': {'documentTitle': None, 'documentType': None, 'documentFormat': None, 'documentContentSize': 0}}, 'issuer': {'name': 'Auth-PRE2', 'businessID': 52, 'AUTHID': '772d33b8aab6dea9ddeb36149b64b45c5d7f602e78159bdae206624e127c29e8'}, 'chid': '4f0983d0bdf8bc06a967bb5ed0de1f08dc43ff30859336ec071a8e7a24dab39d'} inserted successfully. 
2026-09-29 21:57:34,702 - INFO - [Chain Validation] Initializing the chain validator.
2026-09-29 21:57:34,703 - INFO - [Miner]Mining block 0...
2026-09-29 21:57:35,374 - INFO - [Miner] Block 0 mined after 36254 attempts. Nonce: 36254
2026-09-29 21:57:35,375 - WARNING - [Chain Validation] Cannot validate. The ledger is empty.
2026-09-29 21:57:35,376 - INFO - Block with CHID {'user': {'name': 'Gensis-Block', 'nationalNumber': 0, 'phone': 0, 'age': 0, 'email': 'gensis@blockchain.io', 'birth': '', 'HID': '86b9cfefa3624e99ed49d4b95a65292e3ae59d1acc02e31aa391003979282fe0'}, 'credential': {'image': '', 'credentialID': 0, 'CID': 'be73143655a54956d57ca963bfd4e8437ee884b7a022d790d98afcd91066c65b', 'metadata': {'documentTitle': None, 'documentType': None, 'documentFormat': None, 'documentContentSize': 0}}, 'issuer': {'name': '', 'businessID': 0, 'AUTHID': '4930fe69eb193324e64c25a851e6c18f3b53657dfcda11c817fc34c450ff953d'}, 'chid': '57a5fa2eabd461db6913d2f6da58ef6fa9222530e0194e0334b3a1d22019344d'} inserted successfully. 
2026-09-29 21:57:35,442 - INFO - [Block Validation] Validatiing the block 0.
2026-09-29 21:57:35,442 - INFO - [Block Validation] The block 0 is valid.
2026-09-29 21:57:35,443 - INFO - [Chain Validation] Chain is valid.
2026-09-29 21:57:35,698 - DEBUG - Using proactor: IocpProactor
2026-09-29 21:57:38,675 - INFO - [Chain Validation] Initializing the chain validator.
2026-09-29 21:57:38,676 - INFO - [Block Validation] Validatiing the block 0.
2026-09-29 21:57:38,677 - INFO - [Block Validation] The block 0 is valid.
2026-09-29 21:57:38,677 - INFO - [Block Validation] Validatiing the block 1.
2026-09-29 21:57:38,677 - INFO - [Block Validation] The block 1 is valid.
2026-09-29 21:57:38,678 - INFO - [Block Validation] Validatiing the block 2.
2026-09-29 21:57:38,678 - INFO - [Block Validation] The block 2 is valid.
2026-09-29 21:57:38,679 - INFO - [Block Validation] Validatiing the block 3.
2026-09-29 21:57:38,679 - INFO - [Block Validation] The block 3 is valid.
2026-09-29 21:57:38,679 - INFO - [Chain Validation] Chain is valid.
2026-09-29 21:57:38,686 - INFO - [Chain Validation] Initializing the chain validator.
2026-09-29 21:57:38,687 - INFO - [Block Validation] Validatiing the block 0.
2026-09-29 21:57:38,687 - INFO - [Block Validation] The block 0 is valid.
2026-09-29 21:57:38,687 - INFO - [Block Validation] Validatiing the block 1.
2026-09-29 21:57:38,687 - INFO - [Block Validation] The block 1 is valid.
2026-09-29 21:57:38,688 - INFO - [Block Validation] Validatiing the block 2.
2026-09-29 21:57:38,688 - INFO - [Block Validation] The block 2 is valid.
2026-09-29 21:57:38,688 - INFO - [Block Validation] Validatiing the block 3.
2026-09-29 21:57:38,688 - INFO - [Block Validation] The block 3 is valid.
2026-09-29 21:57:38,688 - INFO - [Chain Validation] Chain is valid.
2026-09-29 21:57:38,688 - INFO - [Chain Validation] Initializing the chain validator.
2026-09-29 21:57:38,689 - INFO - [Block Validation] Validatiing the block 0.
2026-09-29 21:57:38,689 - INFO - [Block Validation] The block 0 is valid.
2026-09-29 21:57:38,689 - INFO - [Block Validation] Validatiing the block 1.
2026-09-29 21:57:38,689 - INFO - [Block Validation] The block 1 is valid.
2026-09-29 21:57:38,690 - INFO - [Block Validation] Validatiing the block 2.
2026-09-29 21:57:38,690 - INFO - [Block Validation] The block 2 is valid.
2026-09-29 21:57:38,690 - INFO - [Block Validation] Validatiing the block 3.
2026-09-29 21:57:38,690 - INFO - [Block Validation] The block 3 is valid.
2026-09-29 21:57:38,690 - INFO - [Chain Validation] Chain is valid.
2026-09-29 21:57:39,722 - INFO - [Chain Validation] Initializing the chain validator.
2026-09-29 21:57:39,722 - INFO - [Block Validation] Validatiing the block 0.
2026-09-29 21:57:39,723 - INFO - [Block Validation] The block 0 is valid.
2026-09-29 21:57:39,723 - INFO - [Block Validation] Validatiing the block 1.
2026-09-29 21:57:39,723 - INFO - [Block Validation] The block 1 is valid.
2026-09-29 21:57:39,724 - INFO - [Block Validation] Validatiing the block 2.
2026-09-29 21:57:39,724 - INFO - [Block Validation] The block 2 is valid.
2026-09-29 21:57:39,724 - INFO - [Block Validation] Validatiing the block 3.
2026-09-29 21:57:39,724 - INFO - [Block Validation] The block 3 is valid.
2026-09-29 21:57:39,724 - INFO - [Chain Validation] Chain is valid.
2026-09-29 21:57:39,725 - INFO - [Chain Validation] Initializing the chain validator.
2026-09-29 21:57:39,726 - INFO - [Block Validation] Validatiing the block 0.
2026-09-29 21:57:39,726 - INFO - [Block Validation] The block 0 is valid.
2026-09-29 21:57:39,726 - INFO - [Block Validation] Validatiing the block 1.
2026-09-29 21:57:39,727 - INFO - [Block Validation] The block 1 is valid.
2026-09-29 21:57:39,727 - INFO - [Block Validation] Validatiing the block 2.
2026-09-29 21:57:39,727 - INFO - [Block Validation] The block 2 is valid.
2026-09-29 21:57:39,727 - INFO - [Block Validation] Validatiing the block 3.
2026-09-29 21:57:39,727 - INFO - [Block Validation] The block 3 is valid.
2026-09-29 21:57:39,728 - INFO - [Chain Validation] Chain is valid.
2026-09-29 21:57:39,728 - INFO - [Chain Validation] Initializing the chain validator.
2026-09-29 21:57:39,728 - INFO - [Block Validation] Validatiing the block 0.
2026-09-29 21:57:39,728 - INFO - [Block Validation] The block 0 is valid.
2026-09-29 21:57:39,728 - INFO - [Block Validation] Validatiing the block 1.
2026-09-29 21:57:39,729 - INFO - [Block Validation] The block 1 is valid.
2026-09-29 21:57:39,729 - INFO - [Block Validation] Validatiing the block 2.
2026-09-29 21:57:39,729 - INFO - [Block Validation] The block 2 is valid.
2026-09-29 21:57:39,729 - INFO - [Block Validation] Validatiing the block 3.
2026-09-29 21:57:39,730 - INFO - [Block Validation] The block 3 is valid.
2026-09-29 21:57:39,730 - INFO - [Chain Validation] Chain is valid.
2026-09-29 21:57:42,253 - INFO - [Chain Validation] Initializing the chain validator.
2026-09-29 21:57:42,353 - INFO - [Miner]Mining block 0...
2026-09-29 21:57:43,126 - INFO - [Miner] Block 0 mined after 36254 attempts. Nonce: 36254
2026-09-29 21:57:43,127 - WARNING - [Chain Validation] Cannot validate. The ledger is empty.
2026-09-29 21:57:43,128 - INFO - Block with CHID {'user': {'name': 'Gensis-Block', 'nationalNumber': 0, 'phone': 0, 'age': 0, 'email': 'gensis@blockchain.io', 'birth': '', 'HID': '86b9cfefa3624e99ed49d4b95a65292e3ae59d1acc02e31aa391003979282fe0'}, 'credential': {'image': '', 'credentialID': 0, 'CID': 'be73143655a54956d57ca963bfd4e8437ee884b7a022d790d98afcd91066c65b', 'metadata': {'documentTitle': None, 'documentType': None, 'documentFormat': None, 'documentContentSize': 0}}, 'issuer': {'name': '', 'businessID': 0, 'AUTHID': '4930fe69eb193324e64c25a851e6c18f3b53657dfcda11c817fc34c450ff953d'}, 'chid': '57a5fa2eabd461db6913d2f6da58ef6fa9222530e0194e0334b3a1d22019344d'} inserted successfully. 
2026-09-29 21:57:43,219 - INFO - [Block Validation] Validatiing the block 0.
2026-09-29 21:57:43,219 - INFO - [Block Validation] The block 0 is valid.
2026-09-29 21:57:43,219 - INFO - [Chain Validation] Chain is valid.
2026-09-29 21:57:43,516 - DEBUG - Using proactor: IocpProactor
2026-09-29 21:57:46,290 - INFO - [Chain Validation] Initializing the chain validator.
2026-09-29 21:57:46,292 - INFO - [Miner]Mining block 0...
2026-09-29 21:57:48,174 - INFO - [Miner] Block 0 mined after 36254 attempts. Nonce: 36254
2026-09-29 21:57:48,174 - WARNING - [Chain Validation] Cannot validate. The ledger is empty.
2026-09-29 21:57:48,175 - INFO - Block with CHID {'user': {'name': 'Gensis-Block', 'nationalNumber': 0, 'phone': 0, 'age': 0, 'email': 'gensis@blockchain.io', 'birth': '', 'HID': '86b9cfefa3624e99ed49d4b95a65292e3ae59d1acc02e31aa391003979282fe0'}, 'credential': {'image': '', 'credentialID': 0, 'CID': 'be73143655a54956d57ca963bfd4e8437ee884b7a022d790d98afcd91066c65b', 'metadata': {'documentTitle': None, 'documentType': None, 'documentFormat': None, 'documentContentSize': 0}}, 'issuer': {'name': '', 'businessID': 0, 'AUTHID': '4930fe69eb193324e64c25a851e6c18f3b53657dfcda11c817fc34c450ff953d'}, 'chid': '57a5fa2eabd461db6913d2f6da58ef6fa9222530e0194e0334b3a1d22019344d'} inserted successfully. 
2026-09-29 21:57:48,256 - INFO - [Block Validation] Validatiing the block 0.
2026-09-29 21:57:48,256 - INFO - [Block Validation] The block 0 is valid.
2026-09-29 21:57:48,256 - INFO - [Chain Validation] Chain is valid.
2026-09-29 21:57:48,528 - DEBUG - Using proactor: IocpProactor
2026-09-29 21:57:51,293 - INFO - [Chain Validation] Initializing the chain validator.
2026-09-29 21:57:51,295 - INFO - [Miner]Mining block 0...
2026-09-29 21:57:52,180 - INFO - [Miner] Block 0 mined after 36254 attempts. Nonce: 36254
2026-09-29 21:57:52,184 - WARNING - [Chain Validation] Cannot validate. The ledger is empty.
2026-09-29 21:57:52,186 - INFO - Block with CHID {'user': {'name': 'Gensis-Block', 'nationalNumber': 0, 'phone': 0, 'age': 0, 'email': 'gensis@blockchain.io', 'birth': '', 'HID': '86b9cfefa3624e99ed49d4b95a65292e3ae59d1acc02e31aa391003979282fe0'}, 'credential': {'image': '', 'credentialID': 0, 'CID': 'be73143655a54956d57ca963bfd4e8437ee884b7a022d790d98afcd91066c65b', 'metadata': {'documentTitle': None, 'documentType': None, 'documentFormat': None, 'documentContentSize': 0}}, 'issuer': {'name': '', 'businessID': 0, 'AUTHID': '4930fe69eb193324e64c25a851e6c18f3b53657dfcda11c817fc34c450ff953d'}, 'chid': '57a5fa2eabd461db6913d2f6da58ef6fa9222530e0194e0334b3a1d22019344d'} inserted successfully. 
2026-09-29 21:57:52,362 - INFO - [Block Validation] Validatiing the block 0.
2026-09-29 21:57:52,363 - INFO - [Block Validation] The block 0 is valid.
2026-09-29 21:57:52,366 - INFO - [Chain Validation] Chain is valid.
2026-09-29 21:57:52,647 - DEBUG - Using proactor: IocpProactor
2026-09-29 21:57:56,025 - INFO - [Chain Validation] Initializing the chain validator.
2026-09-29 21:57:56,026 - INFO - [Block Validation] Validatiing the block 0.
2026-09-29 21:57:56,026 - INFO - [Block Validation] The block 0 is valid.
2026-09-29 21:57:56,026 - INFO - [Chain Validation] Chain is valid.
2026-09-29 21:57:56,027 - INFO - [Chain Validation] Initializing the chain validator.
2026-09-29 21:57:56,028 - INFO - [Block Validation] Validatiing the block 0.
2026-09-29 21:57:56,028 - INFO - [Block Validation] The block 0 is valid.
2026-09-29 21:57:56,028 - INFO - [Chain Validation] Chain is valid.
2026-09-29 21:57:56,029 - INFO - [Chain Validation] Initializing the chain validator.
2026-09-29 21:57:56,030 - INFO - [Block Validation] Validatiing the block 0.
2026-09-29 21:57:56,030 - INFO - [Block Validation] The block 0 is valid.
2026-09-29 21:57:56,030 - INFO - [Chain Validation] Chain is valid.
2026-09-29 21:57:57,353 - INFO - [Chain Validation] Initializing the chain validator.
2026-09-29 21:57:57,354 - INFO - [Block Validation] Validatiing the block 0.
2026-09-29 21:57:57,354 - INFO - [Block Validation] The block 0 is valid.
2026-09-29 21:57:57,354 - INFO - [Chain Validation] Chain is valid.
2026-09-29 21:57:57,355 - INFO - [Chain Validation] Initializing the chain validator.
2026-09-29 21:57:57,355 - INFO - [Block Validation] Validatiing the block 0.
2026-09-29 21:57:57,356 - INFO - [Block Validation] The block 0 is valid.
2026-09-29 21:57:57,356 - INFO - [Chain Validation] Chain is valid.
2026-09-29 21:57:57,455 - INFO - [Chain Validation] Initializing the chain validator.
2026-09-29 21:57:57,458 - INFO - [Block Validation] Validatiing the block 0.
2026-09-29 21:57:57,459 - INFO - [Block Validation] The block 0 is valid.
2026-09-29 21:57:57,460 - INFO - [Chain Validation] Chain is valid.
2026-09-29 21:57:57,467 - INFO - [Chain Validation] Initializing the chain validator.
2026-09-29 21:57:57,467 - INFO - [Block Validation] Validatiing the block 0.
2026-09-29 21:57:57,468 - INFO - [Block Validation] The block 0 is valid.
2026-09-29 21:57:57,468 - INFO - [Chain Validation] Chain is valid.
2026-09-29 21:57:57,468 - INFO - [Chain Validation] Initializing the chain validator.
2026-09-29 21:57:57,469 - INFO - [Block Validation] Validatiing the block 0.
2026-09-29 21:57:57,469 - INFO - [Block Validation] The block 0 is valid.
2026-09-29 21:57:57,469 - INFO - [Chain Validation] Chain is valid.
2026-09-29 21:57:57,469 - INFO - [Chain Validation] Initializing the chain validator.
2026-09-29 21:57:57,470 - INFO - [Block Validation] Validatiing the block 0.
2026-09-29 21:57:57,470 - INFO - [Block Validation] The block 0 is valid.
2026-09-29 21:57:57,470 - INFO - [Chain Validation] Chain is valid.
2026-09-29 21:57:58,355 - INFO - [Miner]Mining block 1...
2026-09-29 21:57:59,841 - INFO - [Miner] Block 1 mined after 99920 attempts. Nonce: 99920
2026-09-29 21:57:59,940 - INFO - [Block Validation] Validatiing the block 0.
2026-09-29 21:57:59,941 - INFO - [Block Validation] The block 0 is valid.
2026-09-29 21:57:59,941 - INFO - [Chain Validation] Chain is valid.
2026-09-29 21:57:59,943 - INFO - Block with CHID {'user': {'name': 'User-LINE', 'nationalNumber': 6006, 'phone': 1, 'age': 25, 'email': 'test@bc.io', 'birth': '', 'HID': 'd574603b39726843bd4abb3ecc76458f81a95aeabe9a564b79119f1c786761ac'}, 'credential': {'image': '', 'credentialID': 6, 'CID': '1fc8c4bc48a39c1587ac2826279b14bb717c505ac3691f8cd0120b7c78370800', 'metadata': {'documentTitle': None, 'documentType': None, 'documentFormat': None, 'documentContentSize': 0}}, 'issuer': {'name': 'Auth-LINE', 'businessID': 60, 'AUTHID': '02d484ebee985d3af80a678566e72309fb45eefd0bf3b57d725d8d3257ee38a0'}, 'chid': '585d29d9dd988e7dc2642aaab9a25907c29f4b9125e8f7f1f5cec6ca4be085b8'} inserted successfully. 
2026-09-29 21:57:59,945 - INFO - [Block Validation] Validatiing the block 1.
2026-09-29 21:57:59,945 - INFO - [Block Validation] The block 1 is valid.
2026-09-29 21:57:59,946 - INFO - [Block Validation] Validatiing the block 0.
2026-09-29 21:57:59,947 - INFO - [Block Validation] The block 0 is valid.
2026-09-29 21:57:59,947 - INFO - [Chain Validation] Chain is valid.
2026-09-29 21:57:59,949 - INFO - Block with CHID {'user': {'name': 'User-LINE', 'nationalNumber': 6006, 'phone': 1, 'age': 25, 'email': 'test@bc.io', 'birth': '', 'HID': 'd574603b39726843bd4abb3ecc76458f81a95aeabe9a564b79119f1c786761ac'}, 'credential': {'image': '', 'credentialID': 6, 'CID': '1fc8c4bc48a39c1587ac2826279b14bb717c505ac3691f8cd0120b7c78370800', 'metadata': {'documentTitle': None, 'documentType': None, 'documentFormat': None, 'documentContentSize': 0}}, 'issuer': {'name': 'Auth-LINE', 'businessID': 60, 'AUTHID': '02d484ebee985d3af80a678566e72309fb45eefd0bf3b57d725d8d3257ee38a0'}, 'chid': '585d29d9dd988e7dc2642aaab9a25907c29f4b9125e8f7f1f5cec6ca4be085b8'} inserted successfully. 
2026-09-29 21:57:59,949 - INFO - [Block Validation] Received block 1 inserted.
2026-09-29 21:57:59,951 - INFO - [Block Validation] Validatiing the block 1.
2026-09-29 21:57:59,952 - INFO - [Block Validation] The block 1 is valid.
2026-09-29 21:57:59,953 - INFO - [Block Validation] Validatiing the block 0.
2026-09-29 21:57:59,954 - INFO - [Block Validation] The block 0 is valid.
2026-09-29 21:57:59,954 - INFO - [Chain Validation] Chain is valid.
2026-09-29 21:57:59,956 - INFO - Block with CHID {'user': {'name': 'User-LINE', 'nationalNumber': 6006, 'phone': 1, 'age': 25, 'email': 'test@bc.io', 'birth': '', 'HID': 'd574603b39726843bd4abb3ecc76458f81a95aeabe9a564b79119f1c786761ac'}, 'credential': {'image': '', 'credentialID': 6, 'CID': '1fc8c4bc48a39c1587ac2826279b14bb717c505ac3691f8cd0120b7c78370800', 'metadata': {'documentTitle': None, 'documentType': None, 'documentFormat': None, 'documentContentSize': 0}}, 'issuer': {'name': 'Auth-LINE', 'businessID': 60, 'AUTHID': '02d484ebee985d3af80a678566e72309fb45eefd0bf3b57d725d8d3257ee38a0'}, 'chid': '585d29d9dd988e7dc2642aaab9a25907c29f4b9125e8f7f1f5cec6ca4be085b8'} inserted successfully. 
2026-09-29 21:57:59,956 - INFO - [Block Validation] Received block 1 inserted.
2026-09-29 21:58:02,890 - INFO - [Chain Validation] Initializing the chain validator.
2026-09-29 21:58:02,894 - INFO - [Miner]Mining block 0...
2026-09-29 21:58:03,727 - INFO - [Miner] Block 0 mined after 36254 attempts. Nonce: 36254
2026-09-29 21:58:03,827 - WARNING - [Chain Validation] Cannot validate. The ledger is empty.
2026-09-29 21:58:03,869 - INFO - Block with CHID {'user': {'name': 'Gensis-Block', 'nationalNumber': 0, 'phone': 0, 'age': 0, 'email': 'gensis@blockchain.io', 'birth': '', 'HID': '86b9cfefa3624e99ed49d4b95a65292e3ae59d1acc02e31aa391003979282fe0'}, 'credential': {'image': '', 'credentialID': 0, 'CID': 'be73143655a54956d57ca963bfd4e8437ee884b7a022d790d98afcd91066c65b', 'metadata': {'documentTitle': None, 'documentType': None, 'documentFormat': None, 'documentContentSize': 0}}, 'issuer': {'name': '', 'businessID': 0, 'AUTHID': '4930fe69eb193324e64c25a851e6c18f3b53657dfcda11c817fc34c450ff953d'}, 'chid': '57a5fa2eabd461db6913d2f6da58ef6fa9222530e0194e0334b3a1d22019344d'} inserted successfully. 
2026-09-29 21:58:04,449 - INFO - [Block Validation] Validatiing the block 0.
2026-09-29 21:58:04,449 - INFO - [Block Validation] The block 0 is valid.
2026-09-29 21:58:04,449 - INFO - [Chain Validation] Chain is valid.
2026-09-29 21:58:04,633 - DEBUG - Using proactor: IocpProactor
2026-09-29 21:58:07,402 - INFO - [Chain Validation] Initializing the chain validator.
2026-09-29 21:58:07,409 - INFO - [Miner]Mining block 0...
2026-09-29 21:58:08,072 - INFO - [Miner] Block 0 mined after 36254 attempts. Nonce: 36254
2026-09-29 21:58:08,072 - WARNING - [Chain Validation] Cannot validate. The ledger is empty.
2026-09-29 21:58:08,076 - INFO - Block with CHID {'user': {'name': 'Gensis-Block', 'nationalNumber': 0, 'phone': 0, 'age': 0, 'email': 'gensis@blockchain.io', 'birth': '', 'HID': '86b9cfefa3624e99ed49d4b95a65292e3ae59d1acc02e31aa391003979282fe0'}, 'credential': {'image': '', 'credentialID': 0, 'CID': 'be73143655a54956d57ca963bfd4e8437ee884b7a022d790d98afcd91066c65b', 'metadata': {'documentTitle': None, 'documentType': None, 'documentFormat': None, 'documentContentSize': 0}}, 'issuer': {'name': '', 'businessID': 0, 'AUTHID': '4930fe69eb193324e64c25a851e6c18f3b53657dfcda11c817fc34c450ff953d'}, 'chid': '57a5fa2eabd461db6913d2f6da58ef6fa9222530e0194e0334b3a1d22019344d'} inserted successfully. 
2026-09-29 21:58:08,148 - INFO - [Block Validation] Validatiing the block 0.
2026-09-29 21:58:08,149 - INFO - [Block Validation] The block 0 is valid.
2026-09-29 21:58:08,149 - INFO - [Chain Validation] Chain is valid.
2026-09-29 21:58:08,309 - DEBUG - Using proactor: IocpProactor
2026-09-29 21:58:10,799 - INFO - [Chain Validation] Initializing the chain validator.
2026-09-29 21:58:10,802 - INFO - [Miner]Mining block 0...
2026-09-29 21:58:11,482 - INFO - [Miner] Block 0 mined after 36254 attempts. Nonce: 36254
2026-09-29 21:58:11,483 - WARNING - [Chain Validation] Cannot validate. The ledger is empty.
2026-09-29 21:58:11,485 - INFO - Block with CHID {'user': {'name': 'Gensis-Block', 'nationalNumber': 0, 'phone': 0, 'age': 0, 'email': 'gensis@blockchain.io', 'birth': '', 'HID': '86b9cfefa3624e99ed49d4b95a65292e3ae59d1acc02e31aa391003979282fe0'}, 'credential': {'image': '', 'credentialID': 0, 'CID': 'be73143655a54956d57ca963bfd4e8437ee884b7a022d790d98afcd91066c65b', 'metadata': {'documentTitle': None, 'documentType': None, 'documentFormat': None, 'documentContentSize': 0}}, 'issuer': {'name': '', 'businessID': 0, 'AUTHID': '4930fe69eb193324e64c25a851e6c18f3b53657dfcda11c817fc34c450ff953d'}, 'chid': '57a5fa2eabd461db6913d2f6da58ef6fa9222530e0194e0334b3a1d22019344d'} inserted successfully. 
2026-09-29 21:58:11,536 - INFO - [Block Validation] Validatiing the block 0.
2026-09-29 21:58:11,536 - INFO - [Block Validation] The block 0 is valid.
2026-09-29 21:58:11,537 - INFO - [Chain Validation] Chain is valid.
2026-09-29 21:58:11,835 - DEBUG - Using proactor: IocpProactor
2026-09-29 21:58:14,832 - INFO - [Chain Validation] Initializing the chain validator.
2026-09-29 21:58:14,834 - INFO - [Block Validation] Validatiing the block 0.
2026-09-29 21:58:14,835 - INFO - [Block Validation] The block 0 is valid.
2026-09-29 21:58:14,835 - INFO - [Chain Validation] Chain is valid.
2026-09-29 21:58:14,843 - INFO - [Chain Validation] Initializing the chain validator.
2026-09-29 21:58:14,844 - INFO - [Block Validation] Validatiing the block 0.
2026-09-29 21:58:14,844 - INFO - [Block Validation] The block 0 is valid.
2026-09-29 21:58:14,844 - INFO - [Chain Validation] Chain is valid.
2026-09-29 21:58:14,844 - INFO - [Chain Validation] Initializing the chain validator.
2026-09-29 21:58:14,845 - INFO - [Block Validation] Validatiing the block 0.
2026-09-29 21:58:14,845 - INFO - [Block Validation] The block 0 is valid.
2026-09-29 21:58:14,845 - INFO - [Chain Validation] Chain is valid.
2026-09-29 21:58:16,014 - INFO - [Chain Validation] Initializing the chain validator.
2026-09-29 21:58:16,015 - INFO - [Block Validation] Validatiing the block 0.
2026-09-29 21:58:16,016 - INFO - [Block Validation] The block 0 is valid.
2026-09-29 21:58:16,016 - INFO - [Chain Validation] Chain is valid.
2026-09-29 21:58:16,017 - INFO - [Chain Validation] Initializing the chain validator.
2026-09-29 21:58:16,018 - INFO - [Block Validation] Validatiing the block 0.
2026-09-29 21:58:16,018 - INFO - [Block Validation] The block 0 is valid.
2026-09-29 21:58:16,018 - INFO - [Chain Validation] Chain is valid.
2026-09-29 21:58:16,020 - INFO - [Chain Validation] Initializing the chain validator.
2026-09-29 21:58:16,022 - INFO - [Block Validation] Validatiing the block 0.
2026-09-29 21:58:16,024 - INFO - [Block Validation] The block 0 is valid.
2026-09-29 21:58:16,024 - INFO - [Chain Validation] Chain is valid.
2026-09-29 21:58:16,069 - INFO - [Chain Validation] Initializing the chain validator.
2026-09-29 21:58:16,072 - INFO - [Block Validation] Validatiing the block 0.
2026-09-29 21:58:16,075 - INFO - [Block Validation] The block 0 is valid.
2026-09-29 21:58:16,075 - INFO - [Chain Validation] Chain is valid.
2026-09-29 21:58:16,076 - INFO - [Chain Validation] Initializing the chain validator.
2026-09-29 21:58:16,077 - INFO - [Block Validation] Validatiing the block 0.
2026-09-29 21:58:16,077 - INFO - [Block Validation] The block 0 is valid.
2026-09-29 21:58:16,077 - INFO - [Chain Validation] Chain is valid.
2026-09-29 21:58:16,078 - INFO - [Chain Validation] Initializing the chain validator.
2026-09-29 21:58:16,078 - INFO - [Block Validation] Validatiing the block 0.
2026-09-29 21:58:16,079 - INFO - [Block Validation] The block 0 is valid.
2026-09-29 21:58:16,079 - INFO - [Chain Validation] Chain is valid.
2026-09-29 21:58:17,130 - INFO - [Chain Validation] Initializing the chain validator.
2026-09-29 21:58:17,131 - INFO - [Block Validation] Validatiing the block 0.
2026-09-29 21:58:17,132 - INFO - [Block Validation] The block 0 is valid.
2026-09-29 21:58:17,132 - INFO - [Chain Validation] Chain is valid.
2026-09-29 21:58:17,133 - INFO - [Chain Validation] Initializing the chain validator.
2026-09-29 21:58:17,134 - INFO - [Block Validation] Validatiing the block 0.
2026-09-29 21:58:17,134 - INFO - [Block Validation] The block 0 is valid.
2026-09-29 21:58:17,135 - INFO - [Chain Validation] Chain is valid.
2026-09-29 21:58:17,145 - INFO - [Chain Validation] Initializing the chain validator.
2026-09-29 21:58:17,147 - INFO - [Block Validation] Validatiing the block 0.
2026-09-29 21:58:17,147 - INFO - [Block Validation] The block 0 is valid.
2026-09-29 21:58:17,147 - INFO - [Chain Validation] Chain is valid.
2026-09-29 21:58:17,148 - INFO - [Chain Validation] Initializing the chain validator.
2026-09-29 21:58:17,149 - INFO - [Block Validation] Validatiing the block 0.
2026-09-29 21:58:17,150 - INFO - [Block Validation] The block 0 is valid.
2026-09-29 21:58:17,151 - INFO - [Chain Validation] Chain is valid.
2026-09-29 21:58:17,151 - INFO - [Chain Validation] Initializing the chain validator.
2026-09-29 21:58:17,152 - INFO - [Block Validation] Validatiing the block 0.
2026-09-29 21:58:17,152 - INFO - [Block Validation] The block 0 is valid.
2026-09-29 21:58:17,152 - INFO - [Chain Validation] Chain is valid.
2026-09-29 21:58:17,153 - INFO - [Chain Validation] Initializing the chain validator.
2026-09-29 21:58:17,153 - INFO - [Block Validation] Validatiing the block 0.
2026-09-29 21:58:17,154 - INFO - [Block Validation] The block 0 is valid.
2026-09-29 21:58:17,154 - INFO - [Chain Validation] Chain is valid.
2026-09-29 21:58:18,185 - INFO - [Miner]Mining block 1...
2026-09-29 21:58:18,508 - INFO - [Miner] Block 1 mined after 13460 attempts. Nonce: 13460
2026-09-29 21:58:18,515 - INFO - [Block Validation] Validatiing the block 0.
2026-09-29 21:58:18,515 - INFO - [Block Validation] The block 0 is valid.
2026-09-29 21:58:18,515 - INFO - [Chain Validation] Chain is valid.
2026-09-29 21:58:18,518 - INFO - Block with CHID {'user': {'name': 'User-NOLOOP', 'nationalNumber': 7007, 'phone': 1, 'age': 25, 'email': 'test@bc.io', 'birth': '', 'HID': '9204bb0f3d33e62f3212261b7abf027426a6b20fa8ccd1f2c4a7538ed28c8b04'}, 'credential': {'image': '', 'credentialID': 7, 'CID': '5195534e1474704f2e4833c44fcc20ab8065a4a611467d50ead1cc7b0027108c', 'metadata': {'documentTitle': None, 'documentType': None, 'documentFormat': None, 'documentContentSize': 0}}, 'issuer': {'name': 'Auth-NOLOOP', 'businessID': 70, 'AUTHID': 'f7e5f182cca39dd55720473fcc4dc4814d6de1e09319cd582e5e8ebcb3a39af9'}, 'chid': 'da88bcdc04f2dcb2046c40a646c90e5ec832affc116ccfc5b4836b49f1c6b5ff'} inserted successfully. 
2026-09-29 21:58:18,520 - INFO - [Block Validation] Validatiing the block 1.
2026-09-29 21:58:18,520 - INFO - [Block Validation] The block 1 is valid.
2026-09-29 21:58:18,522 - INFO - [Block Validation] Validatiing the block 0.
2026-09-29 21:58:18,524 - INFO - [Block Validation] The block 0 is valid.
2026-09-29 21:58:18,524 - INFO - [Chain Validation] Chain is valid.
2026-09-29 21:58:18,523 - INFO - [Block Validation] Validatiing the block 1.
2026-09-29 21:58:18,524 - INFO - [Block Validation] The block 1 is valid.
2026-09-29 21:58:18,525 - INFO - [Block Validation] Validatiing the block 0.
2026-09-29 21:58:18,526 - INFO - [Block Validation] The block 0 is valid.
2026-09-29 21:58:18,527 - INFO - [Chain Validation] Chain is valid.
2026-09-29 21:58:18,527 - INFO - Block with CHID {'user': {'name': 'User-NOLOOP', 'nationalNumber': 7007, 'phone': 1, 'age': 25, 'email': 'test@bc.io', 'birth': '', 'HID': '9204bb0f3d33e62f3212261b7abf027426a6b20fa8ccd1f2c4a7538ed28c8b04'}, 'credential': {'image': '', 'credentialID': 7, 'CID': '5195534e1474704f2e4833c44fcc20ab8065a4a611467d50ead1cc7b0027108c', 'metadata': {'documentTitle': None, 'documentType': None, 'documentFormat': None, 'documentContentSize': 0}}, 'issuer': {'name': 'Auth-NOLOOP', 'businessID': 70, 'AUTHID': 'f7e5f182cca39dd55720473fcc4dc4814d6de1e09319cd582e5e8ebcb3a39af9'}, 'chid': 'da88bcdc04f2dcb2046c40a646c90e5ec832affc116ccfc5b4836b49f1c6b5ff'} inserted successfully. 
2026-09-29 21:58:18,528 - INFO - [Block Validation] Received block 1 inserted.
2026-09-29 21:58:18,530 - INFO - Block with CHID {'user': {'name': 'User-NOLOOP', 'nationalNumber': 7007, 'phone': 1, 'age': 25, 'email': 'test@bc.io', 'birth': '', 'HID': '9204bb0f3d33e62f3212261b7abf027426a6b20fa8ccd1f2c4a7538ed28c8b04'}, 'credential': {'image': '', 'credentialID': 7, 'CID': '5195534e1474704f2e4833c44fcc20ab8065a4a611467d50ead1cc7b0027108c', 'metadata': {'documentTitle': None, 'documentType': None, 'documentFormat': None, 'documentContentSize': 0}}, 'issuer': {'name': 'Auth-NOLOOP', 'businessID': 70, 'AUTHID': 'f7e5f182cca39dd55720473fcc4dc4814d6de1e09319cd582e5e8ebcb3a39af9'}, 'chid': 'da88bcdc04f2dcb2046c40a646c90e5ec832affc116ccfc5b4836b49f1c6b5ff'} inserted successfully. 
2026-09-29 21:58:18,531 - INFO - [Block Validation] Received block 1 inserted.
2026-09-29 21:58:23,314 - INFO - [Chain Validation] Initializing the chain validator.
2026-09-29 21:58:23,316 - INFO - [Miner]Mining block 0...
2026-09-29 21:58:24,815 - INFO - [Miner] Block 0 mined after 36254 attempts. Nonce: 36254
2026-09-29 21:58:24,817 - WARNING - [Chain Validation] Cannot validate. The ledger is empty.
2026-09-29 21:58:24,957 - INFO - Block with CHID {'user': {'name': 'Gensis-Block', 'nationalNumber': 0, 'phone': 0, 'age': 0, 'email': 'gensis@blockchain.io', 'birth': '', 'HID': '86b9cfefa3624e99ed49d4b95a65292e3ae59d1acc02e31aa391003979282fe0'}, 'credential': {'image': '', 'credentialID': 0, 'CID': 'be73143655a54956d57ca963bfd4e8437ee884b7a022d790d98afcd91066c65b', 'metadata': {'documentTitle': None, 'documentType': None, 'documentFormat': None, 'documentContentSize': 0}}, 'issuer': {'name': '', 'businessID': 0, 'AUTHID': '4930fe69eb193324e64c25a851e6c18f3b53657dfcda11c817fc34c450ff953d'}, 'chid': '57a5fa2eabd461db6913d2f6da58ef6fa9222530e0194e0334b3a1d22019344d'} inserted successfully. 
2026-09-29 21:58:25,474 - INFO - [Block Validation] Validatiing the block 0.
2026-09-29 21:58:25,474 - INFO - [Block Validation] The block 0 is valid.
2026-09-29 21:58:25,475 - INFO - [Chain Validation] Chain is valid.
2026-09-29 21:58:25,875 - INFO - [Chain Validation] Initializing the chain validator.
2026-09-29 21:58:25,877 - INFO - [Miner]Mining block 0...
2026-09-29 21:58:26,862 - INFO - [Miner] Block 0 mined after 36254 attempts. Nonce: 36254
2026-09-29 21:58:26,863 - WARNING - [Chain Validation] Cannot validate. The ledger is empty.
2026-09-29 21:58:26,865 - INFO - Block with CHID {'user': {'name': 'Gensis-Block', 'nationalNumber': 0, 'phone': 0, 'age': 0, 'email': 'gensis@blockchain.io', 'birth': '', 'HID': '86b9cfefa3624e99ed49d4b95a65292e3ae59d1acc02e31aa391003979282fe0'}, 'credential': {'image': '', 'credentialID': 0, 'CID': 'be73143655a54956d57ca963bfd4e8437ee884b7a022d790d98afcd91066c65b', 'metadata': {'documentTitle': None, 'documentType': None, 'documentFormat': None, 'documentContentSize': 0}}, 'issuer': {'name': '', 'businessID': 0, 'AUTHID': '4930fe69eb193324e64c25a851e6c18f3b53657dfcda11c817fc34c450ff953d'}, 'chid': '57a5fa2eabd461db6913d2f6da58ef6fa9222530e0194e0334b3a1d22019344d'} inserted successfully. 
2026-09-29 21:58:26,895 - INFO - [Block Validation] Validatiing the block 0.
2026-09-29 21:58:26,895 - INFO - [Block Validation] The block 0 is valid.
2026-09-29 21:58:26,895 - INFO - [Chain Validation] Chain is valid.
2026-09-29 21:58:26,906 - INFO - [Chain Validation] Initializing the chain validator.
2026-09-29 21:58:26,908 - INFO - [Miner]Mining block 0...
2026-09-29 21:58:27,838 - INFO - [Miner] Block 0 mined after 36254 attempts. Nonce: 36254
2026-09-29 21:58:27,838 - WARNING - [Chain Validation] Cannot validate. The ledger is empty.
2026-09-29 21:58:27,840 - INFO - Block with CHID {'user': {'name': 'Gensis-Block', 'nationalNumber': 0, 'phone': 0, 'age': 0, 'email': 'gensis@blockchain.io', 'birth': '', 'HID': '86b9cfefa3624e99ed49d4b95a65292e3ae59d1acc02e31aa391003979282fe0'}, 'credential': {'image': '', 'credentialID': 0, 'CID': 'be73143655a54956d57ca963bfd4e8437ee884b7a022d790d98afcd91066c65b', 'metadata': {'documentTitle': None, 'documentType': None, 'documentFormat': None, 'documentContentSize': 0}}, 'issuer': {'name': '', 'businessID': 0, 'AUTHID': '4930fe69eb193324e64c25a851e6c18f3b53657dfcda11c817fc34c450ff953d'}, 'chid': '57a5fa2eabd461db6913d2f6da58ef6fa9222530e0194e0334b3a1d22019344d'} inserted successfully. 
2026-09-29 21:58:27,927 - INFO - [Block Validation] Validatiing the block 0.
2026-09-29 21:58:27,928 - INFO - [Block Validation] The block 0 is valid.
2026-09-29 21:58:27,929 - INFO - [Chain Validation] Chain is valid.
2026-09-29 21:58:27,930 - INFO - [Miner]Mining block 1...
2026-09-29 21:58:35,041 - INFO - [Miner] Block 1 mined after 263556 attempts. Nonce: 263556
2026-09-29 21:58:35,042 - INFO - [Block Validation] Validatiing the block 0.
2026-09-29 21:58:35,043 - INFO - [Block Validation] The block 0 is valid.
2026-09-29 21:58:35,043 - INFO - [Chain Validation] Chain is valid.
2026-09-29 21:58:35,044 - INFO - Block with CHID {'user': {'name': 'Test', 'nationalNumber': 1, 'phone': 1, 'age': 20, 'email': 'test@bc.io', 'birth': '', 'HID': 'c81ee803e0b4d22ec53f3c9570d7d3aeb35b4c08f621b6ae8aec5c2acbd04cfc'}, 'credential': {'image': '', 'credentialID': 1, 'CID': '7f384ef9d1d01fb1be4b80cbab80e5a4fc6f7ba72faf78fe5db2bc1eb24ada5b', 'metadata': {'documentTitle': None, 'documentType': None, 'documentFormat': None, 'documentContentSize': 0}}, 'issuer': {'name': 'TestAuth', 'businessID': 1, 'AUTHID': '23a42193fc0960eeefa88e280cdd06ac4474aec773e1e92c69621cba17a57884'}, 'chid': 'b37b57b87e34551147466414755e88cf3d0bdd84a680ed5950eb367730d278c1'} inserted successfully. 
2026-09-29 21:58:35,196 - INFO - [Chain Validation] Initializing the chain validator.
2026-09-29 21:58:35,201 - INFO - [Miner]Mining block 0...
2026-09-29 21:58:35,871 - INFO - [Miner] Block 0 mined after 36254 attempts. Nonce: 36254
2026-09-29 21:58:35,872 - WARNING - [Chain Validation] Cannot validate. The ledger is empty.
2026-09-29 21:58:35,873 - INFO - Block with CHID {'user': {'name': 'Gensis-Block', 'nationalNumber': 0, 'phone': 0, 'age': 0, 'email': 'gensis@blockchain.io', 'birth': '', 'HID': '86b9cfefa3624e99ed49d4b95a65292e3ae59d1acc02e31aa391003979282fe0'}, 'credential': {'image': '', 'credentialID': 0, 'CID': 'be73143655a54956d57ca963bfd4e8437ee884b7a022d790d98afcd91066c65b', 'metadata': {'documentTitle': None, 'documentType': None, 'documentFormat': None, 'documentContentSize': 0}}, 'issuer': {'name': '', 'businessID': 0, 'AUTHID': '4930fe69eb193324e64c25a851e6c18f3b53657dfcda11c817fc34c450ff953d'}, 'chid': '57a5fa2eabd461db6913d2f6da58ef6fa9222530e0194e0334b3a1d22019344d'} inserted successfully. 
2026-09-29 21:58:35,928 - INFO - [Block Validation] Validatiing the block 0.
2026-09-29 21:58:35,928 - INFO - [Block Validation] The block 0 is valid.
2026-09-29 21:58:35,928 - INFO - [Chain Validation] Chain is valid.
2026-09-29 21:58:35,929 - INFO - [Miner]Mining block 1...
2026-09-29 21:58:41,723 - INFO - [Miner] Block 1 mined after 263556 attempts. Nonce: 263556
2026-09-29 21:58:41,726 - INFO - [Block Validation] Validatiing the block 0.
2026-09-29 21:58:41,726 - INFO - [Block Validation] The block 0 is valid.
2026-09-29 21:58:41,727 - INFO - [Chain Validation] Chain is valid.
2026-09-29 21:58:41,728 - INFO - Block with CHID {'user': {'name': 'Test', 'nationalNumber': 1, 'phone': 1, 'age': 20, 'email': 'test@bc.io', 'birth': '', 'HID': 'c81ee803e0b4d22ec53f3c9570d7d3aeb35b4c08f621b6ae8aec5c2acbd04cfc'}, 'credential': {'image': '', 'credentialID': 1, 'CID': '7f384ef9d1d01fb1be4b80cbab80e5a4fc6f7ba72faf78fe5db2bc1eb24ada5b', 'metadata': {'documentTitle': None, 'documentType': None, 'documentFormat': None, 'documentContentSize': 0}}, 'issuer': {'name': 'TestAuth', 'businessID': 1, 'AUTHID': '23a42193fc0960eeefa88e280cdd06ac4474aec773e1e92c69621cba17a57884'}, 'chid': 'b37b57b87e34551147466414755e88cf3d0bdd84a680ed5950eb367730d278c1'} inserted successfully. 
2026-09-29 21:58:41,729 - INFO - [Chain Validation] Initializing the chain validator.
2026-09-29 21:58:41,753 - INFO - [Block Validation] Validatiing the block 0.
2026-09-29 21:58:41,753 - INFO - [Block Validation] The block 0 is valid.
2026-09-29 21:58:41,754 - INFO - [Block Validation] Validatiing the block 1.
2026-09-29 21:58:41,755 - INFO - [Block Validation] The block 1 is valid.
2026-09-29 21:58:41,755 - INFO - [Chain Validation] Chain is valid.
2026-09-29 21:58:41,862 - INFO - [Chain Validation] Initializing the chain validator.
2026-09-29 21:58:41,873 - INFO - [Chain Validation] Initializing the chain validator.
2026-09-29 21:58:41,883 - INFO - [Chain Validation] Initializing the chain validator.
2026-09-29 21:58:41,885 - INFO - [Miner]Mining block 0...
2026-09-29 21:58:42,612 - INFO - [Miner] Block 0 mined after 36254 attempts. Nonce: 36254
2026-09-29 21:58:42,613 - WARNING - [Chain Validation] Cannot validate. The ledger is empty.
2026-09-29 21:58:42,614 - INFO - Block with CHID {'user': {'name': 'Gensis-Block', 'nationalNumber': 0, 'phone': 0, 'age': 0, 'email': 'gensis@blockchain.io', 'birth': '', 'HID': '86b9cfefa3624e99ed49d4b95a65292e3ae59d1acc02e31aa391003979282fe0'}, 'credential': {'image': '', 'credentialID': 0, 'CID': 'be73143655a54956d57ca963bfd4e8437ee884b7a022d790d98afcd91066c65b', 'metadata': {'documentTitle': None, 'documentType': None, 'documentFormat': None, 'documentContentSize': 0}}, 'issuer': {'name': '', 'businessID': 0, 'AUTHID': '4930fe69eb193324e64c25a851e6c18f3b53657dfcda11c817fc34c450ff953d'}, 'chid': '57a5fa2eabd461db6913d2f6da58ef6fa9222530e0194e0334b3a1d22019344d'} inserted successfully. 
2026-09-29 21:58:42,644 - INFO - [Block Validation] Validatiing the block 0.
2026-09-29 21:58:42,644 - INFO - [Block Validation] The block 0 is valid.
2026-09-29 21:58:42,644 - INFO - [Chain Validation] Chain is valid.
2026-09-29 21:58:42,644 - INFO - [Miner]Mining block 1...
2026-09-29 21:58:48,598 - INFO - [Miner] Block 1 mined after 263556 attempts. Nonce: 263556
2026-09-29 21:58:48,599 - INFO - [Block Validation] Validatiing the block 0.
2026-09-29 21:58:48,600 - INFO - [Block Validation] The block 0 is valid.
2026-09-29 21:58:48,600 - INFO - [Chain Validation] Chain is valid.
2026-09-29 21:58:48,601 - INFO - Block with CHID {'user': {'name': 'Test', 'nationalNumber': 1, 'phone': 1, 'age': 20, 'email': 'test@bc.io', 'birth': '', 'HID': 'c81ee803e0b4d22ec53f3c9570d7d3aeb35b4c08f621b6ae8aec5c2acbd04cfc'}, 'credential': {'image': '', 'credentialID': 1, 'CID': '7f384ef9d1d01fb1be4b80cbab80e5a4fc6f7ba72faf78fe5db2bc1eb24ada5b', 'metadata': {'documentTitle': None, 'documentType': None, 'documentFormat': None, 'documentContentSize': 0}}, 'issuer': {'name': 'TestAuth', 'businessID': 1, 'AUTHID': '23a42193fc0960eeefa88e280cdd06ac4474aec773e1e92c69621cba17a57884'}, 'chid': 'b37b57b87e34551147466414755e88cf3d0bdd84a680ed5950eb367730d278c1'} inserted successfully. 
2026-09-29 21:58:48,613 - INFO - [Chain Validation] Initializing the chain validator.
2026-09-29 21:58:48,614 - INFO - [Miner]Mining block 0...
2026-09-29 21:58:49,325 - INFO - [Miner] Block 0 mined after 36254 attempts. Nonce: 36254
2026-09-29 21:58:49,326 - WARNING - [Chain Validation] Cannot validate. The ledger is empty.
2026-09-29 21:58:49,328 - INFO - Block with CHID {'user': {'name': 'Gensis-Block', 'nationalNumber': 0, 'phone': 0, 'age': 0, 'email': 'gensis@blockchain.io', 'birth': '', 'HID': '86b9cfefa3624e99ed49d4b95a65292e3ae59d1acc02e31aa391003979282fe0'}, 'credential': {'image': '', 'credentialID': 0, 'CID': 'be73143655a54956d57ca963bfd4e8437ee884b7a022d790d98afcd91066c65b', 'metadata': {'documentTitle': None, 'documentType': None, 'documentFormat': None, 'documentContentSize': 0}}, 'issuer': {'name': '', 'businessID': 0, 'AUTHID': '4930fe69eb193324e64c25a851e6c18f3b53657dfcda11c817fc34c450ff953d'}, 'chid': '57a5fa2eabd461db6913d2f6da58ef6fa9222530e0194e0334b3a1d22019344d'} inserted successfully. 
2026-09-29 21:58:49,371 - INFO - [Block Validation] Validatiing the block 0.
2026-09-29 21:58:49,415 - INFO - [Block Validation] The block 0 is valid.
2026-09-29 21:58:49,415 - INFO - [Chain Validation] Chain is valid.
2026-09-29 21:58:49,416 - INFO - [Miner]Mining block 1...
2026-09-29 21:58:53,494 - INFO - [Miner] Block 1 mined after 263556 attempts. Nonce: 263556
2026-09-29 21:58:53,495 - INFO - [Block Validation] Validatiing the block 0.
2026-09-29 21:58:53,495 - INFO - [Block Validation] The block 0 is valid.
2026-09-29 21:58:53,495 - INFO - [Chain Validation] Chain is valid.
2026-09-29 21:58:53,497 - INFO - Block with CHID {'user': {'name': 'Test', 'nationalNumber': 1, 'phone': 1, 'age': 20, 'email': 'test@bc.io', 'birth': '', 'HID': 'c81ee803e0b4d22ec53f3c9570d7d3aeb35b4c08f621b6ae8aec5c2acbd04cfc'}, 'credential': {'image': '', 'credentialID': 1, 'CID': '7f384ef9d1d01fb1be4b80cbab80e5a4fc6f7ba72faf78fe5db2bc1eb24ada5b', 'metadata': {'documentTitle': None, 'documentType': None, 'documentFormat': None, 'documentContentSize': 0}}, 'issuer': {'name': 'TestAuth', 'businessID': 1, 'AUTHID': '23a42193fc0960eeefa88e280cdd06ac4474aec773e1e92c69621cba17a57884'}, 'chid': 'b37b57b87e34551147466414755e88cf3d0bdd84a680ed5950eb367730d278c1'} inserted successfully. 
2026-09-29 21:58:53,527 - INFO - [Miner]Mining block 2...
2026-09-29 21:58:58,284 - INFO - [Miner] Block 2 mined after 226526 attempts. Nonce: 226526
2026-09-29 21:58:58,286 - INFO - [Block Validation] Validatiing the block 0.
2026-09-29 21:58:58,286 - WARNING - [Block Validation] The block 0 is modified !
2026-09-29 21:58:58,441 - INFO - [Miner]Mining block 0...
2026-09-29 21:59:00,762 - INFO - [Miner] Block 0 mined after 178682 attempts. Nonce: 178682
2026-09-29 21:59:00,783 - INFO - [Miner]Mining block 0...
2026-09-29 21:59:04,120 - INFO - [Miner] Block 0 mined after 178682 attempts. Nonce: 178682
2026-09-29 21:59:04,126 - INFO - [Miner]Mining block 0...
2026-09-29 21:59:08,836 - INFO - [Miner] Block 0 mined after 178682 attempts. Nonce: 178682
2026-09-29 21:59:08,975 - INFO - [Miner]Mining block 0...
2026-09-29 21:59:12,148 - INFO - [Miner] Block 0 mined after 178682 attempts. Nonce: 178682
2026-09-29 21:59:12,149 - INFO - [Miner]Mining block 0...
2026-09-29 21:59:17,212 - INFO - [Miner] Block 0 mined after 178682 attempts. Nonce: 178682
2026-09-29 21:59:17,218 - INFO - [Miner]Mining block 0...
2026-09-29 21:59:21,512 - INFO - [Miner] Block 0 mined after 178682 attempts. Nonce: 178682
2026-09-29 21:59:21,575 - INFO - [Miner]Mining block 0...
2026-09-29 21:59:26,797 - INFO - [Miner] Block 0 mined after 178682 attempts. Nonce: 178682
2026-09-29 21:59:26,841 - INFO - [Miner]Mining block 0...
2026-09-29 21:59:29,899 - INFO - [Miner] Block 0 mined after 178682 attempts. Nonce: 178682
2026-09-29 21:59:29,911 - INFO - [Chain Validation] Initializing the chain validator.
2026-09-29 21:59:30,002 - INFO - [Miner]Mining block 0...
2026-09-29 21:59:30,952 - INFO - [Miner] Block 0 mined after 36254 attempts. Nonce: 36254
2026-09-29 21:59:30,953 - WARNING - [Chain Validation] Cannot validate. The ledger is empty.
2026-09-29 21:59:30,954 - INFO - Block with CHID {'user': {'name': 'Gensis-Block', 'nationalNumber': 0, 'phone': 0, 'age': 0, 'email': 'gensis@blockchain.io', 'birth': '', 'HID': '86b9cfefa3624e99ed49d4b95a65292e3ae59d1acc02e31aa391003979282fe0'}, 'credential': {'image': '', 'credentialID': 0, 'CID': 'be73143655a54956d57ca963bfd4e8437ee884b7a022d790d98afcd91066c65b', 'metadata': {'documentTitle': None, 'documentType': None, 'documentFormat': None, 'documentContentSize': 0}}, 'issuer': {'name': '', 'businessID': 0, 'AUTHID': '4930fe69eb193324e64c25a851e6c18f3b53657dfcda11c817fc34c450ff953d'}, 'chid': '57a5fa2eabd461db6913d2f6da58ef6fa9222530e0194e0334b3a1d22019344d'} inserted successfully. 
2026-09-29 21:59:31,067 - INFO - [Block Validation] Validatiing the block 0.
2026-09-29 21:59:31,067 - INFO - [Block Validation] The block 0 is valid.
2026-09-29 21:59:31,067 - INFO - [Chain Validation] Chain is valid.
2026-09-29 21:59:31,247 - INFO - [Miner]Mining block 1...
2026-09-29 21:59:31,770 - INFO - [Miner] Block 1 mined after 14129 attempts. Nonce: 14129
2026-09-29 21:59:31,772 - INFO - [Block Validation] Validatiing the block 0.
2026-09-29 21:59:31,773 - INFO - [Block Validation] The block 0 is valid.
2026-09-29 21:59:31,774 - INFO - [Chain Validation] Chain is valid.
2026-09-29 21:59:31,777 - INFO - Block with CHID {'user': {'name': 'UserA', 'nationalNumber': 111, 'phone': 1, 'age': 20, 'email': 'test@bc.io', 'birth': '', 'HID': '9f4cde88a98f20e3bd8843fbedc73e92119234c53817d598c6fbe353eb4b9a27'}, 'credential': {'image': '', 'credentialID': 1, 'CID': '7f384ef9d1d01fb1be4b80cbab80e5a4fc6f7ba72faf78fe5db2bc1eb24ada5b', 'metadata': {'documentTitle': None, 'documentType': None, 'documentFormat': None, 'documentContentSize': 0}}, 'issuer': {'name': 'AuthA', 'businessID': 10, 'AUTHID': '92dd4a13a9d1fe7e2a81b238390d924553ac9598b968f9230bc1b60596e16a1c'}, 'chid': '91d3242d808e94e965bca4109795cc96cee7fd1e744f4d90050f68cfe17170bf'} inserted successfully. 
2026-09-29 21:59:31,787 - INFO - [Chain Validation] Initializing the chain validator.
2026-09-29 21:59:31,793 - INFO - [Miner]Mining block 0...
2026-09-29 21:59:32,812 - INFO - [Miner] Block 0 mined after 36254 attempts. Nonce: 36254
2026-09-29 21:59:32,813 - WARNING - [Chain Validation] Cannot validate. The ledger is empty.
2026-09-29 21:59:32,817 - INFO - Block with CHID {'user': {'name': 'Gensis-Block', 'nationalNumber': 0, 'phone': 0, 'age': 0, 'email': 'gensis@blockchain.io', 'birth': '', 'HID': '86b9cfefa3624e99ed49d4b95a65292e3ae59d1acc02e31aa391003979282fe0'}, 'credential': {'image': '', 'credentialID': 0, 'CID': 'be73143655a54956d57ca963bfd4e8437ee884b7a022d790d98afcd91066c65b', 'metadata': {'documentTitle': None, 'documentType': None, 'documentFormat': None, 'documentContentSize': 0}}, 'issuer': {'name': '', 'businessID': 0, 'AUTHID': '4930fe69eb193324e64c25a851e6c18f3b53657dfcda11c817fc34c450ff953d'}, 'chid': '57a5fa2eabd461db6913d2f6da58ef6fa9222530e0194e0334b3a1d22019344d'} inserted successfully. 
2026-09-29 21:59:32,895 - INFO - [Block Validation] Validatiing the block 0.
2026-09-29 21:59:32,896 - INFO - [Block Validation] The block 0 is valid.
2026-09-29 21:59:32,896 - INFO - [Chain Validation] Chain is valid.
2026-09-29 21:59:33,008 - INFO - [Chain Validation] Initializing the chain validator.
2026-09-29 21:59:33,010 - INFO - [Miner]Mining block 0...
2026-09-29 21:59:33,547 - INFO - [Miner] Block 0 mined after 36254 attempts. Nonce: 36254
2026-09-29 21:59:33,547 - WARNING - [Chain Validation] Cannot validate. The ledger is empty.
2026-09-29 21:59:33,550 - INFO - Block with CHID {'user': {'name': 'Gensis-Block', 'nationalNumber': 0, 'phone': 0, 'age': 0, 'email': 'gensis@blockchain.io', 'birth': '', 'HID': '86b9cfefa3624e99ed49d4b95a65292e3ae59d1acc02e31aa391003979282fe0'}, 'credential': {'image': '', 'credentialID': 0, 'CID': 'be73143655a54956d57ca963bfd4e8437ee884b7a022d790d98afcd91066c65b', 'metadata': {'documentTitle': None, 'documentType': None, 'documentFormat': None, 'documentContentSize': 0}}, 'issuer': {'name': '', 'businessID': 0, 'AUTHID': '4930fe69eb193324e64c25a851e6c18f3b53657dfcda11c817fc34c450ff953d'}, 'chid': '57a5fa2eabd461db6913d2f6da58ef6fa9222530e0194e0334b3a1d22019344d'} inserted successfully. 
2026-09-29 21:59:33,663 - INFO - [Block Validation] Validatiing the block 0.
2026-09-29 21:59:33,664 - INFO - [Block Validation] The block 0 is valid.
2026-09-29 21:59:33,664 - INFO - [Chain Validation] Chain is valid.
2026-09-29 21:59:33,768 - INFO - [Chain Validation] Initializing the chain validator.
2026-09-29 21:59:33,771 - INFO - [Miner]Mining block 0...
2026-09-29 21:59:34,484 - INFO - [Miner] Block 0 mined after 36254 attempts. Nonce: 36254
2026-09-29 21:59:34,485 - WARNING - [Chain Validation] Cannot validate. The ledger is empty.
2026-09-29 21:59:34,488 - INFO - Block with CHID {'user': {'name': 'Gensis-Block', 'nationalNumber': 0, 'phone': 0, 'age': 0, 'email': 'gensis@blockchain.io', 'birth': '', 'HID': '86b9cfefa3624e99ed49d4b95a65292e3ae59d1acc02e31aa391003979282fe0'}, 'credential': {'image': '', 'credentialID': 0, 'CID': 'be73143655a54956d57ca963bfd4e8437ee884b7a022d790d98afcd91066c65b', 'metadata': {'documentTitle': None, 'documentType': None, 'documentFormat': None, 'documentContentSize': 0}}, 'issuer': {'name': '', 'businessID': 0, 'AUTHID': '4930fe69eb193324e64c25a851e6c18f3b53657dfcda11c817fc34c450ff953d'}, 'chid': '57a5fa2eabd461db6913d2f6da58ef6fa9222530e0194e0334b3a1d22019344d'} inserted successfully. 
2026-09-29 21:59:34,567 - INFO - [Block Validation] Validatiing the block 0.
2026-09-29 21:59:34,567 - INFO - [Block Validation] The block 0 is valid.
2026-09-29 21:59:34,568 - INFO - [Chain Validation] Chain is valid.
2026-09-29 21:59:34,568 - INFO - [Chain Validation] Initializing the chain validator.
2026-09-29 21:59:34,571 - INFO - [Miner]Mining block 0...
2026-09-29 21:59:35,284 - INFO - [Miner] Block 0 mined after 36254 attempts. Nonce: 36254
2026-09-29 21:59:35,285 - WARNING - [Chain Validation] Cannot validate. The ledger is empty.
2026-09-29 21:59:35,290 - INFO - Block with CHID {'user': {'name': 'Gensis-Block', 'nationalNumber': 0, 'phone': 0, 'age': 0, 'email': 'gensis@blockchain.io', 'birth': '', 'HID': '86b9cfefa3624e99ed49d4b95a65292e3ae59d1acc02e31aa391003979282fe0'}, 'credential': {'image': '', 'credentialID': 0, 'CID': 'be73143655a54956d57ca963bfd4e8437ee884b7a022d790d98afcd91066c65b', 'metadata': {'documentTitle': None, 'documentType': None, 'documentFormat': None, 'documentContentSize': 0}}, 'issuer': {'name': '', 'businessID': 0, 'AUTHID': '4930fe69eb193324e64c25a851e6c18f3b53657dfcda11c817fc34c450ff953d'}, 'chid': '57a5fa2eabd461db6913d2f6da58ef6fa9222530e0194e0334b3a1d22019344d'} inserted successfully. 
2026-09-29 21:59:35,320 - INFO - [Block Validation] Validatiing the block 0.
2026-09-29 21:59:35,320 - INFO - [Block Validation] The block 0 is valid.
2026-09-29 21:59:35,321 - INFO - [Chain Validation] Chain is valid.
2026-09-29 21:59:35,323 - INFO - [Miner]Mining block 1...
2026-09-29 21:59:35,977 - INFO - [Miner] Block 1 mined after 40144 attempts. Nonce: 40144
2026-09-29 21:59:35,978 - INFO - [Block Validation] Validatiing the block 0.
2026-09-29 21:59:35,978 - INFO - [Block Validation] The block 0 is valid.
2026-09-29 21:59:35,978 - INFO - [Chain Validation] Chain is valid.
2026-09-29 21:59:35,979 - INFO - Block with CHID {'user': {'name': 'UserD', 'nationalNumber': 444, 'phone': 1, 'age': 20, 'email': 'test@bc.io', 'birth': '', 'HID': 'e3850ec7afd807b928980920c587fef33ce2966888a1756994faa66f066481bf'}, 'credential': {'image': '', 'credentialID': 4, 'CID': '4908fb8fdf26d9831aaac4644ad546cbf3d009056df5e6447a8a540ad48b4828', 'metadata': {'documentTitle': None, 'documentType': None, 'documentFormat': None, 'documentContentSize': 0}}, 'issuer': {'name': 'AuthD', 'businessID': 40, 'AUTHID': '1805ecaab52f663994fce6a3f780c0cfcb0c8c51a25ba1c59e3364a2a3cb10a1'}, 'chid': 'e9dc8111ec4e6ab79a2aa2004bf9641d313a391261ceed10dd79f0c7ea37f87e'} inserted successfully. 
2026-09-29 21:59:36,083 - INFO - [Chain Validation] Initializing the chain validator.
2026-09-29 21:59:36,163 - INFO - [Miner]Mining block 0...
2026-09-29 21:59:36,855 - INFO - [Miner] Block 0 mined after 36254 attempts. Nonce: 36254
2026-09-29 21:59:36,856 - WARNING - [Chain Validation] Cannot validate. The ledger is empty.
2026-09-29 21:59:36,859 - INFO - Block with CHID {'user': {'name': 'Gensis-Block', 'nationalNumber': 0, 'phone': 0, 'age': 0, 'email': 'gensis@blockchain.io', 'birth': '', 'HID': '86b9cfefa3624e99ed49d4b95a65292e3ae59d1acc02e31aa391003979282fe0'}, 'credential': {'image': '', 'credentialID': 0, 'CID': 'be73143655a54956d57ca963bfd4e8437ee884b7a022d790d98afcd91066c65b', 'metadata': {'documentTitle': None, 'documentType': None, 'documentFormat': None, 'documentContentSize': 0}}, 'issuer': {'name': '', 'businessID': 0, 'AUTHID': '4930fe69eb193324e64c25a851e6c18f3b53657dfcda11c817fc34c450ff953d'}, 'chid': '57a5fa2eabd461db6913d2f6da58ef6fa9222530e0194e0334b3a1d22019344d'} inserted successfully. 
2026-09-29 21:59:36,926 - INFO - [Block Validation] Validatiing the block 0.
2026-09-29 21:59:36,927 - INFO - [Block Validation] The block 0 is valid.
2026-09-29 21:59:36,927 - INFO - [Chain Validation] Chain is valid.
2026-09-29 21:59:36,927 - INFO - [Chain Validation] Initializing the chain validator.
2026-09-29 21:59:36,983 - INFO - [Miner]Mining block 0...
2026-09-29 21:59:37,581 - INFO - [Miner] Block 0 mined after 36254 attempts. Nonce: 36254
2026-09-29 21:59:37,582 - WARNING - [Chain Validation] Cannot validate. The ledger is empty.
2026-09-29 21:59:37,584 - INFO - Block with CHID {'user': {'name': 'Gensis-Block', 'nationalNumber': 0, 'phone': 0, 'age': 0, 'email': 'gensis@blockchain.io', 'birth': '', 'HID': '86b9cfefa3624e99ed49d4b95a65292e3ae59d1acc02e31aa391003979282fe0'}, 'credential': {'image': '', 'credentialID': 0, 'CID': 'be73143655a54956d57ca963bfd4e8437ee884b7a022d790d98afcd91066c65b', 'metadata': {'documentTitle': None, 'documentType': None, 'documentFormat': None, 'documentContentSize': 0}}, 'issuer': {'name': '', 'businessID': 0, 'AUTHID': '4930fe69eb193324e64c25a851e6c18f3b53657dfcda11c817fc34c450ff953d'}, 'chid': '57a5fa2eabd461db6913d2f6da58ef6fa9222530e0194e0334b3a1d22019344d'} inserted successfully. 
2026-09-29 21:59:37,603 - INFO - [Block Validation] Validatiing the block 0.
2026-09-29 21:59:37,603 - INFO - [Block Validation] The block 0 is valid.
2026-09-29 21:59:37,604 - INFO - [Chain Validation] Chain is valid.
2026-09-29 21:59:37,606 - INFO - [Miner]Mining block 1...
2026-09-29 21:59:40,172 - INFO - [Miner] Block 1 mined after 134536 attempts. Nonce: 134536
2026-09-29 21:59:40,173 - INFO - [Block Validation] Validatiing the block 0.
2026-09-29 21:59:40,174 - INFO - [Block Validation] The block 0 is valid.
2026-09-29 21:59:40,174 - INFO - [Chain Validation] Chain is valid.
2026-09-29 21:59:40,175 - INFO - Block with CHID {'user': {'name': 'UserE', 'nationalNumber': 501, 'phone': 1, 'age': 20, 'email': 'test@bc.io', 'birth': '', 'HID': '28c1de928ed64fc557e548fccf6a2ef9fa5c039abfc374b54f838a2055b7b76e'}, 'credential': {'image': '', 'credentialID': 5, 'CID': '2fcaeb068b34deac6567700d01949fa8aaa180b33b775a341944180e07d04ab0', 'metadata': {'documentTitle': None, 'documentType': None, 'documentFormat': None, 'documentContentSize': 0}}, 'issuer': {'name': 'AuthE', 'businessID': 50, 'AUTHID': 'e286e8847b7fb1fc3814f84eb0678f5f6064cd5318ea4a39ea058c26218e2e1e'}, 'chid': 'b9b6a25796660591bc3cf1d1c98e835de482d6852a741d625727088a0b4ccd25'} inserted successfully. 
2026-09-29 21:59:40,271 - INFO - [Miner]Mining block 1...
2026-09-29 21:59:40,277 - INFO - [Miner] Block 1 mined after 939 attempts. Nonce: 939
2026-09-29 21:59:40,277 - INFO - [Block Validation] Validatiing the block 0.
2026-09-29 21:59:40,278 - INFO - [Block Validation] The block 0 is valid.
2026-09-29 21:59:40,279 - INFO - [Chain Validation] Chain is valid.
2026-09-29 21:59:40,280 - INFO - Block with CHID {'user': {'name': 'UserF', 'nationalNumber': 502, 'phone': 1, 'age': 20, 'email': 'test@bc.io', 'birth': '', 'HID': 'ab34de24c04db737c23a565685ac69c14196dbc5bef63905e867b84f27ca7d0a'}, 'credential': {'image': '', 'credentialID': 6, 'CID': '1fc8c4bc48a39c1587ac2826279b14bb717c505ac3691f8cd0120b7c78370800', 'metadata': {'documentTitle': None, 'documentType': None, 'documentFormat': None, 'documentContentSize': 0}}, 'issuer': {'name': 'AuthF', 'businessID': 51, 'AUTHID': '8f32f50efdb148cfa54c8a387bde61a643ccdb3441c83197f3f05f6564aff42a'}, 'chid': 'ed688dde3a59150ea0a2269d84215f588d6bac736493b105bc3353e372336fcb'} inserted successfully. 
2026-09-29 21:59:40,291 - INFO - [Chain Validation] Initializing the chain validator.
2026-09-29 21:59:40,293 - INFO - [Miner]Mining block 0...
2026-09-29 21:59:41,113 - INFO - [Miner] Block 0 mined after 36254 attempts. Nonce: 36254
2026-09-29 21:59:41,113 - WARNING - [Chain Validation] Cannot validate. The ledger is empty.
2026-09-29 21:59:41,115 - INFO - Block with CHID {'user': {'name': 'Gensis-Block', 'nationalNumber': 0, 'phone': 0, 'age': 0, 'email': 'gensis@blockchain.io', 'birth': '', 'HID': '86b9cfefa3624e99ed49d4b95a65292e3ae59d1acc02e31aa391003979282fe0'}, 'credential': {'image': '', 'credentialID': 0, 'CID': 'be73143655a54956d57ca963bfd4e8437ee884b7a022d790d98afcd91066c65b', 'metadata': {'documentTitle': None, 'documentType': None, 'documentFormat': None, 'documentContentSize': 0}}, 'issuer': {'name': '', 'businessID': 0, 'AUTHID': '4930fe69eb193324e64c25a851e6c18f3b53657dfcda11c817fc34c450ff953d'}, 'chid': '57a5fa2eabd461db6913d2f6da58ef6fa9222530e0194e0334b3a1d22019344d'} inserted successfully. 
2026-09-29 21:59:41,158 - INFO - [Block Validation] Validatiing the block 0.
2026-09-29 21:59:41,160 - INFO - [Block Validation] The block 0 is valid.
2026-09-29 21:59:41,160 - INFO - [Chain Validation] Chain is valid.
2026-09-29 21:59:41,161 - INFO - [Miner]Mining block 1...
2026-09-29 21:59:42,690 - INFO - [Miner] Block 1 mined after 69333 attempts. Nonce: 69333
2026-09-29 21:59:42,691 - INFO - [Block Validation] Validatiing the block 0.
2026-09-29 21:59:42,691 - INFO - [Block Validation] The block 0 is valid.
2026-09-29 21:59:42,692 - INFO - [Chain Validation] Chain is valid.
2026-09-29 21:59:42,693 - INFO - Block with CHID {'user': {'name': 'UserG', 'nationalNumber': 601, 'phone': 1, 'age': 20, 'email': 'test@bc.io', 'birth': '', 'HID': 'f0689b501e564f692b4dea0b331b6e5395bdacf4b1853b0a37b16851e758f1dc'}, 'credential': {'image': '', 'credentialID': 7, 'CID': '5195534e1474704f2e4833c44fcc20ab8065a4a611467d50ead1cc7b0027108c', 'metadata': {'documentTitle': None, 'documentType': None, 'documentFormat': None, 'documentContentSize': 0}}, 'issuer': {'name': 'AuthG', 'businessID': 60, 'AUTHID': '983a842799b96b20365f9d408c4b51c0edcf05d5943756de4becd536d2e5a7b9'}, 'chid': 'df7b9400edaa48bf7d0cd0b9b78e77f28fa6210ba0c1c903b954edcd12d89fe4'} inserted successfully. 
2026-09-29 21:59:42,892 - INFO - [Chain Validation] Initializing the chain validator.
2026-09-29 21:59:42,894 - INFO - [Miner]Mining block 0...
2026-09-29 21:59:43,729 - INFO - [Miner] Block 0 mined after 36254 attempts. Nonce: 36254
2026-09-29 21:59:43,730 - WARNING - [Chain Validation] Cannot validate. The ledger is empty.
2026-09-29 21:59:43,732 - INFO - Block with CHID {'user': {'name': 'Gensis-Block', 'nationalNumber': 0, 'phone': 0, 'age': 0, 'email': 'gensis@blockchain.io', 'birth': '', 'HID': '86b9cfefa3624e99ed49d4b95a65292e3ae59d1acc02e31aa391003979282fe0'}, 'credential': {'image': '', 'credentialID': 0, 'CID': 'be73143655a54956d57ca963bfd4e8437ee884b7a022d790d98afcd91066c65b', 'metadata': {'documentTitle': None, 'documentType': None, 'documentFormat': None, 'documentContentSize': 0}}, 'issuer': {'name': '', 'businessID': 0, 'AUTHID': '4930fe69eb193324e64c25a851e6c18f3b53657dfcda11c817fc34c450ff953d'}, 'chid': '57a5fa2eabd461db6913d2f6da58ef6fa9222530e0194e0334b3a1d22019344d'} inserted successfully. 
2026-09-29 21:59:43,752 - INFO - [Block Validation] Validatiing the block 0.
2026-09-29 21:59:43,752 - INFO - [Block Validation] The block 0 is valid.
2026-09-29 21:59:43,752 - INFO - [Chain Validation] Chain is valid.
2026-09-29 21:59:43,756 - INFO - [Miner]Mining block 1...
2026-09-29 21:59:43,979 - INFO - [Miner] Block 1 mined after 9164 attempts. Nonce: 9164
2026-09-29 21:59:43,979 - INFO - [Block Validation] Validatiing the block 0.
2026-09-29 21:59:43,980 - INFO - [Block Validation] The block 0 is valid.
2026-09-29 21:59:43,980 - INFO - [Chain Validation] Chain is valid.
2026-09-29 21:59:43,984 - INFO - Block with CHID {'user': {'name': 'UserH', 'nationalNumber': 701, 'phone': 1, 'age': 20, 'email': 'test@bc.io', 'birth': '', 'HID': '5f4020373e54d54e29311d11ebda67f79f026b59f38bae07546886dcd32ba88b'}, 'credential': {'image': '', 'credentialID': 8, 'CID': '60a86b7ed2c918d8e2653aff1adc1fcc24eeaac406e8e7cce05afde14bd2dfe5', 'metadata': {'documentTitle': None, 'documentType': None, 'documentFormat': None, 'documentContentSize': 0}}, 'issuer': {'name': 'AuthH', 'businessID': 70, 'AUTHID': 'f1e927ee27754d6750d703f525181a05a299dc37b87c2ec8f8c562a1827f51df'}, 'chid': '151413c6318a1799c1deb41d706851363d01f2eafa168b416b0a44edba600954'} inserted successfully. 
2026-09-29 22:01:46,229 - INFO - [Chain Validation] Initializing the chain validator.
2026-09-29 22:01:46,553 - INFO - [Miner]Mining block 0...
2026-09-29 22:01:46,805 - INFO - [Miner] Block 0 mined after 36254 attempts. Nonce: 36254
2026-09-29 22:01:46,968 - WARNING - [Chain Validation] Cannot validate. The ledger is empty.
2026-09-29 22:01:46,970 - INFO - Block with CHID {'user': {'name': 'Gensis-Block', 'nationalNumber': 0, 'phone': 0, 'age': 0, 'email': 'gensis@blockchain.io', 'birth': '', 'HID': '86b9cfefa3624e99ed49d4b95a65292e3ae59d1acc02e31aa391003979282fe0'}, 'credential': {'image': '', 'credentialID': 0, 'CID': 'be73143655a54956d57ca963bfd4e8437ee884b7a022d790d98afcd91066c65b', 'metadata': {'documentTitle': None, 'documentType': None, 'documentFormat': None, 'documentContentSize': 0}}, 'issuer': {'name': '', 'businessID': 0, 'AUTHID': '4930fe69eb193324e64c25a851e6c18f3b53657dfcda11c817fc34c450ff953d'}, 'chid': '57a5fa2eabd461db6913d2f6da58ef6fa9222530e0194e0334b3a1d22019344d'} inserted successfully. 
2026-09-29 22:01:48,267 - INFO - [Block Validation] Validatiing the block 0.
2026-09-29 22:01:48,268 - INFO - [Block Validation] The block 0 is valid.
2026-09-29 22:01:48,268 - INFO - [Chain Validation] Chain is valid.
2026-09-29 22:01:48,618 - DEBUG - Using proactor: IocpProactor
2026-09-29 22:01:48,674 - INFO - [Miner]Mining block 1...
2026-09-29 22:01:51,316 - INFO - [Miner] Block 1 mined after 208094 attempts. Nonce: 208094
2026-09-29 22:01:51,363 - INFO - [Block Validation] Validatiing the block 0.
2026-09-29 22:01:51,363 - INFO - [Block Validation] The block 0 is valid.
2026-09-29 22:01:51,364 - INFO - [Chain Validation] Chain is valid.
2026-09-29 22:01:51,365 - INFO - Block with CHID {'user': {'name': 'Alice', 'nationalNumber': 1001, 'phone': 1, 'age': 30, 'email': 'a@x.com', 'birth': '1995-01-01', 'HID': '17231ca1bfaa73c3b607049f75f3df524b36538b861c559050bff4fbbd64a9d2'}, 'credential': {'image': 'a8a699f45333dea8837565a7933cc4b9f701eee6698d4997cb80ddc398931a75', 'credentialID': 1, 'CID': '3261b7f7b9957e710a6c3f1e0479a9b2b69c6bbea0a251486697d9245f1bf9be', 'metadata': {'documentTitle': 'Credential document', 'documentType': 'application/pdf', 'documentFormat': None, 'documentContentSize': 518}}, 'issuer': {'name': 'JPUF', 'businessID': 10, 'AUTHID': '4e9fed7a5168dd153d040292c205c0f1d65bb64949a99d6a8b1cdebaeffae8cd'}, 'chid': 'a7025658f6a1ea0779ea476535d5ea9a143eb06a61465701d040e7583b4b430e'} inserted successfully. 
2026-09-29 22:01:51,370 - INFO - HTTP Request: POST http://testserver/register "HTTP/1.1 201 Created"
2026-09-29 22:01:51,401 - INFO - [Chain Validation] Initializing the chain validator.
2026-09-29 22:01:51,402 - INFO - [Miner]Mining block 0...
2026-09-29 22:01:51,732 - INFO - [Miner] Block 0 mined after 36254 attempts. Nonce: 36254
2026-09-29 22:01:51,732 - WARNING - [Chain Validation] Cannot validate. The ledger is empty.
2026-09-29 22:01:51,735 - INFO - Block with CHID {'user': {'name': 'Gensis-Block', 'nationalNumber': 0, 'phone': 0, 'age': 0, 'email': 'gensis@blockchain.io', 'birth': '', 'HID': '86b9cfefa3624e99ed49d4b95a65292e3ae59d1acc02e31aa391003979282fe0'}, 'credential': {'image': '', 'credentialID': 0, 'CID': 'be73143655a54956d57ca963bfd4e8437ee884b7a022d790d98afcd91066c65b', 'metadata': {'documentTitle': None, 'documentType': None, 'documentFormat': None, 'documentContentSize': 0}}, 'issuer': {'name': '', 'businessID': 0, 'AUTHID': '4930fe69eb193324e64c25a851e6c18f3b53657dfcda11c817fc34c450ff953d'}, 'chid': '57a5fa2eabd461db6913d2f6da58ef6fa9222530e0194e0334b3a1d22019344d'} inserted successfully. 
2026-09-29 22:01:51,814 - INFO - [Block Validation] Validatiing the block 0.
2026-09-29 22:01:51,814 - INFO - [Block Validation] The block 0 is valid.
2026-09-29 22:01:51,814 - INFO - [Chain Validation] Chain is valid.
2026-09-29 22:01:51,906 - DEBUG - Using proactor: IocpProactor
2026-09-29 22:01:51,958 - INFO - HTTP Request: GET http://testserver/openapi.json "HTTP/1.1 200 OK"
2026-09-29 22:01:51,980 - INFO - [Chain Validation] Initializing the chain validator.
2026-09-29 22:01:51,982 - INFO - [Miner]Mining block 0...
2026-09-29 22:01:52,317 - INFO - [Miner] Block 0 mined after 36254 attempts. Nonce: 36254
2026-09-29 22:01:52,317 - WARNING - [Chain Validation] Cannot validate. The ledger is empty.
2026-09-29 22:01:52,320 - INFO - Block with CHID {'user': {'name': 'Gensis-Block', 'nationalNumber': 0, 'phone': 0, 'age': 0, 'email': 'gensis@blockchain.io', 'birth': '', 'HID': '86b9cfefa3624e99ed49d4b95a65292e3ae59d1acc02e31aa391003979282fe0'}, 'credential': {'image': '', 'credentialID': 0, 'CID': 'be73143655a54956d57ca963bfd4e8437ee884b7a022d790d98afcd91066c65b', 'metadata': {'documentTitle': None, 'documentType': None, 'documentFormat': None, 'documentContentSize': 0}}, 'issuer': {'name': '', 'businessID': 0, 'AUTHID': '4930fe69eb193324e64c25a851e6c18f3b53657dfcda11c817fc34c450ff953d'}, 'chid': '57a5fa2eabd461db6913d2f6da58ef6fa9222530e0194e0334b3a1d22019344d'} inserted successfully. 
2026-09-29 22:01:52,440 - INFO - [Block Validation] Validatiing the block 0.
2026-09-29 22:01:52,440 - INFO - [Block Validation] The block 0 is valid.
2026-09-29 22:01:52,440 - INFO - [Chain Validation] Chain is valid.
2026-09-29 22:01:52,471 - DEBUG - Using proactor: IocpProactor
2026-09-29 22:01:52,517 - INFO - HTTP Request: GET http://testserver/credential-constraints "HTTP/1.1 200 OK"
2026-09-29 22:01:52,532 - INFO - [Chain Validation] Initializing the chain validator.
2026-09-29 22:01:52,533 - INFO - [Miner]Mining block 0...
2026-09-29 22:01:52,804 - INFO - [Miner] Block 0 mined after 36254 attempts. Nonce: 36254
2026-09-29 22:01:52,805 - WARNING - [Chain Validation] Cannot validate. The ledger is empty.
2026-09-29 22:01:52,809 - INFO - Block with CHID {'user': {'name': 'Gensis-Block', 'nationalNumber': 0, 'phone': 0, 'age': 0, 'email': 'gensis@blockchain.io', 'birth': '', 'HID': '86b9cfefa3624e99ed49d4b95a65292e3ae59d1acc02e31aa391003979282fe0'}, 'credential': {'image': '', 'credentialID': 0, 'CID': 'be73143655a54956d57ca963bfd4e8437ee884b7a022d790d98afcd91066c65b', 'metadata': {'documentTitle': None, 'documentType': None, 'documentFormat': None, 'documentContentSize': 0}}, 'issuer': {'name': '', 'businessID': 0, 'AUTHID': '4930fe69eb193324e64c25a851e6c18f3b53657dfcda11c817fc34c450ff953d'}, 'chid': '57a5fa2eabd461db6913d2f6da58ef6fa9222530e0194e0334b3a1d22019344d'} inserted successfully. 
2026-09-29 22:01:53,040 - INFO - [Block Validation] Validatiing the block 0.
2026-09-29 22:01:53,208 - INFO - [Block Validation] The block 0 is valid.
2026-09-29 22:01:53,208 - INFO - [Chain Validation] Chain is valid.
2026-09-29 22:01:53,302 - DEBUG - Using proactor: IocpProactor
2026-09-29 22:01:53,345 - INFO - [Miner]Mining block 1...
2026-09-29 22:01:55,182 - INFO - [Miner] Block 1 mined after 200770 attempts. Nonce: 200770
2026-09-29 22:01:55,183 - INFO - [Block Validation] Validatiing the block 0.
2026-09-29 22:01:55,183 - INFO - [Block Validation] The block 0 is valid.
2026-09-29 22:01:55,183 - INFO - [Chain Validation] Chain is valid.
2026-09-29 22:01:55,185 - INFO - Block with CHID {'user': {'name': 'Alice', 'nationalNumber': 1002, 'phone': 1, 'age': 30, 'email': 'a@x.com', 'birth': '1995-01-01', 'HID': 'b7b5a4ec4731a35d74fea8e4a41b9bf3c87255c9b60f66507abca1942f9633d8'}, 'credential': {'image': 'e152e884377ba2fe616b9c4baf3a17f4c12d11f6e1caf79e65df29ad2688de44', 'credentialID': 2, 'CID': 'e34b57ff8a946463306f32ef76feeb6d56766e87945a221d046a18df32d85b40', 'metadata': {'documentTitle': 'Credential document', 'documentType': 'application/pdf', 'documentFormat': None, 'documentContentSize': 518}}, 'issuer': {'name': 'JPUF', 'businessID': 11, 'AUTHID': '8bd1b13d3c9c05b7548cf0e369905b7da65c32d77dbcd9e906d337d8351ecee5'}, 'chid': '12d4e76419c7ca5782c958dd7d278391bf34ee8991a49ea7c78d7cc05d34d476'} inserted successfully. 
2026-09-29 22:01:55,188 - INFO - HTTP Request: POST http://testserver/register "HTTP/1.1 201 Created"
2026-09-29 22:01:55,191 - DEBUG - Using proactor: IocpProactor
2026-09-29 22:01:55,205 - INFO - HTTP Request: POST http://testserver/register "HTTP/1.1 409 Conflict"
2026-09-29 22:01:55,214 - INFO - [Chain Validation] Initializing the chain validator.
2026-09-29 22:01:55,216 - INFO - [Miner]Mining block 0...
2026-09-29 22:01:55,483 - INFO - [Miner] Block 0 mined after 36254 attempts. Nonce: 36254
2026-09-29 22:01:55,484 - WARNING - [Chain Validation] Cannot validate. The ledger is empty.
2026-09-29 22:01:55,486 - INFO - Block with CHID {'user': {'name': 'Gensis-Block', 'nationalNumber': 0, 'phone': 0, 'age': 0, 'email': 'gensis@blockchain.io', 'birth': '', 'HID': '86b9cfefa3624e99ed49d4b95a65292e3ae59d1acc02e31aa391003979282fe0'}, 'credential': {'image': '', 'credentialID': 0, 'CID': 'be73143655a54956d57ca963bfd4e8437ee884b7a022d790d98afcd91066c65b', 'metadata': {'documentTitle': None, 'documentType': None, 'documentFormat': None, 'documentContentSize': 0}}, 'issuer': {'name': '', 'businessID': 0, 'AUTHID': '4930fe69eb193324e64c25a851e6c18f3b53657dfcda11c817fc34c450ff953d'}, 'chid': '57a5fa2eabd461db6913d2f6da58ef6fa9222530e0194e0334b3a1d22019344d'} inserted successfully. 
2026-09-29 22:01:55,650 - INFO - [Block Validation] Validatiing the block 0.
2026-09-29 22:01:55,650 - INFO - [Block Validation] The block 0 is valid.
2026-09-29 22:01:55,650 - INFO - [Chain Validation] Chain is valid.
2026-09-29 22:01:55,671 - DEBUG - Using proactor: IocpProactor
2026-09-29 22:01:56,538 - INFO - HTTP Request: POST http://testserver/register "HTTP/1.1 422 Unprocessable Content"
2026-09-29 22:01:56,713 - INFO - [Chain Validation] Initializing the chain validator.
2026-09-29 22:01:56,716 - INFO - [Miner]Mining block 0...
2026-09-29 22:01:56,924 - INFO - [Miner] Block 0 mined after 36254 attempts. Nonce: 36254
2026-09-29 22:01:56,925 - WARNING - [Chain Validation] Cannot validate. The ledger is empty.
2026-09-29 22:01:56,927 - INFO - Block with CHID {'user': {'name': 'Gensis-Block', 'nationalNumber': 0, 'phone': 0, 'age': 0, 'email': 'gensis@blockchain.io', 'birth': '', 'HID': '86b9cfefa3624e99ed49d4b95a65292e3ae59d1acc02e31aa391003979282fe0'}, 'credential': {'image': '', 'credentialID': 0, 'CID': 'be73143655a54956d57ca963bfd4e8437ee884b7a022d790d98afcd91066c65b', 'metadata': {'documentTitle': None, 'documentType': None, 'documentFormat': None, 'documentContentSize': 0}}, 'issuer': {'name': '', 'businessID': 0, 'AUTHID': '4930fe69eb193324e64c25a851e6c18f3b53657dfcda11c817fc34c450ff953d'}, 'chid': '57a5fa2eabd461db6913d2f6da58ef6fa9222530e0194e0334b3a1d22019344d'} inserted successfully. 
2026-09-29 22:01:56,976 - INFO - [Block Validation] Validatiing the block 0.
2026-09-29 22:01:56,977 - INFO - [Block Validation] The block 0 is valid.
2026-09-29 22:01:56,977 - INFO - [Chain Validation] Chain is valid.
2026-09-29 22:01:57,000 - DEBUG - Using proactor: IocpProactor
2026-09-29 22:01:57,022 - INFO - HTTP Request: POST http://testserver/register "HTTP/1.1 400 Bad Request"
2026-09-29 22:01:57,267 - INFO - [Chain Validation] Initializing the chain validator.
2026-09-29 22:01:57,269 - INFO - [Miner]Mining block 0...
2026-09-29 22:01:57,559 - INFO - [Miner] Block 0 mined after 36254 attempts. Nonce: 36254
2026-09-29 22:01:57,560 - WARNING - [Chain Validation] Cannot validate. The ledger is empty.
2026-09-29 22:01:57,561 - INFO - Block with CHID {'user': {'name': 'Gensis-Block', 'nationalNumber': 0, 'phone': 0, 'age': 0, 'email': 'gensis@blockchain.io', 'birth': '', 'HID': '86b9cfefa3624e99ed49d4b95a65292e3ae59d1acc02e31aa391003979282fe0'}, 'credential': {'image': '', 'credentialID': 0, 'CID': 'be73143655a54956d57ca963bfd4e8437ee884b7a022d790d98afcd91066c65b', 'metadata': {'documentTitle': None, 'documentType': None, 'documentFormat': None, 'documentContentSize': 0}}, 'issuer': {'name': '', 'businessID': 0, 'AUTHID': '4930fe69eb193324e64c25a851e6c18f3b53657dfcda11c817fc34c450ff953d'}, 'chid': '57a5fa2eabd461db6913d2f6da58ef6fa9222530e0194e0334b3a1d22019344d'} inserted successfully. 
2026-09-29 22:01:58,368 - INFO - [Block Validation] Validatiing the block 0.
2026-09-29 22:01:58,369 - INFO - [Block Validation] The block 0 is valid.
2026-09-29 22:01:58,369 - INFO - [Chain Validation] Chain is valid.
2026-09-29 22:01:58,450 - DEBUG - Using proactor: IocpProactor
2026-09-29 22:01:58,755 - INFO - [Miner]Mining block 1...
2026-09-29 22:01:58,771 - INFO - [Miner] Block 1 mined after 1373 attempts. Nonce: 1373
2026-09-29 22:01:58,772 - INFO - [Block Validation] Validatiing the block 0.
2026-09-29 22:01:58,773 - INFO - [Block Validation] The block 0 is valid.
2026-09-29 22:01:58,773 - INFO - [Chain Validation] Chain is valid.
2026-09-29 22:01:58,775 - INFO - Block with CHID {'user': {'name': 'Alice', 'nationalNumber': 1004, 'phone': 1, 'age': 30, 'email': 'a@x.com', 'birth': '1995-01-01', 'HID': '5aac19b7d8962cd134de158c9b24c70932035f6bcea6f0ec7202d88dd116e00f'}, 'credential': {'image': 'abf504ae3b5a0eb02c388e273397c542f844b3e3d8c815eedb917240853347f4', 'credentialID': 4, 'CID': '04f557da9837ec27a84ded1812f24bdd28e1e36ebf38d66c52edff10b3ffdd58', 'metadata': {'documentTitle': 'Credential document', 'documentType': 'application/pdf', 'documentFormat': None, 'documentContentSize': 518}}, 'issuer': {'name': 'JPUF', 'businessID': 13, 'AUTHID': '2ff530b451fc145718cbfcc9ae3400ea68308c4f8a703b28f7981b8cf8faeec2'}, 'chid': '2a979d724ca61829a541d95d193e15883abdf4200c28a3a1b4e887b00cf37c2a'} inserted successfully. 
2026-09-29 22:01:58,780 - INFO - HTTP Request: POST http://testserver/register "HTTP/1.1 201 Created"
2026-09-29 22:01:58,789 - INFO - [Chain Validation] Initializing the chain validator.
2026-09-29 22:01:58,791 - INFO - [Miner]Mining block 0...
2026-09-29 22:01:59,209 - INFO - [Miner] Block 0 mined after 36254 attempts. Nonce: 36254
2026-09-29 22:01:59,210 - WARNING - [Chain Validation] Cannot validate. The ledger is empty.
2026-09-29 22:01:59,227 - INFO - Block with CHID {'user': {'name': 'Gensis-Block', 'nationalNumber': 0, 'phone': 0, 'age': 0, 'email': 'gensis@blockchain.io', 'birth': '', 'HID': '86b9cfefa3624e99ed49d4b95a65292e3ae59d1acc02e31aa391003979282fe0'}, 'credential': {'image': '', 'credentialID': 0, 'CID': 'be73143655a54956d57ca963bfd4e8437ee884b7a022d790d98afcd91066c65b', 'metadata': {'documentTitle': None, 'documentType': None, 'documentFormat': None, 'documentContentSize': 0}}, 'issuer': {'name': '', 'businessID': 0, 'AUTHID': '4930fe69eb193324e64c25a851e6c18f3b53657dfcda11c817fc34c450ff953d'}, 'chid': '57a5fa2eabd461db6913d2f6da58ef6fa9222530e0194e0334b3a1d22019344d'} inserted successfully. 
2026-09-29 22:01:59,475 - INFO - [Block Validation] Validatiing the block 0.
2026-09-29 22:01:59,475 - INFO - [Block Validation] The block 0 is valid.
2026-09-29 22:01:59,475 - INFO - [Chain Validation] Chain is valid.
2026-09-29 22:01:59,568 - DEBUG - Using proactor: IocpProactor
2026-09-29 22:01:59,902 - INFO - HTTP Request: POST http://testserver/register "HTTP/1.1 400 Bad Request"
2026-09-29 22:02:00,283 - INFO - [Chain Validation] Initializing the chain validator.
2026-09-29 22:02:00,286 - INFO - [Miner]Mining block 0...
2026-09-29 22:02:00,662 - INFO - [Miner] Block 0 mined after 36254 attempts. Nonce: 36254
2026-09-29 22:02:00,662 - WARNING - [Chain Validation] Cannot validate. The ledger is empty.
2026-09-29 22:02:00,664 - INFO - Block with CHID {'user': {'name': 'Gensis-Block', 'nationalNumber': 0, 'phone': 0, 'age': 0, 'email': 'gensis@blockchain.io', 'birth': '', 'HID': '86b9cfefa3624e99ed49d4b95a65292e3ae59d1acc02e31aa391003979282fe0'}, 'credential': {'image': '', 'credentialID': 0, 'CID': 'be73143655a54956d57ca963bfd4e8437ee884b7a022d790d98afcd91066c65b', 'metadata': {'documentTitle': None, 'documentType': None, 'documentFormat': None, 'documentContentSize': 0}}, 'issuer': {'name': '', 'businessID': 0, 'AUTHID': '4930fe69eb193324e64c25a851e6c18f3b53657dfcda11c817fc34c450ff953d'}, 'chid': '57a5fa2eabd461db6913d2f6da58ef6fa9222530e0194e0334b3a1d22019344d'} inserted successfully. 
2026-09-29 22:02:01,851 - INFO - [Block Validation] Validatiing the block 0.
2026-09-29 22:02:01,851 - INFO - [Block Validation] The block 0 is valid.
2026-09-29 22:02:01,851 - INFO - [Chain Validation] Chain is valid.
2026-09-29 22:02:01,908 - DEBUG - Using proactor: IocpProactor
2026-09-29 22:02:01,947 - INFO - [Miner]Mining block 1...
2026-09-29 22:02:03,743 - INFO - [Miner] Block 1 mined after 159790 attempts. Nonce: 159790
2026-09-29 22:02:03,744 - INFO - [Block Validation] Validatiing the block 0.
2026-09-29 22:02:03,744 - INFO - [Block Validation] The block 0 is valid.
2026-09-29 22:02:03,744 - INFO - [Chain Validation] Chain is valid.
2026-09-29 22:02:03,746 - INFO - Block with CHID {'user': {'name': 'Alice', 'nationalNumber': 1006, 'phone': 1, 'age': 30, 'email': 'a@x.com', 'birth': '1995-01-01', 'HID': '65129d4a2aba34d18c732d1352f3d9c799a758171621e20ac26b469da7c7dd8f'}, 'credential': {'image': '654b54e5693e6a2e6f9ed566ab5e136cd56f6156ef652b0e7046e39e3ae829b6', 'credentialID': 6, 'CID': 'ded9f3abbe3c52e85370936db48978291c454bde93f372a1155b85fd8e107d01', 'metadata': {'documentTitle': 'Credential document', 'documentType': 'application/pdf', 'documentFormat': None, 'documentContentSize': 518}}, 'issuer': {'name': 'JPUF', 'businessID': 15, 'AUTHID': 'c88cc270b8605b7f9a16307780135b545eb155490e905fc7733a8e23c1014b89'}, 'chid': '0692df910d57f1c308a214775d7e4e42d348ac2e91270b5f161872c88218e9a2'} inserted successfully. 
2026-09-29 22:02:03,748 - INFO - HTTP Request: POST http://testserver/register "HTTP/1.1 201 Created"
2026-09-29 22:02:03,762 - INFO - [Chain Validation] Initializing the chain validator.
2026-09-29 22:02:03,764 - INFO - [Miner]Mining block 0...
2026-09-29 22:02:04,097 - INFO - [Miner] Block 0 mined after 36254 attempts. Nonce: 36254
2026-09-29 22:02:04,097 - WARNING - [Chain Validation] Cannot validate. The ledger is empty.
2026-09-29 22:02:04,099 - INFO - Block with CHID {'user': {'name': 'Gensis-Block', 'nationalNumber': 0, 'phone': 0, 'age': 0, 'email': 'gensis@blockchain.io', 'birth': '', 'HID': '86b9cfefa3624e99ed49d4b95a65292e3ae59d1acc02e31aa391003979282fe0'}, 'credential': {'image': '', 'credentialID': 0, 'CID': 'be73143655a54956d57ca963bfd4e8437ee884b7a022d790d98afcd91066c65b', 'metadata': {'documentTitle': None, 'documentType': None, 'documentFormat': None, 'documentContentSize': 0}}, 'issuer': {'name': '', 'businessID': 0, 'AUTHID': '4930fe69eb193324e64c25a851e6c18f3b53657dfcda11c817fc34c450ff953d'}, 'chid': '57a5fa2eabd461db6913d2f6da58ef6fa9222530e0194e0334b3a1d22019344d'} inserted successfully. 
2026-09-29 22:02:04,209 - INFO - [Block Validation] Validatiing the block 0.
2026-09-29 22:02:04,210 - INFO - [Block Validation] The block 0 is valid.
2026-09-29 22:02:04,210 - INFO - [Chain Validation] Chain is valid.
2026-09-29 22:02:04,326 - DEBUG - Using proactor: IocpProactor
2026-09-29 22:02:04,472 - INFO - [Miner]Mining block 1...
2026-09-29 22:02:05,588 - INFO - [Miner] Block 1 mined after 80818 attempts. Nonce: 80818
2026-09-29 22:02:05,589 - INFO - [Block Validation] Validatiing the block 0.
2026-09-29 22:02:05,589 - INFO - [Block Validation] The block 0 is valid.
2026-09-29 22:02:05,589 - INFO - [Chain Validation] Chain is valid.
2026-09-29 22:02:05,590 - INFO - Block with CHID {'user': {'name': 'Carol', 'nationalNumber': 2002, 'phone': 1, 'age': 30, 'email': 'a@x.com', 'birth': '1995-01-01', 'HID': '7ccdca19127ae4219e99c8e0c608497017406487782aabf35286fa912407c485'}, 'credential': {'image': '9adc32be19fe1b35f5780d06c0f4a0cb609dc914dc2cde3147ab75e8595fe5c1', 'credentialID': 2, 'CID': '50745a50587e829c988d8e2de1ddcd672a2975f5fc14250898b973d8ba4962fd', 'metadata': {'documentTitle': 'Credential document', 'documentType': 'application/pdf', 'documentFormat': None, 'documentContentSize': 518}}, 'issuer': {'name': 'GovAuth', 'businessID': 20, 'AUTHID': 'ee5d73cf8f46e498653cd4fdc6593d0135f42384702cddc762894798045821a5'}, 'chid': '2a5b90843f31316b6110d3a19bccf36737bb8c65bde874e554d99a81bc3fc8cf'} inserted successfully. 
2026-09-29 22:02:05,593 - INFO - HTTP Request: POST http://testserver/register "HTTP/1.1 201 Created"
2026-09-29 22:02:05,675 - DEBUG - Using proactor: IocpProactor
2026-09-29 22:02:05,708 - INFO - HTTP Request: POST http://testserver/check "HTTP/1.1 200 OK"
2026-09-29 22:02:05,855 - INFO - [Chain Validation] Initializing the chain validator.
2026-09-29 22:02:05,857 - INFO - [Miner]Mining block 0...
2026-09-29 22:02:06,403 - INFO - [Miner] Block 0 mined after 36254 attempts. Nonce: 36254
2026-09-29 22:02:06,404 - WARNING - [Chain Validation] Cannot validate. The ledger is empty.
2026-09-29 22:02:06,406 - INFO - Block with CHID {'user': {'name': 'Gensis-Block', 'nationalNumber': 0, 'phone': 0, 'age': 0, 'email': 'gensis@blockchain.io', 'birth': '', 'HID': '86b9cfefa3624e99ed49d4b95a65292e3ae59d1acc02e31aa391003979282fe0'}, 'credential': {'image': '', 'credentialID': 0, 'CID': 'be73143655a54956d57ca963bfd4e8437ee884b7a022d790d98afcd91066c65b', 'metadata': {'documentTitle': None, 'documentType': None, 'documentFormat': None, 'documentContentSize': 0}}, 'issuer': {'name': '', 'businessID': 0, 'AUTHID': '4930fe69eb193324e64c25a851e6c18f3b53657dfcda11c817fc34c450ff953d'}, 'chid': '57a5fa2eabd461db6913d2f6da58ef6fa9222530e0194e0334b3a1d22019344d'} inserted successfully. 
2026-09-29 22:02:06,603 - INFO - [Block Validation] Validatiing the block 0.
2026-09-29 22:02:06,603 - INFO - [Block Validation] The block 0 is valid.
2026-09-29 22:02:06,603 - INFO - [Chain Validation] Chain is valid.
2026-09-29 22:02:06,721 - DEBUG - Using proactor: IocpProactor
2026-09-29 22:02:06,779 - INFO - [Miner]Mining block 1...
2026-09-29 22:02:11,723 - INFO - [Miner] Block 1 mined after 365772 attempts. Nonce: 365772
2026-09-29 22:02:11,724 - INFO - [Block Validation] Validatiing the block 0.
2026-09-29 22:02:11,724 - INFO - [Block Validation] The block 0 is valid.
2026-09-29 22:02:11,725 - INFO - [Chain Validation] Chain is valid.
2026-09-29 22:02:11,726 - INFO - Block with CHID {'user': {'name': 'Dave', 'nationalNumber': 3003, 'phone': 1, 'age': 30, 'email': 'a@x.com', 'birth': '1995-01-01', 'HID': '927d2a5553a16a35860e8bc661b28e50ee334e4a6c4e28c6f0a80b4d57d53ec7'}, 'credential': {'image': '8b6154c23740537f6942ace8f812d678ce150c7e8a2a34f3a6f220a960422213', 'credentialID': 30, 'CID': 'd63d815f83272d040d0c5dfd14f584945a67a9472ba3fc2eb1314646e38e3e0b', 'metadata': {'documentTitle': 'Credential document', 'documentType': 'application/pdf', 'documentFormat': None, 'documentContentSize': 518}}, 'issuer': {'name': 'AuthX', 'businessID': 300, 'AUTHID': 'cd8cbefe099dfc49b8d17469a059d32b2b7c9bec598cb0456121911fe71d4a04'}, 'chid': '1194031eff4266badc293b543e9a1f7fc78db34a8da87c0684e288d29769c59f'} inserted successfully. 
2026-09-29 22:02:11,730 - INFO - HTTP Request: POST http://testserver/register "HTTP/1.1 201 Created"
2026-09-29 22:02:11,758 - DEBUG - Using proactor: IocpProactor
2026-09-29 22:02:11,826 - INFO - [Miner]Mining block 2...
2026-09-29 22:02:12,918 - INFO - [Miner] Block 2 mined after 104318 attempts. Nonce: 104318
2026-09-29 22:02:12,919 - INFO - [Block Validation] Validatiing the block 0.
2026-09-29 22:02:12,919 - INFO - [Block Validation] The block 0 is valid.
2026-09-29 22:02:12,919 - INFO - [Block Validation] Validatiing the block 1.
2026-09-29 22:02:12,920 - INFO - [Block Validation] The block 1 is valid.
2026-09-29 22:02:12,920 - INFO - [Chain Validation] Chain is valid.
2026-09-29 22:02:12,922 - INFO - Block with CHID {'user': {'name': 'Eve', 'nationalNumber': 3004, 'phone': 1, 'age': 30, 'email': 'a@x.com', 'birth': '1995-01-01', 'HID': '2b4f4fefe5b386a0dbdca495830d1f95c47e1f8e5464d2cd7f7a884bbebae2f6'}, 'credential': {'image': '424c5c7f3fdb3948ac26c487f08bff64a29d9d5e117b34ee5db07b66648d3bf6', 'credentialID': 31, 'CID': '92779a6b586a83a0da99513fe6b1d60964a348fd3820d6d4004dfda5eeee5423', 'metadata': {'documentTitle': 'Credential document', 'documentType': 'application/pdf', 'documentFormat': None, 'documentContentSize': 518}}, 'issuer': {'name': 'AuthY', 'businessID': 301, 'AUTHID': 'cc36aa22367b078b4b8d44d7b466c78824abda384dacaacbe6f825b6c95ef264'}, 'chid': 'f8cee8ffeb436cc01a422cb4b0424bca74502244399d86bd995b6ff3f06fa42d'} inserted successfully. 
2026-09-29 22:02:12,924 - INFO - HTTP Request: POST http://testserver/register "HTTP/1.1 201 Created"
2026-09-29 22:02:12,999 - DEBUG - Using proactor: IocpProactor
2026-09-29 22:02:13,067 - INFO - HTTP Request: POST http://testserver/check "HTTP/1.1 200 OK"
2026-09-29 22:02:13,094 - INFO - [Chain Validation] Initializing the chain validator.
2026-09-29 22:02:13,096 - INFO - [Miner]Mining block 0...
2026-09-29 22:02:13,467 - INFO - [Miner] Block 0 mined after 36254 attempts. Nonce: 36254
2026-09-29 22:02:13,468 - WARNING - [Chain Validation] Cannot validate. The ledger is empty.
2026-09-29 22:02:13,507 - INFO - Block with CHID {'user': {'name': 'Gensis-Block', 'nationalNumber': 0, 'phone': 0, 'age': 0, 'email': 'gensis@blockchain.io', 'birth': '', 'HID': '86b9cfefa3624e99ed49d4b95a65292e3ae59d1acc02e31aa391003979282fe0'}, 'credential': {'image': '', 'credentialID': 0, 'CID': 'be73143655a54956d57ca963bfd4e8437ee884b7a022d790d98afcd91066c65b', 'metadata': {'documentTitle': None, 'documentType': None, 'documentFormat': None, 'documentContentSize': 0}}, 'issuer': {'name': '', 'businessID': 0, 'AUTHID': '4930fe69eb193324e64c25a851e6c18f3b53657dfcda11c817fc34c450ff953d'}, 'chid': '57a5fa2eabd461db6913d2f6da58ef6fa9222530e0194e0334b3a1d22019344d'} inserted successfully. 
2026-09-29 22:02:13,575 - INFO - [Block Validation] Validatiing the block 0.
2026-09-29 22:02:13,576 - INFO - [Block Validation] The block 0 is valid.
2026-09-29 22:02:13,576 - INFO - [Chain Validation] Chain is valid.
2026-09-29 22:02:13,635 - DEBUG - Using proactor: IocpProactor
2026-09-29 22:02:13,701 - INFO - HTTP Request: POST http://testserver/check "HTTP/1.1 200 OK"
2026-09-29 22:02:13,721 - INFO - [Chain Validation] Initializing the chain validator.
2026-09-29 22:02:13,723 - INFO - [Miner]Mining block 0...
2026-09-29 22:02:14,224 - INFO - [Miner] Block 0 mined after 36254 attempts. Nonce: 36254
2026-09-29 22:02:14,225 - WARNING - [Chain Validation] Cannot validate. The ledger is empty.
2026-09-29 22:02:14,227 - INFO - Block with CHID {'user': {'name': 'Gensis-Block', 'nationalNumber': 0, 'phone': 0, 'age': 0, 'email': 'gensis@blockchain.io', 'birth': '', 'HID': '86b9cfefa3624e99ed49d4b95a65292e3ae59d1acc02e31aa391003979282fe0'}, 'credential': {'image': '', 'credentialID': 0, 'CID': 'be73143655a54956d57ca963bfd4e8437ee884b7a022d790d98afcd91066c65b', 'metadata': {'documentTitle': None, 'documentType': None, 'documentFormat': None, 'documentContentSize': 0}}, 'issuer': {'name': '', 'businessID': 0, 'AUTHID': '4930fe69eb193324e64c25a851e6c18f3b53657dfcda11c817fc34c450ff953d'}, 'chid': '57a5fa2eabd461db6913d2f6da58ef6fa9222530e0194e0334b3a1d22019344d'} inserted successfully. 
2026-09-29 22:02:14,299 - INFO - [Block Validation] Validatiing the block 0.
2026-09-29 22:02:14,299 - INFO - [Block Validation] The block 0 is valid.
2026-09-29 22:02:14,300 - INFO - [Chain Validation] Chain is valid.
2026-09-29 22:02:14,358 - DEBUG - Using proactor: IocpProactor
2026-09-29 22:02:14,406 - INFO - [Miner]Mining block 1...
2026-09-29 22:02:15,360 - INFO - [Miner] Block 1 mined after 95833 attempts. Nonce: 95833
2026-09-29 22:02:15,361 - INFO - [Block Validation] Validatiing the block 0.
2026-09-29 22:02:15,361 - INFO - [Block Validation] The block 0 is valid.
2026-09-29 22:02:15,361 - INFO - [Chain Validation] Chain is valid.
2026-09-29 22:02:15,377 - INFO - Block with CHID {'user': {'name': 'Frank', 'nationalNumber': 4004, 'phone': 1, 'age': 30, 'email': 'a@x.com', 'birth': '1995-01-01', 'HID': '71150f88955a186236df50d19a93b1ed04931756a7dc2f0555b5c95386604501'}, 'credential': {'image': 'd3c61162e5e740de4af563508633b4130f3d0cfc428c4592763f6d27f9868165', 'credentialID': 40, 'CID': '841be83940e2b16d85410f8505f348f7e9e81943529a01aa063a96e405d34627', 'metadata': {'documentTitle': 'Credential document', 'documentType': 'application/pdf', 'documentFormat': None, 'documentContentSize': 518}}, 'issuer': {'name': 'AuthZ', 'businessID': 400, 'AUTHID': '98fb8368e0c7e807afce4408c4cfeed1068c7088684cbf95580e3b91831dab96'}, 'chid': '3a0c062f730d2f902fffb7e9b44153c16877748a71a50a7fd826e112e37cfe10'} inserted successfully. 
2026-09-29 22:02:15,380 - INFO - HTTP Request: POST http://testserver/register "HTTP/1.1 201 Created"
2026-09-29 22:02:15,434 - DEBUG - Using proactor: IocpProactor
2026-09-29 22:02:15,484 - INFO - HTTP Request: GET http://testserver/chain "HTTP/1.1 200 OK"
2026-09-29 22:02:15,502 - INFO - [Chain Validation] Initializing the chain validator.
2026-09-29 22:02:15,505 - INFO - [Miner]Mining block 0...
2026-09-29 22:02:16,722 - INFO - [Miner] Block 0 mined after 36254 attempts. Nonce: 36254
2026-09-29 22:02:16,723 - WARNING - [Chain Validation] Cannot validate. The ledger is empty.
2026-09-29 22:02:16,724 - INFO - Block with CHID {'user': {'name': 'Gensis-Block', 'nationalNumber': 0, 'phone': 0, 'age': 0, 'email': 'gensis@blockchain.io', 'birth': '', 'HID': '86b9cfefa3624e99ed49d4b95a65292e3ae59d1acc02e31aa391003979282fe0'}, 'credential': {'image': '', 'credentialID': 0, 'CID': 'be73143655a54956d57ca963bfd4e8437ee884b7a022d790d98afcd91066c65b', 'metadata': {'documentTitle': None, 'documentType': None, 'documentFormat': None, 'documentContentSize': 0}}, 'issuer': {'name': '', 'businessID': 0, 'AUTHID': '4930fe69eb193324e64c25a851e6c18f3b53657dfcda11c817fc34c450ff953d'}, 'chid': '57a5fa2eabd461db6913d2f6da58ef6fa9222530e0194e0334b3a1d22019344d'} inserted successfully. 
2026-09-29 22:02:16,867 - INFO - [Block Validation] Validatiing the block 0.
2026-09-29 22:02:16,867 - INFO - [Block Validation] The block 0 is valid.
2026-09-29 22:02:16,867 - INFO - [Chain Validation] Chain is valid.
2026-09-29 22:02:17,266 - DEBUG - Using proactor: IocpProactor
2026-09-29 22:02:17,401 - INFO - [Chain Validation] Initializing the chain validator.
2026-09-29 22:02:17,402 - INFO - [Block Validation] Validatiing the block 0.
2026-09-29 22:02:17,402 - INFO - [Block Validation] The block 0 is valid.
2026-09-29 22:02:17,403 - INFO - [Chain Validation] Chain is valid.
2026-09-29 22:02:17,405 - INFO - HTTP Request: GET http://testserver/status "HTTP/1.1 200 OK"
2026-09-29 22:02:18,775 - INFO - [Chain Validation] Initializing the chain validator.
2026-09-29 22:02:18,777 - INFO - [Miner]Mining block 0...
2026-09-29 22:02:19,350 - INFO - [Miner] Block 0 mined after 36254 attempts. Nonce: 36254
2026-09-29 22:02:19,351 - WARNING - [Chain Validation] Cannot validate. The ledger is empty.
2026-09-29 22:02:19,352 - INFO - Block with CHID {'user': {'name': 'Gensis-Block', 'nationalNumber': 0, 'phone': 0, 'age': 0, 'email': 'gensis@blockchain.io', 'birth': '', 'HID': '86b9cfefa3624e99ed49d4b95a65292e3ae59d1acc02e31aa391003979282fe0'}, 'credential': {'image': '', 'credentialID': 0, 'CID': 'be73143655a54956d57ca963bfd4e8437ee884b7a022d790d98afcd91066c65b', 'metadata': {'documentTitle': None, 'documentType': None, 'documentFormat': None, 'documentContentSize': 0}}, 'issuer': {'name': '', 'businessID': 0, 'AUTHID': '4930fe69eb193324e64c25a851e6c18f3b53657dfcda11c817fc34c450ff953d'}, 'chid': '57a5fa2eabd461db6913d2f6da58ef6fa9222530e0194e0334b3a1d22019344d'} inserted successfully. 
2026-09-29 22:02:19,543 - INFO - [Block Validation] Validatiing the block 0.
2026-09-29 22:02:19,544 - INFO - [Block Validation] The block 0 is valid.
2026-09-29 22:02:19,544 - INFO - [Chain Validation] Chain is valid.
2026-09-29 22:02:19,548 - INFO - [Miner]Mining block 1...
2026-09-29 22:02:23,645 - INFO - [Miner] Block 1 mined after 263556 attempts. Nonce: 263556
2026-09-29 22:02:23,646 - INFO - [Block Validation] Validatiing the block 0.
2026-09-29 22:02:23,647 - INFO - [Block Validation] The block 0 is valid.
2026-09-29 22:02:23,647 - INFO - [Chain Validation] Chain is valid.
2026-09-29 22:02:23,662 - INFO - Block with CHID {'user': {'name': 'Test', 'nationalNumber': 1, 'phone': 1, 'age': 20, 'email': 'test@bc.io', 'birth': '', 'HID': 'c81ee803e0b4d22ec53f3c9570d7d3aeb35b4c08f621b6ae8aec5c2acbd04cfc'}, 'credential': {'image': '', 'credentialID': 1, 'CID': '7f384ef9d1d01fb1be4b80cbab80e5a4fc6f7ba72faf78fe5db2bc1eb24ada5b', 'metadata': {'documentTitle': None, 'documentType': None, 'documentFormat': None, 'documentContentSize': 0}}, 'issuer': {'name': 'TestAuth', 'businessID': 1, 'AUTHID': '23a42193fc0960eeefa88e280cdd06ac4474aec773e1e92c69621cba17a57884'}, 'chid': 'b37b57b87e34551147466414755e88cf3d0bdd84a680ed5950eb367730d278c1'} inserted successfully. 
2026-09-29 22:02:23,709 - INFO - [Chain Validation] Initializing the chain validator.
2026-09-29 22:02:23,711 - INFO - [Miner]Mining block 0...
2026-09-29 22:02:24,026 - INFO - [Miner] Block 0 mined after 36254 attempts. Nonce: 36254
2026-09-29 22:02:24,026 - WARNING - [Chain Validation] Cannot validate. The ledger is empty.
2026-09-29 22:02:24,044 - INFO - Block with CHID {'user': {'name': 'Gensis-Block', 'nationalNumber': 0, 'phone': 0, 'age': 0, 'email': 'gensis@blockchain.io', 'birth': '', 'HID': '86b9cfefa3624e99ed49d4b95a65292e3ae59d1acc02e31aa391003979282fe0'}, 'credential': {'image': '', 'credentialID': 0, 'CID': 'be73143655a54956d57ca963bfd4e8437ee884b7a022d790d98afcd91066c65b', 'metadata': {'documentTitle': None, 'documentType': None, 'documentFormat': None, 'documentContentSize': 0}}, 'issuer': {'name': '', 'businessID': 0, 'AUTHID': '4930fe69eb193324e64c25a851e6c18f3b53657dfcda11c817fc34c450ff953d'}, 'chid': '57a5fa2eabd461db6913d2f6da58ef6fa9222530e0194e0334b3a1d22019344d'} inserted successfully. 
2026-09-29 22:02:24,084 - INFO - [Block Validation] Validatiing the block 0.
2026-09-29 22:02:24,085 - INFO - [Block Validation] The block 0 is valid.
2026-09-29 22:02:24,085 - INFO - [Chain Validation] Chain is valid.
2026-09-29 22:02:24,086 - INFO - [Miner]Mining block 1...
2026-09-29 22:02:28,395 - INFO - [Miner] Block 1 mined after 263556 attempts. Nonce: 263556
2026-09-29 22:02:28,396 - INFO - [Block Validation] Validatiing the block 0.
2026-09-29 22:02:28,396 - INFO - [Block Validation] The block 0 is valid.
2026-09-29 22:02:28,396 - INFO - [Chain Validation] Chain is valid.
2026-09-29 22:02:28,398 - INFO - Block with CHID {'user': {'name': 'Test', 'nationalNumber': 1, 'phone': 1, 'age': 20, 'email': 'test@bc.io', 'birth': '', 'HID': 'c81ee803e0b4d22ec53f3c9570d7d3aeb35b4c08f621b6ae8aec5c2acbd04cfc'}, 'credential': {'image': '', 'credentialID': 1, 'CID': '7f384ef9d1d01fb1be4b80cbab80e5a4fc6f7ba72faf78fe5db2bc1eb24ada5b', 'metadata': {'documentTitle': None, 'documentType': None, 'documentFormat': None, 'documentContentSize': 0}}, 'issuer': {'name': 'TestAuth', 'businessID': 1, 'AUTHID': '23a42193fc0960eeefa88e280cdd06ac4474aec773e1e92c69621cba17a57884'}, 'chid': 'b37b57b87e34551147466414755e88cf3d0bdd84a680ed5950eb367730d278c1'} inserted successfully. 
2026-09-29 22:02:28,595 - INFO - [Chain Validation] Initializing the chain validator.
2026-09-29 22:02:28,598 - INFO - [Miner]Mining block 0...
2026-09-29 22:02:28,977 - INFO - [Miner] Block 0 mined after 36254 attempts. Nonce: 36254
2026-09-29 22:02:28,977 - WARNING - [Chain Validation] Cannot validate. The ledger is empty.
2026-09-29 22:02:28,984 - INFO - Block with CHID {'user': {'name': 'Gensis-Block', 'nationalNumber': 0, 'phone': 0, 'age': 0, 'email': 'gensis@blockchain.io', 'birth': '', 'HID': '86b9cfefa3624e99ed49d4b95a65292e3ae59d1acc02e31aa391003979282fe0'}, 'credential': {'image': '', 'credentialID': 0, 'CID': 'be73143655a54956d57ca963bfd4e8437ee884b7a022d790d98afcd91066c65b', 'metadata': {'documentTitle': None, 'documentType': None, 'documentFormat': None, 'documentContentSize': 0}}, 'issuer': {'name': '', 'businessID': 0, 'AUTHID': '4930fe69eb193324e64c25a851e6c18f3b53657dfcda11c817fc34c450ff953d'}, 'chid': '57a5fa2eabd461db6913d2f6da58ef6fa9222530e0194e0334b3a1d22019344d'} inserted successfully. 
2026-09-29 22:02:29,091 - INFO - [Block Validation] Validatiing the block 0.
2026-09-29 22:02:29,091 - INFO - [Block Validation] The block 0 is valid.
2026-09-29 22:02:29,092 - INFO - [Chain Validation] Chain is valid.
2026-09-29 22:02:29,093 - INFO - [Miner]Mining block 1...
2026-09-29 22:02:31,854 - INFO - [Miner] Block 1 mined after 263556 attempts. Nonce: 263556
2026-09-29 22:02:31,855 - INFO - [Block Validation] Validatiing the block 0.
2026-09-29 22:02:31,856 - INFO - [Block Validation] The block 0 is valid.
2026-09-29 22:02:31,856 - INFO - [Chain Validation] Chain is valid.
2026-09-29 22:02:31,857 - INFO - Block with CHID {'user': {'name': 'Test', 'nationalNumber': 1, 'phone': 1, 'age': 20, 'email': 'test@bc.io', 'birth': '', 'HID': 'c81ee803e0b4d22ec53f3c9570d7d3aeb35b4c08f621b6ae8aec5c2acbd04cfc'}, 'credential': {'image': '', 'credentialID': 1, 'CID': '7f384ef9d1d01fb1be4b80cbab80e5a4fc6f7ba72faf78fe5db2bc1eb24ada5b', 'metadata': {'documentTitle': None, 'documentType': None, 'documentFormat': None, 'documentContentSize': 0}}, 'issuer': {'name': 'TestAuth', 'businessID': 1, 'AUTHID': '23a42193fc0960eeefa88e280cdd06ac4474aec773e1e92c69621cba17a57884'}, 'chid': 'b37b57b87e34551147466414755e88cf3d0bdd84a680ed5950eb367730d278c1'} inserted successfully. 
2026-09-29 22:02:32,209 - INFO - [Chain Validation] Initializing the chain validator.
2026-09-29 22:02:32,211 - INFO - [Miner]Mining block 0...
2026-09-29 22:02:32,842 - INFO - [Miner] Block 0 mined after 36254 attempts. Nonce: 36254
2026-09-29 22:02:32,843 - WARNING - [Chain Validation] Cannot validate. The ledger is empty.
2026-09-29 22:02:32,844 - INFO - Block with CHID {'user': {'name': 'Gensis-Block', 'nationalNumber': 0, 'phone': 0, 'age': 0, 'email': 'gensis@blockchain.io', 'birth': '', 'HID': '86b9cfefa3624e99ed49d4b95a65292e3ae59d1acc02e31aa391003979282fe0'}, 'credential': {'image': '', 'credentialID': 0, 'CID': 'be73143655a54956d57ca963bfd4e8437ee884b7a022d790d98afcd91066c65b', 'metadata': {'documentTitle': None, 'documentType': None, 'documentFormat': None, 'documentContentSize': 0}}, 'issuer': {'name': '', 'businessID': 0, 'AUTHID': '4930fe69eb193324e64c25a851e6c18f3b53657dfcda11c817fc34c450ff953d'}, 'chid': '57a5fa2eabd461db6913d2f6da58ef6fa9222530e0194e0334b3a1d22019344d'} inserted successfully. 
2026-09-29 22:02:33,156 - INFO - [Block Validation] Validatiing the block 0.
2026-09-29 22:02:33,158 - INFO - [Block Validation] The block 0 is valid.
2026-09-29 22:02:33,158 - INFO - [Chain Validation] Chain is valid.
2026-09-29 22:02:33,161 - INFO - [Miner]Mining block 1...
2026-09-29 22:02:36,277 - INFO - [Miner] Block 1 mined after 263556 attempts. Nonce: 263556
2026-09-29 22:02:36,278 - INFO - [Block Validation] Validatiing the block 0.
2026-09-29 22:02:36,278 - INFO - [Block Validation] The block 0 is valid.
2026-09-29 22:02:36,278 - INFO - [Chain Validation] Chain is valid.
2026-09-29 22:02:36,280 - INFO - Block with CHID {'user': {'name': 'Test', 'nationalNumber': 1, 'phone': 1, 'age': 20, 'email': 'test@bc.io', 'birth': '', 'HID': 'c81ee803e0b4d22ec53f3c9570d7d3aeb35b4c08f621b6ae8aec5c2acbd04cfc'}, 'credential': {'image': '', 'credentialID': 1, 'CID': '7f384ef9d1d01fb1be4b80cbab80e5a4fc6f7ba72faf78fe5db2bc1eb24ada5b', 'metadata': {'documentTitle': None, 'documentType': None, 'documentFormat': None, 'documentContentSize': 0}}, 'issuer': {'name': 'TestAuth', 'businessID': 1, 'AUTHID': '23a42193fc0960eeefa88e280cdd06ac4474aec773e1e92c69621cba17a57884'}, 'chid': 'b37b57b87e34551147466414755e88cf3d0bdd84a680ed5950eb367730d278c1'} inserted successfully. 
2026-09-29 22:02:36,287 - INFO - [Chain Validation] Initializing the chain validator.
2026-09-29 22:02:36,289 - INFO - [Miner]Mining block 0...
2026-09-29 22:02:36,756 - INFO - [Miner] Block 0 mined after 36254 attempts. Nonce: 36254
2026-09-29 22:02:36,756 - WARNING - [Chain Validation] Cannot validate. The ledger is empty.
2026-09-29 22:02:36,758 - INFO - Block with CHID {'user': {'name': 'Gensis-Block', 'nationalNumber': 0, 'phone': 0, 'age': 0, 'email': 'gensis@blockchain.io', 'birth': '', 'HID': '86b9cfefa3624e99ed49d4b95a65292e3ae59d1acc02e31aa391003979282fe0'}, 'credential': {'image': '', 'credentialID': 0, 'CID': 'be73143655a54956d57ca963bfd4e8437ee884b7a022d790d98afcd91066c65b', 'metadata': {'documentTitle': None, 'documentType': None, 'documentFormat': None, 'documentContentSize': 0}}, 'issuer': {'name': '', 'businessID': 0, 'AUTHID': '4930fe69eb193324e64c25a851e6c18f3b53657dfcda11c817fc34c450ff953d'}, 'chid': '57a5fa2eabd461db6913d2f6da58ef6fa9222530e0194e0334b3a1d22019344d'} inserted successfully. 
2026-09-29 22:02:36,840 - INFO - [Block Validation] Validatiing the block 0.
2026-09-29 22:02:36,840 - INFO - [Block Validation] The block 0 is valid.
2026-09-29 22:02:36,841 - INFO - [Chain Validation] Chain is valid.
2026-09-29 22:02:36,843 - INFO - [Miner]Mining block 1...
2026-09-29 22:02:40,612 - INFO - [Miner] Block 1 mined after 263556 attempts. Nonce: 263556
2026-09-29 22:02:40,613 - INFO - [Block Validation] Validatiing the block 0.
2026-09-29 22:02:40,613 - INFO - [Block Validation] The block 0 is valid.
2026-09-29 22:02:40,614 - INFO - [Chain Validation] Chain is valid.
2026-09-29 22:02:40,663 - INFO - Block with CHID {'user': {'name': 'Test', 'nationalNumber': 1, 'phone': 1, 'age': 20, 'email': 'test@bc.io', 'birth': '', 'HID': 'c81ee803e0b4d22ec53f3c9570d7d3aeb35b4c08f621b6ae8aec5c2acbd04cfc'}, 'credential': {'image': '', 'credentialID': 1, 'CID': '7f384ef9d1d01fb1be4b80cbab80e5a4fc6f7ba72faf78fe5db2bc1eb24ada5b', 'metadata': {'documentTitle': None, 'documentType': None, 'documentFormat': None, 'documentContentSize': 0}}, 'issuer': {'name': 'TestAuth', 'businessID': 1, 'AUTHID': '23a42193fc0960eeefa88e280cdd06ac4474aec773e1e92c69621cba17a57884'}, 'chid': 'b37b57b87e34551147466414755e88cf3d0bdd84a680ed5950eb367730d278c1'} inserted successfully. 
2026-09-29 22:02:40,875 - INFO - [Chain Validation] Initializing the chain validator.
2026-09-29 22:02:40,876 - INFO - [Miner]Mining block 0...
2026-09-29 22:02:41,472 - INFO - [Miner] Block 0 mined after 36254 attempts. Nonce: 36254
2026-09-29 22:02:41,472 - WARNING - [Chain Validation] Cannot validate. The ledger is empty.
2026-09-29 22:02:41,475 - INFO - Block with CHID {'user': {'name': 'Gensis-Block', 'nationalNumber': 0, 'phone': 0, 'age': 0, 'email': 'gensis@blockchain.io', 'birth': '', 'HID': '86b9cfefa3624e99ed49d4b95a65292e3ae59d1acc02e31aa391003979282fe0'}, 'credential': {'image': '', 'credentialID': 0, 'CID': 'be73143655a54956d57ca963bfd4e8437ee884b7a022d790d98afcd91066c65b', 'metadata': {'documentTitle': None, 'documentType': None, 'documentFormat': None, 'documentContentSize': 0}}, 'issuer': {'name': '', 'businessID': 0, 'AUTHID': '4930fe69eb193324e64c25a851e6c18f3b53657dfcda11c817fc34c450ff953d'}, 'chid': '57a5fa2eabd461db6913d2f6da58ef6fa9222530e0194e0334b3a1d22019344d'} inserted successfully. 
2026-09-29 22:02:41,668 - INFO - [Block Validation] Validatiing the block 0.
2026-09-29 22:02:41,668 - INFO - [Block Validation] The block 0 is valid.
2026-09-29 22:02:41,668 - INFO - [Chain Validation] Chain is valid.
2026-09-29 22:02:41,694 - INFO - [Miner]Mining block 1...
2026-09-29 22:02:45,263 - INFO - [Miner] Block 1 mined after 263556 attempts. Nonce: 263556
2026-09-29 22:02:45,263 - INFO - [Block Validation] Validatiing the block 1.
2026-09-29 22:02:45,263 - INFO - [Block Validation] The block 1 is valid.
2026-09-29 22:02:45,264 - INFO - [Block Validation] Validatiing the block 0.
2026-09-29 22:02:45,264 - INFO - [Block Validation] The block 0 is valid.
2026-09-29 22:02:45,264 - INFO - [Chain Validation] Chain is valid.
2026-09-29 22:02:45,266 - INFO - Block with CHID {'user': {'name': 'Test', 'nationalNumber': 1, 'phone': 1, 'age': 20, 'email': 'test@bc.io', 'birth': '', 'HID': 'c81ee803e0b4d22ec53f3c9570d7d3aeb35b4c08f621b6ae8aec5c2acbd04cfc'}, 'credential': {'image': '', 'credentialID': 1, 'CID': '7f384ef9d1d01fb1be4b80cbab80e5a4fc6f7ba72faf78fe5db2bc1eb24ada5b', 'metadata': {'documentTitle': None, 'documentType': None, 'documentFormat': None, 'documentContentSize': 0}}, 'issuer': {'name': 'TestAuth', 'businessID': 1, 'AUTHID': '23a42193fc0960eeefa88e280cdd06ac4474aec773e1e92c69621cba17a57884'}, 'chid': 'b37b57b87e34551147466414755e88cf3d0bdd84a680ed5950eb367730d278c1'} inserted successfully. 
2026-09-29 22:02:45,266 - INFO - [Block Validation] Received block 1 inserted.
2026-09-29 22:02:45,382 - INFO - [Chain Validation] Initializing the chain validator.
2026-09-29 22:02:45,384 - INFO - [Miner]Mining block 0...
2026-09-29 22:02:45,842 - INFO - [Miner] Block 0 mined after 36254 attempts. Nonce: 36254
2026-09-29 22:02:45,843 - WARNING - [Chain Validation] Cannot validate. The ledger is empty.
2026-09-29 22:02:45,844 - INFO - Block with CHID {'user': {'name': 'Gensis-Block', 'nationalNumber': 0, 'phone': 0, 'age': 0, 'email': 'gensis@blockchain.io', 'birth': '', 'HID': '86b9cfefa3624e99ed49d4b95a65292e3ae59d1acc02e31aa391003979282fe0'}, 'credential': {'image': '', 'credentialID': 0, 'CID': 'be73143655a54956d57ca963bfd4e8437ee884b7a022d790d98afcd91066c65b', 'metadata': {'documentTitle': None, 'documentType': None, 'documentFormat': None, 'documentContentSize': 0}}, 'issuer': {'name': '', 'businessID': 0, 'AUTHID': '4930fe69eb193324e64c25a851e6c18f3b53657dfcda11c817fc34c450ff953d'}, 'chid': '57a5fa2eabd461db6913d2f6da58ef6fa9222530e0194e0334b3a1d22019344d'} inserted successfully. 
2026-09-29 22:02:46,066 - INFO - [Block Validation] Validatiing the block 0.
2026-09-29 22:02:46,067 - INFO - [Block Validation] The block 0 is valid.
2026-09-29 22:02:46,067 - INFO - [Chain Validation] Chain is valid.
2026-09-29 22:02:46,068 - INFO - [Miner]Mining block 1...
2026-09-29 22:02:46,617 - INFO - [Miner] Block 1 mined after 37235 attempts. Nonce: 37235
2026-09-29 22:02:46,618 - INFO - [Block Validation] Validatiing the block 1.
2026-09-29 22:02:46,618 - WARNING - [Block Validation] The block 1 has an invalid previous hash !, expected: 00007b5208be, got: ffffffffffff
2026-09-29 22:02:46,755 - INFO - [Chain Validation] Initializing the chain validator.
2026-09-29 22:02:46,758 - INFO - [Miner]Mining block 0...
2026-09-29 22:02:47,141 - INFO - [Miner] Block 0 mined after 36254 attempts. Nonce: 36254
2026-09-29 22:02:47,142 - WARNING - [Chain Validation] Cannot validate. The ledger is empty.
2026-09-29 22:02:47,144 - INFO - Block with CHID {'user': {'name': 'Gensis-Block', 'nationalNumber': 0, 'phone': 0, 'age': 0, 'email': 'gensis@blockchain.io', 'birth': '', 'HID': '86b9cfefa3624e99ed49d4b95a65292e3ae59d1acc02e31aa391003979282fe0'}, 'credential': {'image': '', 'credentialID': 0, 'CID': 'be73143655a54956d57ca963bfd4e8437ee884b7a022d790d98afcd91066c65b', 'metadata': {'documentTitle': None, 'documentType': None, 'documentFormat': None, 'documentContentSize': 0}}, 'issuer': {'name': '', 'businessID': 0, 'AUTHID': '4930fe69eb193324e64c25a851e6c18f3b53657dfcda11c817fc34c450ff953d'}, 'chid': '57a5fa2eabd461db6913d2f6da58ef6fa9222530e0194e0334b3a1d22019344d'} inserted successfully. 
2026-09-29 22:02:47,273 - INFO - [Block Validation] Validatiing the block 0.
2026-09-29 22:02:47,274 - INFO - [Block Validation] The block 0 is valid.
2026-09-29 22:02:47,274 - INFO - [Chain Validation] Chain is valid.
2026-09-29 22:02:47,277 - INFO - [Miner]Mining block 1...
2026-09-29 22:02:51,416 - INFO - [Miner] Block 1 mined after 263556 attempts. Nonce: 263556
2026-09-29 22:02:51,416 - INFO - [Block Validation] Validatiing the block 1.
2026-09-29 22:02:51,416 - INFO - [Block Validation] The block 1 is valid.
2026-09-29 22:02:51,417 - INFO - [Block Validation] Validatiing the block 0.
2026-09-29 22:02:51,417 - INFO - [Block Validation] The block 0 is valid.
2026-09-29 22:02:51,418 - INFO - [Chain Validation] Chain is valid.
2026-09-29 22:02:51,419 - INFO - Block with CHID {'user': {'name': 'Test', 'nationalNumber': 1, 'phone': 1, 'age': 20, 'email': 'test@bc.io', 'birth': '', 'HID': 'c81ee803e0b4d22ec53f3c9570d7d3aeb35b4c08f621b6ae8aec5c2acbd04cfc'}, 'credential': {'image': '', 'credentialID': 1, 'CID': '7f384ef9d1d01fb1be4b80cbab80e5a4fc6f7ba72faf78fe5db2bc1eb24ada5b', 'metadata': {'documentTitle': None, 'documentType': None, 'documentFormat': None, 'documentContentSize': 0}}, 'issuer': {'name': 'TestAuth', 'businessID': 1, 'AUTHID': '23a42193fc0960eeefa88e280cdd06ac4474aec773e1e92c69621cba17a57884'}, 'chid': 'b37b57b87e34551147466414755e88cf3d0bdd84a680ed5950eb367730d278c1'} inserted successfully. 
2026-09-29 22:02:51,420 - INFO - [Block Validation] Received block 1 inserted.
2026-09-29 22:02:51,689 - INFO - [Chain Validation] Initializing the chain validator.
2026-09-29 22:02:51,691 - INFO - [Miner]Mining block 0...
2026-09-29 22:02:52,184 - INFO - [Miner] Block 0 mined after 36254 attempts. Nonce: 36254
2026-09-29 22:02:52,184 - WARNING - [Chain Validation] Cannot validate. The ledger is empty.
2026-09-29 22:02:52,187 - INFO - Block with CHID {'user': {'name': 'Gensis-Block', 'nationalNumber': 0, 'phone': 0, 'age': 0, 'email': 'gensis@blockchain.io', 'birth': '', 'HID': '86b9cfefa3624e99ed49d4b95a65292e3ae59d1acc02e31aa391003979282fe0'}, 'credential': {'image': '', 'credentialID': 0, 'CID': 'be73143655a54956d57ca963bfd4e8437ee884b7a022d790d98afcd91066c65b', 'metadata': {'documentTitle': None, 'documentType': None, 'documentFormat': None, 'documentContentSize': 0}}, 'issuer': {'name': '', 'businessID': 0, 'AUTHID': '4930fe69eb193324e64c25a851e6c18f3b53657dfcda11c817fc34c450ff953d'}, 'chid': '57a5fa2eabd461db6913d2f6da58ef6fa9222530e0194e0334b3a1d22019344d'} inserted successfully. 
2026-09-29 22:02:52,288 - INFO - [Block Validation] Validatiing the block 0.
2026-09-29 22:02:52,288 - INFO - [Block Validation] The block 0 is valid.
2026-09-29 22:02:52,288 - INFO - [Chain Validation] Chain is valid.
2026-09-29 22:02:52,290 - INFO - [Miner]Mining block 1...
2026-09-29 22:02:55,507 - INFO - [Miner] Block 1 mined after 263556 attempts. Nonce: 263556
2026-09-29 22:02:55,732 - INFO - [Block Validation] Validatiing the block 1.
2026-09-29 22:02:55,733 - INFO - [Block Validation] Validatiing the block 1.
2026-09-29 22:02:55,734 - INFO - [Block Validation] The block 1 is valid.
2026-09-29 22:02:55,733 - INFO - [Block Validation] The block 1 is valid.
2026-09-29 22:02:55,735 - INFO - [Block Validation] Validatiing the block 0.
2026-09-29 22:02:55,735 - INFO - [Block Validation] The block 0 is valid.
2026-09-29 22:02:55,735 - INFO - [Chain Validation] Chain is valid.
2026-09-29 22:02:55,737 - INFO - Block with CHID {'user': {'name': 'Test', 'nationalNumber': 1, 'phone': 1, 'age': 20, 'email': 'test@bc.io', 'birth': '', 'HID': 'c81ee803e0b4d22ec53f3c9570d7d3aeb35b4c08f621b6ae8aec5c2acbd04cfc'}, 'credential': {'image': '', 'credentialID': 1, 'CID': '7f384ef9d1d01fb1be4b80cbab80e5a4fc6f7ba72faf78fe5db2bc1eb24ada5b', 'metadata': {'documentTitle': None, 'documentType': None, 'documentFormat': None, 'documentContentSize': 0}}, 'issuer': {'name': 'TestAuth', 'businessID': 1, 'AUTHID': '23a42193fc0960eeefa88e280cdd06ac4474aec773e1e92c69621cba17a57884'}, 'chid': 'b37b57b87e34551147466414755e88cf3d0bdd84a680ed5950eb367730d278c1'} inserted successfully. 
2026-09-29 22:02:55,738 - INFO - [Block Validation] Received block 1 inserted.
2026-09-29 22:02:55,738 - WARNING - [Ledger] Block with CHID b37b57b87e34551147466414755e88cf3d0bdd84a680ed5950eb367730d278c1 already exists; refusing duplicate insert.
2026-09-29 22:02:56,224 - INFO - [Block Validation] Validatiing the block 0.
2026-09-29 22:02:56,224 - WARNING - [Block Validation] The block 0 is nor mined !
2026-09-29 22:02:56,424 - INFO - [Miner]Mining block 0...
2026-09-29 22:02:59,040 - INFO - [Miner] Block 0 mined after 178682 attempts. Nonce: 178682
2026-09-29 22:02:59,042 - INFO - [Block Validation] Validatiing the block 0.
2026-09-29 22:02:59,042 - INFO - [Block Validation] The block 0 is valid.
2026-09-29 22:02:59,248 - INFO - [Miner]Mining block 0...
2026-09-29 22:03:01,474 - INFO - [Miner] Block 0 mined after 178682 attempts. Nonce: 178682
2026-09-29 22:03:01,499 - INFO - [Block Validation] Validatiing the block 0.
2026-09-29 22:03:01,500 - INFO - [Block Validation] The block 0 is valid.
2026-09-29 22:03:01,627 - INFO - [Miner]Mining block 0...
2026-09-29 22:03:03,547 - INFO - [Miner] Block 0 mined after 178682 attempts. Nonce: 178682
2026-09-29 22:03:03,548 - INFO - [Block Validation] Validatiing the block 0.
2026-09-29 22:03:03,548 - WARNING - [Block Validation] The block 0 has an invalid previous hash !, expected: wrongwrongwr, got: 
2026-09-29 22:03:03,633 - INFO - [Miner]Mining block 0...
2026-09-29 22:03:05,799 - INFO - [Miner] Block 0 mined after 178682 attempts. Nonce: 178682
2026-09-29 22:03:05,800 - INFO - [Block Validation] Validatiing the block 999.
2026-09-29 22:03:05,800 - WARNING - [Block Validation] The block 999 is modified !
2026-09-29 22:03:07,458 - INFO - [Chain Validation] Initializing the chain validator.
2026-09-29 22:03:07,460 - INFO - [Miner]Mining block 0...
2026-09-29 22:03:08,210 - INFO - [Miner] Block 0 mined after 36254 attempts. Nonce: 36254
2026-09-29 22:03:08,210 - WARNING - [Chain Validation] Cannot validate. The ledger is empty.
2026-09-29 22:03:08,211 - INFO - Block with CHID {'user': {'name': 'Gensis-Block', 'nationalNumber': 0, 'phone': 0, 'age': 0, 'email': 'gensis@blockchain.io', 'birth': '', 'HID': '86b9cfefa3624e99ed49d4b95a65292e3ae59d1acc02e31aa391003979282fe0'}, 'credential': {'image': '', 'credentialID': 0, 'CID': 'be73143655a54956d57ca963bfd4e8437ee884b7a022d790d98afcd91066c65b', 'metadata': {'documentTitle': None, 'documentType': None, 'documentFormat': None, 'documentContentSize': 0}}, 'issuer': {'name': '', 'businessID': 0, 'AUTHID': '4930fe69eb193324e64c25a851e6c18f3b53657dfcda11c817fc34c450ff953d'}, 'chid': '57a5fa2eabd461db6913d2f6da58ef6fa9222530e0194e0334b3a1d22019344d'} inserted successfully. 
2026-09-29 22:03:08,359 - INFO - [Block Validation] Validatiing the block 0.
2026-09-29 22:03:08,359 - INFO - [Block Validation] The block 0 is valid.
2026-09-29 22:03:08,359 - INFO - [Chain Validation] Chain is valid.
2026-09-29 22:03:08,703 - INFO - [Chain Validation] Initializing the chain validator.
2026-09-29 22:03:08,705 - INFO - [Miner]Mining block 0...
2026-09-29 22:03:09,314 - INFO - [Miner] Block 0 mined after 36254 attempts. Nonce: 36254
2026-09-29 22:03:09,315 - WARNING - [Chain Validation] Cannot validate. The ledger is empty.
2026-09-29 22:03:09,338 - INFO - Block with CHID {'user': {'name': 'Gensis-Block', 'nationalNumber': 0, 'phone': 0, 'age': 0, 'email': 'gensis@blockchain.io', 'birth': '', 'HID': '86b9cfefa3624e99ed49d4b95a65292e3ae59d1acc02e31aa391003979282fe0'}, 'credential': {'image': '', 'credentialID': 0, 'CID': 'be73143655a54956d57ca963bfd4e8437ee884b7a022d790d98afcd91066c65b', 'metadata': {'documentTitle': None, 'documentType': None, 'documentFormat': None, 'documentContentSize': 0}}, 'issuer': {'name': '', 'businessID': 0, 'AUTHID': '4930fe69eb193324e64c25a851e6c18f3b53657dfcda11c817fc34c450ff953d'}, 'chid': '57a5fa2eabd461db6913d2f6da58ef6fa9222530e0194e0334b3a1d22019344d'} inserted successfully. 
2026-09-29 22:03:09,636 - INFO - [Block Validation] Validatiing the block 0.
2026-09-29 22:03:09,636 - INFO - [Block Validation] The block 0 is valid.
2026-09-29 22:03:09,637 - INFO - [Chain Validation] Chain is valid.
2026-09-29 22:03:09,637 - INFO - [Chain Validation] Initializing the chain validator.
2026-09-29 22:03:09,637 - INFO - [Block Validation] Validatiing the block 0.
2026-09-29 22:03:09,638 - INFO - [Block Validation] The block 0 is valid.
2026-09-29 22:03:09,638 - INFO - [Chain Validation] Chain is valid.
2026-09-29 22:03:09,983 - INFO - [Chain Validation] Initializing the chain validator.
2026-09-29 22:03:09,985 - INFO - [Miner]Mining block 0...
2026-09-29 22:03:10,400 - INFO - [Miner] Block 0 mined after 36254 attempts. Nonce: 36254
2026-09-29 22:03:10,400 - WARNING - [Chain Validation] Cannot validate. The ledger is empty.
2026-09-29 22:03:10,402 - INFO - Block with CHID {'user': {'name': 'Gensis-Block', 'nationalNumber': 0, 'phone': 0, 'age': 0, 'email': 'gensis@blockchain.io', 'birth': '', 'HID': '86b9cfefa3624e99ed49d4b95a65292e3ae59d1acc02e31aa391003979282fe0'}, 'credential': {'image': '', 'credentialID': 0, 'CID': 'be73143655a54956d57ca963bfd4e8437ee884b7a022d790d98afcd91066c65b', 'metadata': {'documentTitle': None, 'documentType': None, 'documentFormat': None, 'documentContentSize': 0}}, 'issuer': {'name': '', 'businessID': 0, 'AUTHID': '4930fe69eb193324e64c25a851e6c18f3b53657dfcda11c817fc34c450ff953d'}, 'chid': '57a5fa2eabd461db6913d2f6da58ef6fa9222530e0194e0334b3a1d22019344d'} inserted successfully. 
2026-09-29 22:03:10,524 - INFO - [Block Validation] Validatiing the block 0.
2026-09-29 22:03:10,524 - INFO - [Block Validation] The block 0 is valid.
2026-09-29 22:03:10,525 - INFO - [Chain Validation] Chain is valid.
2026-09-29 22:03:10,698 - INFO - [Chain Validation] Initializing the chain validator.
2026-09-29 22:03:10,700 - INFO - [Miner]Mining block 0...
2026-09-29 22:03:11,004 - INFO - [Miner] Block 0 mined after 36254 attempts. Nonce: 36254
2026-09-29 22:03:11,004 - WARNING - [Chain Validation] Cannot validate. The ledger is empty.
2026-09-29 22:03:11,041 - INFO - Block with CHID {'user': {'name': 'Gensis-Block', 'nationalNumber': 0, 'phone': 0, 'age': 0, 'email': 'gensis@blockchain.io', 'birth': '', 'HID': '86b9cfefa3624e99ed49d4b95a65292e3ae59d1acc02e31aa391003979282fe0'}, 'credential': {'image': '', 'credentialID': 0, 'CID': 'be73143655a54956d57ca963bfd4e8437ee884b7a022d790d98afcd91066c65b', 'metadata': {'documentTitle': None, 'documentType': None, 'documentFormat': None, 'documentContentSize': 0}}, 'issuer': {'name': '', 'businessID': 0, 'AUTHID': '4930fe69eb193324e64c25a851e6c18f3b53657dfcda11c817fc34c450ff953d'}, 'chid': '57a5fa2eabd461db6913d2f6da58ef6fa9222530e0194e0334b3a1d22019344d'} inserted successfully. 
2026-09-29 22:03:11,059 - INFO - [Block Validation] Validatiing the block 0.
2026-09-29 22:03:11,059 - INFO - [Block Validation] The block 0 is valid.
2026-09-29 22:03:11,059 - INFO - [Chain Validation] Chain is valid.
2026-09-29 22:03:11,060 - INFO - [Chain Validation] Initializing the chain validator.
2026-09-29 22:03:11,062 - INFO - [Miner]Mining block 0...
2026-09-29 22:03:11,552 - INFO - [Miner] Block 0 mined after 36254 attempts. Nonce: 36254
2026-09-29 22:03:11,553 - WARNING - [Chain Validation] Cannot validate. The ledger is empty.
2026-09-29 22:03:11,555 - INFO - Block with CHID {'user': {'name': 'Gensis-Block', 'nationalNumber': 0, 'phone': 0, 'age': 0, 'email': 'gensis@blockchain.io', 'birth': '', 'HID': '86b9cfefa3624e99ed49d4b95a65292e3ae59d1acc02e31aa391003979282fe0'}, 'credential': {'image': '', 'credentialID': 0, 'CID': 'be73143655a54956d57ca963bfd4e8437ee884b7a022d790d98afcd91066c65b', 'metadata': {'documentTitle': None, 'documentType': None, 'documentFormat': None, 'documentContentSize': 0}}, 'issuer': {'name': '', 'businessID': 0, 'AUTHID': '4930fe69eb193324e64c25a851e6c18f3b53657dfcda11c817fc34c450ff953d'}, 'chid': '57a5fa2eabd461db6913d2f6da58ef6fa9222530e0194e0334b3a1d22019344d'} inserted successfully. 
2026-09-29 22:03:11,735 - INFO - [Block Validation] Validatiing the block 0.
2026-09-29 22:03:11,735 - INFO - [Block Validation] The block 0 is valid.
2026-09-29 22:03:11,735 - INFO - [Chain Validation] Chain is valid.
2026-09-29 22:03:11,736 - INFO - [Miner]Mining block 1...
2026-09-29 22:03:12,374 - INFO - [Miner] Block 1 mined after 39703 attempts. Nonce: 39703
2026-09-29 22:03:12,375 - INFO - [Block Validation] Validatiing the block 0.
2026-09-29 22:03:12,375 - INFO - [Block Validation] The block 0 is valid.
2026-09-29 22:03:12,376 - INFO - [Chain Validation] Chain is valid.
2026-09-29 22:03:12,378 - INFO - Block with CHID {'user': {'name': 'RemoteUser_0', 'nationalNumber': 300, 'phone': 0, 'age': 25, 'email': 'test@bc.io', 'birth': '', 'HID': 'bf64a79ede574b2a64fd0f84a9cda5276badd76d7303604b87605bc339770c2f'}, 'credential': {'image': '', 'credentialID': 0, 'CID': 'be73143655a54956d57ca963bfd4e8437ee884b7a022d790d98afcd91066c65b', 'metadata': {'documentTitle': None, 'documentType': None, 'documentFormat': None, 'documentContentSize': 0}}, 'issuer': {'name': 'RemoteAuth', 'businessID': 10, 'AUTHID': 'dd903924d058b54c4e7a011a579f1fba2d488c058364f755227119b7719b2f50'}, 'chid': '1e2d34e86e3e2fc2796f70973083097b39906b9cbb1905e04c2a140e71677ef1'} inserted successfully. 
2026-09-29 22:03:12,379 - INFO - [Miner]Mining block 2...
2026-09-29 22:03:14,266 - INFO - [Miner] Block 2 mined after 123129 attempts. Nonce: 123129
2026-09-29 22:03:14,267 - INFO - [Block Validation] Validatiing the block 0.
2026-09-29 22:03:14,267 - INFO - [Block Validation] The block 0 is valid.
2026-09-29 22:03:14,267 - INFO - [Block Validation] Validatiing the block 1.
2026-09-29 22:03:14,267 - INFO - [Block Validation] The block 1 is valid.
2026-09-29 22:03:14,268 - INFO - [Chain Validation] Chain is valid.
2026-09-29 22:03:14,271 - INFO - Block with CHID {'user': {'name': 'RemoteUser_1', 'nationalNumber': 301, 'phone': 1, 'age': 25, 'email': 'test@bc.io', 'birth': '', 'HID': '6f8002b9d3ab35a43f668a3982214606af927c0226dad0bfbebb468634b1457d'}, 'credential': {'image': '', 'credentialID': 1, 'CID': '7f384ef9d1d01fb1be4b80cbab80e5a4fc6f7ba72faf78fe5db2bc1eb24ada5b', 'metadata': {'documentTitle': None, 'documentType': None, 'documentFormat': None, 'documentContentSize': 0}}, 'issuer': {'name': 'RemoteAuth', 'businessID': 11, 'AUTHID': 'e46ada91ae961cb4c1e0541bc898693f81042728315be62f7d76d6c4da4743d6'}, 'chid': 'e5d6fb47cdb40825ad52f6418bba5ddbd8042531bcadb553815c36e58b01991e'} inserted successfully. 
2026-09-29 22:03:14,271 - INFO - [Chain Validation] Initializing the chain validator.
2026-09-29 22:03:14,272 - INFO - [Block Validation] Validatiing the block 0.
2026-09-29 22:03:14,272 - INFO - [Block Validation] The block 0 is valid.
2026-09-29 22:03:14,273 - INFO - [Block Validation] Validatiing the block 1.
2026-09-29 22:03:14,273 - INFO - [Block Validation] The block 1 is valid.
2026-09-29 22:03:14,273 - INFO - [Block Validation] Validatiing the block 2.
2026-09-29 22:03:14,273 - INFO - [Block Validation] The block 2 is valid.
2026-09-29 22:03:14,274 - INFO - [Chain Validation] Chain is valid.
2026-09-29 22:03:14,274 - INFO - [Chain Validation] Initializing the chain validator.
2026-09-29 22:03:14,274 - INFO - [Block Validation] Validatiing the block 0.
2026-09-29 22:03:14,274 - INFO - [Block Validation] The block 0 is valid.
2026-09-29 22:03:14,275 - INFO - [Block Validation] Validatiing the block 1.
2026-09-29 22:03:14,275 - INFO - [Block Validation] The block 1 is valid.
2026-09-29 22:03:14,275 - INFO - [Block Validation] Validatiing the block 2.
2026-09-29 22:03:14,277 - INFO - [Block Validation] The block 2 is valid.
2026-09-29 22:03:14,278 - INFO - [Chain Validation] Chain is valid.
2026-09-29 22:03:14,491 - INFO - [Chain Validation] Initializing the chain validator.
2026-09-29 22:03:14,494 - INFO - [Miner]Mining block 0...
2026-09-29 22:03:15,155 - INFO - [Miner] Block 0 mined after 36254 attempts. Nonce: 36254
2026-09-29 22:03:15,155 - WARNING - [Chain Validation] Cannot validate. The ledger is empty.
2026-09-29 22:03:15,156 - INFO - Block with CHID {'user': {'name': 'Gensis-Block', 'nationalNumber': 0, 'phone': 0, 'age': 0, 'email': 'gensis@blockchain.io', 'birth': '', 'HID': '86b9cfefa3624e99ed49d4b95a65292e3ae59d1acc02e31aa391003979282fe0'}, 'credential': {'image': '', 'credentialID': 0, 'CID': 'be73143655a54956d57ca963bfd4e8437ee884b7a022d790d98afcd91066c65b', 'metadata': {'documentTitle': None, 'documentType': None, 'documentFormat': None, 'documentContentSize': 0}}, 'issuer': {'name': '', 'businessID': 0, 'AUTHID': '4930fe69eb193324e64c25a851e6c18f3b53657dfcda11c817fc34c450ff953d'}, 'chid': '57a5fa2eabd461db6913d2f6da58ef6fa9222530e0194e0334b3a1d22019344d'} inserted successfully. 
2026-09-29 22:03:15,338 - INFO - [Block Validation] Validatiing the block 0.
2026-09-29 22:03:15,339 - INFO - [Block Validation] The block 0 is valid.
2026-09-29 22:03:15,339 - INFO - [Chain Validation] Chain is valid.
2026-09-29 22:03:15,339 - INFO - [Miner]Mining block 1...
2026-09-29 22:03:16,814 - INFO - [Miner] Block 1 mined after 80965 attempts. Nonce: 80965
2026-09-29 22:03:16,815 - INFO - [Block Validation] Validatiing the block 0.
2026-09-29 22:03:16,815 - INFO - [Block Validation] The block 0 is valid.
2026-09-29 22:03:16,815 - INFO - [Chain Validation] Chain is valid.
2026-09-29 22:03:16,817 - INFO - Block with CHID {'user': {'name': 'LocalUser_0', 'nationalNumber': 400, 'phone': 0, 'age': 25, 'email': 'test@bc.io', 'birth': '', 'HID': '7262e1e5aa2f3d89cec698392eaa6173c0364486ab0b4e7b80c5138f20e6ed4f'}, 'credential': {'image': '', 'credentialID': 0, 'CID': 'be73143655a54956d57ca963bfd4e8437ee884b7a022d790d98afcd91066c65b', 'metadata': {'documentTitle': None, 'documentType': None, 'documentFormat': None, 'documentContentSize': 0}}, 'issuer': {'name': 'LocalAuth', 'businessID': 20, 'AUTHID': '139077294b03009ed2050515f23847c896afb4975a804baf9fd07ccf67870a8f'}, 'chid': 'd11e5ba8d454bec0cfa22c4a8432220eb03d7cb1d786a9f0240c46db226e24ee'} inserted successfully. 
2026-09-29 22:03:16,818 - INFO - [Miner]Mining block 2...
2026-09-29 22:03:18,900 - INFO - [Miner] Block 2 mined after 107226 attempts. Nonce: 107226
2026-09-29 22:03:18,901 - INFO - [Block Validation] Validatiing the block 0.
2026-09-29 22:03:18,901 - INFO - [Block Validation] The block 0 is valid.
2026-09-29 22:03:18,902 - INFO - [Block Validation] Validatiing the block 1.
2026-09-29 22:03:18,902 - INFO - [Block Validation] The block 1 is valid.
2026-09-29 22:03:18,902 - INFO - [Chain Validation] Chain is valid.
2026-09-29 22:03:18,952 - INFO - Block with CHID {'user': {'name': 'LocalUser_1', 'nationalNumber': 401, 'phone': 1, 'age': 25, 'email': 'test@bc.io', 'birth': '', 'HID': 'ec2cf556feebd5fdbb261494ea9ff386e8d87bcdc1e4b9b533d0350551726b94'}, 'credential': {'image': '', 'credentialID': 1, 'CID': '7f384ef9d1d01fb1be4b80cbab80e5a4fc6f7ba72faf78fe5db2bc1eb24ada5b', 'metadata': {'documentTitle': None, 'documentType': None, 'documentFormat': None, 'documentContentSize': 0}}, 'issuer': {'name': 'LocalAuth', 'businessID': 21, 'AUTHID': '7f190f23e73356881502ebf96439d0a8fef08bc88e08a356ec5a57b3a14e2a42'}, 'chid': '945d5df678e56e72cd9ee1aaa3622ae167b1448e0131e5a07e3bfd68fac5e170'} inserted successfully. 
2026-09-29 22:03:18,953 - INFO - [Chain Validation] Initializing the chain validator.
2026-09-29 22:03:18,954 - INFO - [Miner]Mining block 0...
2026-09-29 22:03:19,438 - INFO - [Miner] Block 0 mined after 36254 attempts. Nonce: 36254
2026-09-29 22:03:19,438 - WARNING - [Chain Validation] Cannot validate. The ledger is empty.
2026-09-29 22:03:19,440 - INFO - Block with CHID {'user': {'name': 'Gensis-Block', 'nationalNumber': 0, 'phone': 0, 'age': 0, 'email': 'gensis@blockchain.io', 'birth': '', 'HID': '86b9cfefa3624e99ed49d4b95a65292e3ae59d1acc02e31aa391003979282fe0'}, 'credential': {'image': '', 'credentialID': 0, 'CID': 'be73143655a54956d57ca963bfd4e8437ee884b7a022d790d98afcd91066c65b', 'metadata': {'documentTitle': None, 'documentType': None, 'documentFormat': None, 'documentContentSize': 0}}, 'issuer': {'name': '', 'businessID': 0, 'AUTHID': '4930fe69eb193324e64c25a851e6c18f3b53657dfcda11c817fc34c450ff953d'}, 'chid': '57a5fa2eabd461db6913d2f6da58ef6fa9222530e0194e0334b3a1d22019344d'} inserted successfully. 
2026-09-29 22:03:19,620 - INFO - [Block Validation] Validatiing the block 0.
2026-09-29 22:03:19,621 - INFO - [Block Validation] The block 0 is valid.
2026-09-29 22:03:19,621 - INFO - [Chain Validation] Chain is valid.
2026-09-29 22:03:19,621 - INFO - [Chain Validation] Initializing the chain validator.
2026-09-29 22:03:19,622 - INFO - [Block Validation] Validatiing the block 0.
2026-09-29 22:03:19,622 - INFO - [Block Validation] The block 0 is valid.
2026-09-29 22:03:19,622 - INFO - [Chain Validation] Chain is valid.
2026-09-29 22:03:20,300 - INFO - [Chain Validation] Initializing the chain validator.
2026-09-29 22:03:20,302 - INFO - [Miner]Mining block 0...
2026-09-29 22:03:20,664 - INFO - [Miner] Block 0 mined after 36254 attempts. Nonce: 36254
2026-09-29 22:03:20,664 - WARNING - [Chain Validation] Cannot validate. The ledger is empty.
2026-09-29 22:03:20,666 - INFO - Block with CHID {'user': {'name': 'Gensis-Block', 'nationalNumber': 0, 'phone': 0, 'age': 0, 'email': 'gensis@blockchain.io', 'birth': '', 'HID': '86b9cfefa3624e99ed49d4b95a65292e3ae59d1acc02e31aa391003979282fe0'}, 'credential': {'image': '', 'credentialID': 0, 'CID': 'be73143655a54956d57ca963bfd4e8437ee884b7a022d790d98afcd91066c65b', 'metadata': {'documentTitle': None, 'documentType': None, 'documentFormat': None, 'documentContentSize': 0}}, 'issuer': {'name': '', 'businessID': 0, 'AUTHID': '4930fe69eb193324e64c25a851e6c18f3b53657dfcda11c817fc34c450ff953d'}, 'chid': '57a5fa2eabd461db6913d2f6da58ef6fa9222530e0194e0334b3a1d22019344d'} inserted successfully. 
2026-09-29 22:03:20,834 - INFO - [Block Validation] Validatiing the block 0.
2026-09-29 22:03:20,835 - INFO - [Block Validation] The block 0 is valid.
2026-09-29 22:03:20,835 - INFO - [Chain Validation] Chain is valid.
2026-09-29 22:03:20,835 - INFO - [Miner]Mining block 1...
2026-09-29 22:03:24,388 - INFO - [Miner] Block 1 mined after 263556 attempts. Nonce: 263556
2026-09-29 22:03:24,389 - INFO - [Block Validation] Validatiing the block 0.
2026-09-29 22:03:24,389 - INFO - [Block Validation] The block 0 is valid.
2026-09-29 22:03:24,389 - INFO - [Chain Validation] Chain is valid.
2026-09-29 22:03:24,439 - INFO - Block with CHID {'user': {'name': 'Test', 'nationalNumber': 1, 'phone': 1, 'age': 20, 'email': 'test@bc.io', 'birth': '', 'HID': 'c81ee803e0b4d22ec53f3c9570d7d3aeb35b4c08f621b6ae8aec5c2acbd04cfc'}, 'credential': {'image': '', 'credentialID': 1, 'CID': '7f384ef9d1d01fb1be4b80cbab80e5a4fc6f7ba72faf78fe5db2bc1eb24ada5b', 'metadata': {'documentTitle': None, 'documentType': None, 'documentFormat': None, 'documentContentSize': 0}}, 'issuer': {'name': 'TestAuth', 'businessID': 1, 'AUTHID': '23a42193fc0960eeefa88e280cdd06ac4474aec773e1e92c69621cba17a57884'}, 'chid': 'b37b57b87e34551147466414755e88cf3d0bdd84a680ed5950eb367730d278c1'} inserted successfully. 
2026-09-29 22:03:24,440 - INFO - [Chain Validation] Initializing the chain validator.
2026-09-29 22:03:24,441 - INFO - [Block Validation] Validatiing the block 0.
2026-09-29 22:03:24,442 - INFO - [Block Validation] The block 0 is valid.
2026-09-29 22:03:24,442 - INFO - [Block Validation] Validatiing the block 1.
2026-09-29 22:03:24,443 - INFO - [Block Validation] The block 1 is valid.
2026-09-29 22:03:24,443 - INFO - [Chain Validation] Chain is valid.
2026-09-29 22:03:24,607 - INFO - [Chain Validation] Initializing the chain validator.
2026-09-29 22:03:24,610 - INFO - [Miner]Mining block 0...
2026-09-29 22:03:24,977 - INFO - [Miner] Block 0 mined after 36254 attempts. Nonce: 36254
2026-09-29 22:03:24,977 - WARNING - [Chain Validation] Cannot validate. The ledger is empty.
2026-09-29 22:03:24,979 - INFO - Block with CHID {'user': {'name': 'Gensis-Block', 'nationalNumber': 0, 'phone': 0, 'age': 0, 'email': 'gensis@blockchain.io', 'birth': '', 'HID': '86b9cfefa3624e99ed49d4b95a65292e3ae59d1acc02e31aa391003979282fe0'}, 'credential': {'image': '', 'credentialID': 0, 'CID': 'be73143655a54956d57ca963bfd4e8437ee884b7a022d790d98afcd91066c65b', 'metadata': {'documentTitle': None, 'documentType': None, 'documentFormat': None, 'documentContentSize': 0}}, 'issuer': {'name': '', 'businessID': 0, 'AUTHID': '4930fe69eb193324e64c25a851e6c18f3b53657dfcda11c817fc34c450ff953d'}, 'chid': '57a5fa2eabd461db6913d2f6da58ef6fa9222530e0194e0334b3a1d22019344d'} inserted successfully. 
2026-09-29 22:03:25,149 - INFO - [Block Validation] Validatiing the block 0.
2026-09-29 22:03:25,149 - INFO - [Block Validation] The block 0 is valid.
2026-09-29 22:03:25,149 - INFO - [Chain Validation] Chain is valid.
2026-09-29 22:03:25,149 - INFO - [Chain Validation] Initializing the chain validator.
2026-09-29 22:03:25,150 - INFO - [Block Validation] Validatiing the block 0.
2026-09-29 22:03:25,150 - INFO - [Block Validation] The block 0 is valid.
2026-09-29 22:03:25,150 - INFO - [Chain Validation] Chain is valid.
2026-09-29 22:03:25,273 - INFO - [Chain Validation] Initializing the chain validator.
2026-09-29 22:03:25,276 - INFO - [Miner]Mining block 0...
2026-09-29 22:03:25,609 - INFO - [Miner] Block 0 mined after 36254 attempts. Nonce: 36254
2026-09-29 22:03:25,610 - WARNING - [Chain Validation] Cannot validate. The ledger is empty.
2026-09-29 22:03:25,611 - INFO - Block with CHID {'user': {'name': 'Gensis-Block', 'nationalNumber': 0, 'phone': 0, 'age': 0, 'email': 'gensis@blockchain.io', 'birth': '', 'HID': '86b9cfefa3624e99ed49d4b95a65292e3ae59d1acc02e31aa391003979282fe0'}, 'credential': {'image': '', 'credentialID': 0, 'CID': 'be73143655a54956d57ca963bfd4e8437ee884b7a022d790d98afcd91066c65b', 'metadata': {'documentTitle': None, 'documentType': None, 'documentFormat': None, 'documentContentSize': 0}}, 'issuer': {'name': '', 'businessID': 0, 'AUTHID': '4930fe69eb193324e64c25a851e6c18f3b53657dfcda11c817fc34c450ff953d'}, 'chid': '57a5fa2eabd461db6913d2f6da58ef6fa9222530e0194e0334b3a1d22019344d'} inserted successfully. 
2026-09-29 22:03:25,738 - INFO - [Block Validation] Validatiing the block 0.
2026-09-29 22:03:25,739 - INFO - [Block Validation] The block 0 is valid.
2026-09-29 22:03:25,739 - INFO - [Chain Validation] Chain is valid.
2026-09-29 22:03:25,739 - INFO - [Miner]Mining block 1...
2026-09-29 22:03:29,961 - INFO - [Miner] Block 1 mined after 263556 attempts. Nonce: 263556
2026-09-29 22:03:29,962 - INFO - [Block Validation] Validatiing the block 0.
2026-09-29 22:03:29,962 - INFO - [Block Validation] The block 0 is valid.
2026-09-29 22:03:29,962 - INFO - [Chain Validation] Chain is valid.
2026-09-29 22:03:29,964 - INFO - Block with CHID {'user': {'name': 'Test', 'nationalNumber': 1, 'phone': 1, 'age': 20, 'email': 'test@bc.io', 'birth': '', 'HID': 'c81ee803e0b4d22ec53f3c9570d7d3aeb35b4c08f621b6ae8aec5c2acbd04cfc'}, 'credential': {'image': '', 'credentialID': 1, 'CID': '7f384ef9d1d01fb1be4b80cbab80e5a4fc6f7ba72faf78fe5db2bc1eb24ada5b', 'metadata': {'documentTitle': None, 'documentType': None, 'documentFormat': None, 'documentContentSize': 0}}, 'issuer': {'name': 'TestAuth', 'businessID': 1, 'AUTHID': '23a42193fc0960eeefa88e280cdd06ac4474aec773e1e92c69621cba17a57884'}, 'chid': 'b37b57b87e34551147466414755e88cf3d0bdd84a680ed5950eb367730d278c1'} inserted successfully. 
2026-09-29 22:03:29,969 - INFO - [Chain Validation] Initializing the chain validator.
2026-09-29 22:03:29,970 - INFO - [Block Validation] Validatiing the block 0.
2026-09-29 22:03:29,970 - INFO - [Block Validation] The block 0 is valid.
2026-09-29 22:03:29,971 - INFO - [Block Validation] Validatiing the block 1.
2026-09-29 22:03:29,971 - WARNING - [Block Validation] The block 1 is modified !
2026-09-29 22:03:30,192 - INFO - [Chain Validation] Initializing the chain validator.
2026-09-29 22:03:30,195 - INFO - [Miner]Mining block 0...
2026-09-29 22:03:30,544 - INFO - [Miner] Block 0 mined after 36254 attempts. Nonce: 36254
2026-09-29 22:03:30,544 - WARNING - [Chain Validation] Cannot validate. The ledger is empty.
2026-09-29 22:03:30,545 - INFO - Block with CHID {'user': {'name': 'Gensis-Block', 'nationalNumber': 0, 'phone': 0, 'age': 0, 'email': 'gensis@blockchain.io', 'birth': '', 'HID': '86b9cfefa3624e99ed49d4b95a65292e3ae59d1acc02e31aa391003979282fe0'}, 'credential': {'image': '', 'credentialID': 0, 'CID': 'be73143655a54956d57ca963bfd4e8437ee884b7a022d790d98afcd91066c65b', 'metadata': {'documentTitle': None, 'documentType': None, 'documentFormat': None, 'documentContentSize': 0}}, 'issuer': {'name': '', 'businessID': 0, 'AUTHID': '4930fe69eb193324e64c25a851e6c18f3b53657dfcda11c817fc34c450ff953d'}, 'chid': '57a5fa2eabd461db6913d2f6da58ef6fa9222530e0194e0334b3a1d22019344d'} inserted successfully. 
2026-09-29 22:03:30,673 - INFO - [Block Validation] Validatiing the block 0.
2026-09-29 22:03:30,673 - INFO - [Block Validation] The block 0 is valid.
2026-09-29 22:03:30,673 - INFO - [Chain Validation] Chain is valid.
2026-09-29 22:03:30,673 - INFO - [Miner]Mining block 1...
2026-09-29 22:03:34,735 - INFO - [Miner] Block 1 mined after 263556 attempts. Nonce: 263556
2026-09-29 22:03:34,736 - INFO - [Block Validation] Validatiing the block 0.
2026-09-29 22:03:34,736 - INFO - [Block Validation] The block 0 is valid.
2026-09-29 22:03:34,736 - INFO - [Chain Validation] Chain is valid.
2026-09-29 22:03:34,737 - INFO - Block with CHID {'user': {'name': 'Test', 'nationalNumber': 1, 'phone': 1, 'age': 20, 'email': 'test@bc.io', 'birth': '', 'HID': 'c81ee803e0b4d22ec53f3c9570d7d3aeb35b4c08f621b6ae8aec5c2acbd04cfc'}, 'credential': {'image': '', 'credentialID': 1, 'CID': '7f384ef9d1d01fb1be4b80cbab80e5a4fc6f7ba72faf78fe5db2bc1eb24ada5b', 'metadata': {'documentTitle': None, 'documentType': None, 'documentFormat': None, 'documentContentSize': 0}}, 'issuer': {'name': 'TestAuth', 'businessID': 1, 'AUTHID': '23a42193fc0960eeefa88e280cdd06ac4474aec773e1e92c69621cba17a57884'}, 'chid': 'b37b57b87e34551147466414755e88cf3d0bdd84a680ed5950eb367730d278c1'} inserted successfully. 
2026-09-29 22:03:34,746 - INFO - [Chain Validation] Initializing the chain validator.
2026-09-29 22:03:34,746 - INFO - [Block Validation] Validatiing the block 0.
2026-09-29 22:03:34,834 - INFO - [Block Validation] The block 0 is valid.
2026-09-29 22:03:34,835 - INFO - [Block Validation] Validatiing the block 1.
2026-09-29 22:03:34,835 - WARNING - [Block Validation] The block 1 is nor mined !
2026-09-29 22:03:35,052 - INFO - [Chain Validation] Initializing the chain validator.
2026-09-29 22:03:35,053 - INFO - [Miner]Mining block 0...
2026-09-29 22:03:35,439 - INFO - [Miner] Block 0 mined after 36254 attempts. Nonce: 36254
2026-09-29 22:03:35,439 - WARNING - [Chain Validation] Cannot validate. The ledger is empty.
2026-09-29 22:03:35,441 - INFO - Block with CHID {'user': {'name': 'Gensis-Block', 'nationalNumber': 0, 'phone': 0, 'age': 0, 'email': 'gensis@blockchain.io', 'birth': '', 'HID': '86b9cfefa3624e99ed49d4b95a65292e3ae59d1acc02e31aa391003979282fe0'}, 'credential': {'image': '', 'credentialID': 0, 'CID': 'be73143655a54956d57ca963bfd4e8437ee884b7a022d790d98afcd91066c65b', 'metadata': {'documentTitle': None, 'documentType': None, 'documentFormat': None, 'documentContentSize': 0}}, 'issuer': {'name': '', 'businessID': 0, 'AUTHID': '4930fe69eb193324e64c25a851e6c18f3b53657dfcda11c817fc34c450ff953d'}, 'chid': '57a5fa2eabd461db6913d2f6da58ef6fa9222530e0194e0334b3a1d22019344d'} inserted successfully. 
2026-09-29 22:03:35,576 - INFO - [Block Validation] Validatiing the block 0.
2026-09-29 22:03:35,577 - INFO - [Block Validation] The block 0 is valid.
2026-09-29 22:03:35,577 - INFO - [Chain Validation] Chain is valid.
2026-09-29 22:03:35,577 - INFO - [Miner]Mining block 1...
2026-09-29 22:03:38,765 - INFO - [Miner] Block 1 mined after 263556 attempts. Nonce: 263556
2026-09-29 22:03:38,765 - INFO - [Block Validation] Validatiing the block 0.
2026-09-29 22:03:38,766 - INFO - [Block Validation] The block 0 is valid.
2026-09-29 22:03:38,770 - INFO - [Chain Validation] Chain is valid.
2026-09-29 22:03:38,772 - INFO - Block with CHID {'user': {'name': 'Test', 'nationalNumber': 1, 'phone': 1, 'age': 20, 'email': 'test@bc.io', 'birth': '', 'HID': 'c81ee803e0b4d22ec53f3c9570d7d3aeb35b4c08f621b6ae8aec5c2acbd04cfc'}, 'credential': {'image': '', 'credentialID': 1, 'CID': '7f384ef9d1d01fb1be4b80cbab80e5a4fc6f7ba72faf78fe5db2bc1eb24ada5b', 'metadata': {'documentTitle': None, 'documentType': None, 'documentFormat': None, 'documentContentSize': 0}}, 'issuer': {'name': 'TestAuth', 'businessID': 1, 'AUTHID': '23a42193fc0960eeefa88e280cdd06ac4474aec773e1e92c69621cba17a57884'}, 'chid': 'b37b57b87e34551147466414755e88cf3d0bdd84a680ed5950eb367730d278c1'} inserted successfully. 
2026-09-29 22:03:38,774 - INFO - [Miner]Mining block 1...
2026-09-29 22:03:40,333 - INFO - [Miner] Block 1 mined after 103947 attempts. Nonce: 367503
2026-09-29 22:03:40,340 - INFO - [Chain Validation] Initializing the chain validator.
2026-09-29 22:03:40,340 - INFO - [Block Validation] Validatiing the block 0.
2026-09-29 22:03:40,341 - INFO - [Block Validation] The block 0 is valid.
2026-09-29 22:03:40,341 - INFO - [Block Validation] Validatiing the block 1.
2026-09-29 22:03:40,341 - INFO - [Block Validation] The block 1 is valid.
2026-09-29 22:03:40,575 - INFO - [Chain Validation] Initializing the chain validator.
2026-09-29 22:03:40,578 - INFO - [Miner]Mining block 0...
2026-09-29 22:03:41,119 - INFO - [Miner] Block 0 mined after 36254 attempts. Nonce: 36254
2026-09-29 22:03:41,120 - WARNING - [Chain Validation] Cannot validate. The ledger is empty.
2026-09-29 22:03:41,121 - INFO - Block with CHID {'user': {'name': 'Gensis-Block', 'nationalNumber': 0, 'phone': 0, 'age': 0, 'email': 'gensis@blockchain.io', 'birth': '', 'HID': '86b9cfefa3624e99ed49d4b95a65292e3ae59d1acc02e31aa391003979282fe0'}, 'credential': {'image': '', 'credentialID': 0, 'CID': 'be73143655a54956d57ca963bfd4e8437ee884b7a022d790d98afcd91066c65b', 'metadata': {'documentTitle': None, 'documentType': None, 'documentFormat': None, 'documentContentSize': 0}}, 'issuer': {'name': '', 'businessID': 0, 'AUTHID': '4930fe69eb193324e64c25a851e6c18f3b53657dfcda11c817fc34c450ff953d'}, 'chid': '57a5fa2eabd461db6913d2f6da58ef6fa9222530e0194e0334b3a1d22019344d'} inserted successfully. 
2026-09-29 22:03:41,661 - INFO - [Block Validation] Validatiing the block 0.
2026-09-29 22:03:41,662 - INFO - [Block Validation] The block 0 is valid.
2026-09-29 22:03:41,662 - INFO - [Chain Validation] Chain is valid.
2026-09-29 22:03:41,662 - INFO - [Miner]Mining block 0...
2026-09-29 22:03:42,572 - INFO - [Miner] Block 0 mined after 54333 attempts. Nonce: 90587
2026-09-29 22:03:42,577 - INFO - [Chain Validation] Initializing the chain validator.
2026-09-29 22:03:42,578 - INFO - [Block Validation] Validatiing the block 0.
2026-09-29 22:03:42,578 - INFO - [Block Validation] The block 0 is valid.
2026-09-29 22:03:43,379 - INFO - [Chain Validation] Initializing the chain validator.
2026-09-29 22:03:43,387 - INFO - [Miner]Mining block 0...
2026-09-29 22:03:43,807 - INFO - [Miner] Block 0 mined after 36254 attempts. Nonce: 36254
2026-09-29 22:03:43,807 - WARNING - [Chain Validation] Cannot validate. The ledger is empty.
2026-09-29 22:03:43,847 - INFO - Block with CHID {'user': {'name': 'Gensis-Block', 'nationalNumber': 0, 'phone': 0, 'age': 0, 'email': 'gensis@blockchain.io', 'birth': '', 'HID': '86b9cfefa3624e99ed49d4b95a65292e3ae59d1acc02e31aa391003979282fe0'}, 'credential': {'image': '', 'credentialID': 0, 'CID': 'be73143655a54956d57ca963bfd4e8437ee884b7a022d790d98afcd91066c65b', 'metadata': {'documentTitle': None, 'documentType': None, 'documentFormat': None, 'documentContentSize': 0}}, 'issuer': {'name': '', 'businessID': 0, 'AUTHID': '4930fe69eb193324e64c25a851e6c18f3b53657dfcda11c817fc34c450ff953d'}, 'chid': '57a5fa2eabd461db6913d2f6da58ef6fa9222530e0194e0334b3a1d22019344d'} inserted successfully. 
2026-09-29 22:03:43,937 - INFO - [Block Validation] Validatiing the block 0.
2026-09-29 22:03:43,937 - INFO - [Block Validation] The block 0 is valid.
2026-09-29 22:03:43,937 - INFO - [Chain Validation] Chain is valid.
2026-09-29 22:03:44,035 - DEBUG - Using proactor: IocpProactor
2026-09-29 22:03:46,270 - INFO - [Chain Validation] Initializing the chain validator.
2026-09-29 22:03:46,272 - INFO - [Miner]Mining block 0...
2026-09-29 22:03:46,775 - INFO - [Miner] Block 0 mined after 36254 attempts. Nonce: 36254
2026-09-29 22:03:46,776 - WARNING - [Chain Validation] Cannot validate. The ledger is empty.
2026-09-29 22:03:46,777 - INFO - Block with CHID {'user': {'name': 'Gensis-Block', 'nationalNumber': 0, 'phone': 0, 'age': 0, 'email': 'gensis@blockchain.io', 'birth': '', 'HID': '86b9cfefa3624e99ed49d4b95a65292e3ae59d1acc02e31aa391003979282fe0'}, 'credential': {'image': '', 'credentialID': 0, 'CID': 'be73143655a54956d57ca963bfd4e8437ee884b7a022d790d98afcd91066c65b', 'metadata': {'documentTitle': None, 'documentType': None, 'documentFormat': None, 'documentContentSize': 0}}, 'issuer': {'name': '', 'businessID': 0, 'AUTHID': '4930fe69eb193324e64c25a851e6c18f3b53657dfcda11c817fc34c450ff953d'}, 'chid': '57a5fa2eabd461db6913d2f6da58ef6fa9222530e0194e0334b3a1d22019344d'} inserted successfully. 
2026-09-29 22:03:46,864 - INFO - [Block Validation] Validatiing the block 0.
2026-09-29 22:03:46,864 - INFO - [Block Validation] The block 0 is valid.
2026-09-29 22:03:46,864 - INFO - [Chain Validation] Chain is valid.
2026-09-29 22:03:46,983 - DEBUG - Using proactor: IocpProactor
2026-09-29 22:03:49,789 - INFO - [Chain Validation] Initializing the chain validator.
2026-09-29 22:03:49,790 - INFO - [Block Validation] Validatiing the block 0.
2026-09-29 22:03:49,790 - INFO - [Block Validation] The block 0 is valid.
2026-09-29 22:03:49,790 - INFO - [Chain Validation] Chain is valid.
2026-09-29 22:03:49,799 - INFO - [Chain Validation] Initializing the chain validator.
2026-09-29 22:03:49,800 - INFO - [Block Validation] Validatiing the block 0.
2026-09-29 22:03:49,800 - INFO - [Block Validation] The block 0 is valid.
2026-09-29 22:03:49,800 - INFO - [Chain Validation] Chain is valid.
2026-09-29 22:03:49,800 - INFO - [Chain Validation] Initializing the chain validator.
2026-09-29 22:03:49,801 - INFO - [Block Validation] Validatiing the block 0.
2026-09-29 22:03:49,801 - INFO - [Block Validation] The block 0 is valid.
2026-09-29 22:03:49,801 - INFO - [Chain Validation] Chain is valid.
2026-09-29 22:03:50,690 - INFO - [Miner]Mining block 1...
2026-09-29 22:03:52,379 - INFO - [Miner] Block 1 mined after 107622 attempts. Nonce: 107622
2026-09-29 22:03:52,380 - INFO - [Block Validation] Validatiing the block 0.
2026-09-29 22:03:52,380 - INFO - [Block Validation] The block 0 is valid.
2026-09-29 22:03:52,380 - INFO - [Chain Validation] Chain is valid.
2026-09-29 22:03:52,404 - INFO - Block with CHID {'user': {'name': 'User-AB', 'nationalNumber': 1001, 'phone': 1, 'age': 25, 'email': 'test@bc.io', 'birth': '', 'HID': '6e59af53a03f679d6831a00fd7d8b2ea06a108d3c4b1928bf3bc2bd17738b109'}, 'credential': {'image': '', 'credentialID': 1, 'CID': '7f384ef9d1d01fb1be4b80cbab80e5a4fc6f7ba72faf78fe5db2bc1eb24ada5b', 'metadata': {'documentTitle': None, 'documentType': None, 'documentFormat': None, 'documentContentSize': 0}}, 'issuer': {'name': 'Auth-AB', 'businessID': 10, 'AUTHID': '0ef70bf6eef9bb30a6a28bcf5122d2292bfe0036f4fd54ec9469a27808890a0f'}, 'chid': '57c986669469697cc02ca125ff746414ccbd4688b69d9de51e8ae6d31da5ac8f'} inserted successfully. 
2026-09-29 22:03:52,405 - INFO - [Block Validation] Validatiing the block 1.
2026-09-29 22:03:52,406 - INFO - [Block Validation] The block 1 is valid.
2026-09-29 22:03:52,406 - INFO - [Block Validation] Validatiing the block 0.
2026-09-29 22:03:52,407 - INFO - [Block Validation] The block 0 is valid.
2026-09-29 22:03:52,407 - INFO - [Chain Validation] Chain is valid.
2026-09-29 22:03:52,408 - INFO - Block with CHID {'user': {'name': 'User-AB', 'nationalNumber': 1001, 'phone': 1, 'age': 25, 'email': 'test@bc.io', 'birth': '', 'HID': '6e59af53a03f679d6831a00fd7d8b2ea06a108d3c4b1928bf3bc2bd17738b109'}, 'credential': {'image': '', 'credentialID': 1, 'CID': '7f384ef9d1d01fb1be4b80cbab80e5a4fc6f7ba72faf78fe5db2bc1eb24ada5b', 'metadata': {'documentTitle': None, 'documentType': None, 'documentFormat': None, 'documentContentSize': 0}}, 'issuer': {'name': 'Auth-AB', 'businessID': 10, 'AUTHID': '0ef70bf6eef9bb30a6a28bcf5122d2292bfe0036f4fd54ec9469a27808890a0f'}, 'chid': '57c986669469697cc02ca125ff746414ccbd4688b69d9de51e8ae6d31da5ac8f'} inserted successfully. 
2026-09-29 22:03:52,408 - INFO - [Block Validation] Received block 1 inserted.
2026-09-29 22:03:54,486 - INFO - [Chain Validation] Initializing the chain validator.
2026-09-29 22:03:54,491 - INFO - [Miner]Mining block 0...
2026-09-29 22:03:55,164 - INFO - [Miner] Block 0 mined after 36254 attempts. Nonce: 36254
2026-09-29 22:03:55,165 - WARNING - [Chain Validation] Cannot validate. The ledger is empty.
2026-09-29 22:03:55,240 - INFO - Block with CHID {'user': {'name': 'Gensis-Block', 'nationalNumber': 0, 'phone': 0, 'age': 0, 'email': 'gensis@blockchain.io', 'birth': '', 'HID': '86b9cfefa3624e99ed49d4b95a65292e3ae59d1acc02e31aa391003979282fe0'}, 'credential': {'image': '', 'credentialID': 0, 'CID': 'be73143655a54956d57ca963bfd4e8437ee884b7a022d790d98afcd91066c65b', 'metadata': {'documentTitle': None, 'documentType': None, 'documentFormat': None, 'documentContentSize': 0}}, 'issuer': {'name': '', 'businessID': 0, 'AUTHID': '4930fe69eb193324e64c25a851e6c18f3b53657dfcda11c817fc34c450ff953d'}, 'chid': '57a5fa2eabd461db6913d2f6da58ef6fa9222530e0194e0334b3a1d22019344d'} inserted successfully. 
2026-09-29 22:03:55,440 - INFO - [Block Validation] Validatiing the block 0.
2026-09-29 22:03:55,440 - INFO - [Block Validation] The block 0 is valid.
2026-09-29 22:03:55,440 - INFO - [Chain Validation] Chain is valid.
2026-09-29 22:03:55,910 - DEBUG - Using proactor: IocpProactor
2026-09-29 22:03:58,471 - INFO - [Chain Validation] Initializing the chain validator.
2026-09-29 22:03:58,473 - INFO - [Miner]Mining block 0...
2026-09-29 22:03:58,801 - INFO - [Miner] Block 0 mined after 36254 attempts. Nonce: 36254
2026-09-29 22:03:58,801 - WARNING - [Chain Validation] Cannot validate. The ledger is empty.
2026-09-29 22:03:58,804 - INFO - Block with CHID {'user': {'name': 'Gensis-Block', 'nationalNumber': 0, 'phone': 0, 'age': 0, 'email': 'gensis@blockchain.io', 'birth': '', 'HID': '86b9cfefa3624e99ed49d4b95a65292e3ae59d1acc02e31aa391003979282fe0'}, 'credential': {'image': '', 'credentialID': 0, 'CID': 'be73143655a54956d57ca963bfd4e8437ee884b7a022d790d98afcd91066c65b', 'metadata': {'documentTitle': None, 'documentType': None, 'documentFormat': None, 'documentContentSize': 0}}, 'issuer': {'name': '', 'businessID': 0, 'AUTHID': '4930fe69eb193324e64c25a851e6c18f3b53657dfcda11c817fc34c450ff953d'}, 'chid': '57a5fa2eabd461db6913d2f6da58ef6fa9222530e0194e0334b3a1d22019344d'} inserted successfully. 
2026-09-29 22:03:58,844 - INFO - [Block Validation] Validatiing the block 0.
2026-09-29 22:03:58,844 - INFO - [Block Validation] The block 0 is valid.
2026-09-29 22:03:58,844 - INFO - [Chain Validation] Chain is valid.
2026-09-29 22:03:58,918 - DEBUG - Using proactor: IocpProactor
2026-09-29 22:04:01,511 - INFO - [Chain Validation] Initializing the chain validator.
2026-09-29 22:04:01,512 - INFO - [Block Validation] Validatiing the block 0.
2026-09-29 22:04:01,512 - INFO - [Block Validation] The block 0 is valid.
2026-09-29 22:04:01,512 - INFO - [Chain Validation] Chain is valid.
2026-09-29 22:04:01,513 - INFO - [Chain Validation] Initializing the chain validator.
2026-09-29 22:04:01,514 - INFO - [Block Validation] Validatiing the block 0.
2026-09-29 22:04:01,514 - INFO - [Block Validation] The block 0 is valid.
2026-09-29 22:04:01,514 - INFO - [Chain Validation] Chain is valid.
2026-09-29 22:04:01,514 - INFO - [Chain Validation] Initializing the chain validator.
2026-09-29 22:04:01,514 - INFO - [Block Validation] Validatiing the block 0.
2026-09-29 22:04:01,515 - INFO - [Block Validation] The block 0 is valid.
2026-09-29 22:04:01,515 - INFO - [Chain Validation] Chain is valid.
2026-09-29 22:04:02,545 - INFO - [Miner]Mining block 1...
2026-09-29 22:04:03,312 - INFO - [Miner] Block 1 mined after 53491 attempts. Nonce: 53491
2026-09-29 22:04:03,313 - INFO - [Block Validation] Validatiing the block 0.
2026-09-29 22:04:03,313 - INFO - [Block Validation] The block 0 is valid.
2026-09-29 22:04:03,314 - INFO - [Chain Validation] Chain is valid.
2026-09-29 22:04:03,315 - INFO - Block with CHID {'user': {'name': 'User-STATUS', 'nationalNumber': 2002, 'phone': 1, 'age': 25, 'email': 'test@bc.io', 'birth': '', 'HID': 'fc3cef8d0cc53579d4d23826852f9dc9959d20e4681228d89ecdd9cc6297adfa'}, 'credential': {'image': '', 'credentialID': 2, 'CID': 'f1df3ccf3d521114a502b8118e32634868b1165f55b3d64f6d50ffed5fce608e', 'metadata': {'documentTitle': None, 'documentType': None, 'documentFormat': None, 'documentContentSize': 0}}, 'issuer': {'name': 'Auth-STATUS', 'businessID': 20, 'AUTHID': 'e3e60b1ad8a7f1cad21b2def92a4735f0787b96a8acf719a081eee59265eada6'}, 'chid': '887ea035b7496e0dfacdb636c074d544f10fed11fceb451033a218d89a45406a'} inserted successfully. 
2026-09-29 22:04:03,317 - INFO - [Block Validation] Validatiing the block 1.
2026-09-29 22:04:03,317 - INFO - [Block Validation] The block 1 is valid.
2026-09-29 22:04:03,318 - INFO - [Block Validation] Validatiing the block 0.
2026-09-29 22:04:03,318 - INFO - [Block Validation] The block 0 is valid.
2026-09-29 22:04:03,318 - INFO - [Chain Validation] Chain is valid.
2026-09-29 22:04:03,321 - INFO - Block with CHID {'user': {'name': 'User-STATUS', 'nationalNumber': 2002, 'phone': 1, 'age': 25, 'email': 'test@bc.io', 'birth': '', 'HID': 'fc3cef8d0cc53579d4d23826852f9dc9959d20e4681228d89ecdd9cc6297adfa'}, 'credential': {'image': '', 'credentialID': 2, 'CID': 'f1df3ccf3d521114a502b8118e32634868b1165f55b3d64f6d50ffed5fce608e', 'metadata': {'documentTitle': None, 'documentType': None, 'documentFormat': None, 'documentContentSize': 0}}, 'issuer': {'name': 'Auth-STATUS', 'businessID': 20, 'AUTHID': 'e3e60b1ad8a7f1cad21b2def92a4735f0787b96a8acf719a081eee59265eada6'}, 'chid': '887ea035b7496e0dfacdb636c074d544f10fed11fceb451033a218d89a45406a'} inserted successfully. 
2026-09-29 22:04:03,322 - INFO - [Block Validation] Received block 1 inserted.
2026-09-29 22:04:04,949 - INFO - [Chain Validation] Initializing the chain validator.
2026-09-29 22:04:05,000 - INFO - [Miner]Mining block 0...
2026-09-29 22:04:05,574 - INFO - [Miner] Block 0 mined after 36254 attempts. Nonce: 36254
2026-09-29 22:04:05,575 - WARNING - [Chain Validation] Cannot validate. The ledger is empty.
2026-09-29 22:04:05,595 - INFO - Block with CHID {'user': {'name': 'Gensis-Block', 'nationalNumber': 0, 'phone': 0, 'age': 0, 'email': 'gensis@blockchain.io', 'birth': '', 'HID': '86b9cfefa3624e99ed49d4b95a65292e3ae59d1acc02e31aa391003979282fe0'}, 'credential': {'image': '', 'credentialID': 0, 'CID': 'be73143655a54956d57ca963bfd4e8437ee884b7a022d790d98afcd91066c65b', 'metadata': {'documentTitle': None, 'documentType': None, 'documentFormat': None, 'documentContentSize': 0}}, 'issuer': {'name': '', 'businessID': 0, 'AUTHID': '4930fe69eb193324e64c25a851e6c18f3b53657dfcda11c817fc34c450ff953d'}, 'chid': '57a5fa2eabd461db6913d2f6da58ef6fa9222530e0194e0334b3a1d22019344d'} inserted successfully. 
2026-09-29 22:04:05,649 - INFO - [Block Validation] Validatiing the block 0.
2026-09-29 22:04:05,650 - INFO - [Block Validation] The block 0 is valid.
2026-09-29 22:04:05,650 - INFO - [Chain Validation] Chain is valid.
2026-09-29 22:04:05,848 - DEBUG - Using proactor: IocpProactor
2026-09-29 22:04:08,239 - INFO - [Chain Validation] Initializing the chain validator.
2026-09-29 22:04:08,244 - INFO - [Miner]Mining block 0...
2026-09-29 22:04:08,945 - INFO - [Miner] Block 0 mined after 36254 attempts. Nonce: 36254
2026-09-29 22:04:08,945 - WARNING - [Chain Validation] Cannot validate. The ledger is empty.
2026-09-29 22:04:08,946 - INFO - Block with CHID {'user': {'name': 'Gensis-Block', 'nationalNumber': 0, 'phone': 0, 'age': 0, 'email': 'gensis@blockchain.io', 'birth': '', 'HID': '86b9cfefa3624e99ed49d4b95a65292e3ae59d1acc02e31aa391003979282fe0'}, 'credential': {'image': '', 'credentialID': 0, 'CID': 'be73143655a54956d57ca963bfd4e8437ee884b7a022d790d98afcd91066c65b', 'metadata': {'documentTitle': None, 'documentType': None, 'documentFormat': None, 'documentContentSize': 0}}, 'issuer': {'name': '', 'businessID': 0, 'AUTHID': '4930fe69eb193324e64c25a851e6c18f3b53657dfcda11c817fc34c450ff953d'}, 'chid': '57a5fa2eabd461db6913d2f6da58ef6fa9222530e0194e0334b3a1d22019344d'} inserted successfully. 
2026-09-29 22:04:08,986 - INFO - [Block Validation] Validatiing the block 0.
2026-09-29 22:04:08,987 - INFO - [Block Validation] The block 0 is valid.
2026-09-29 22:04:08,987 - INFO - [Chain Validation] Chain is valid.
2026-09-29 22:04:09,061 - DEBUG - Using proactor: IocpProactor
2026-09-29 22:04:11,862 - INFO - [Chain Validation] Initializing the chain validator.
2026-09-29 22:04:11,862 - INFO - [Block Validation] Validatiing the block 0.
2026-09-29 22:04:11,863 - INFO - [Block Validation] The block 0 is valid.
2026-09-29 22:04:11,863 - INFO - [Chain Validation] Chain is valid.
2026-09-29 22:04:11,872 - INFO - [Chain Validation] Initializing the chain validator.
2026-09-29 22:04:11,873 - INFO - [Block Validation] Validatiing the block 0.
2026-09-29 22:04:11,873 - INFO - [Block Validation] The block 0 is valid.
2026-09-29 22:04:11,873 - INFO - [Chain Validation] Chain is valid.
2026-09-29 22:04:11,873 - INFO - [Chain Validation] Initializing the chain validator.
2026-09-29 22:04:11,874 - INFO - [Block Validation] Validatiing the block 0.
2026-09-29 22:04:11,874 - INFO - [Block Validation] The block 0 is valid.
2026-09-29 22:04:11,874 - INFO - [Chain Validation] Chain is valid.
2026-09-29 22:04:12,870 - INFO - [Miner]Mining block 1...
2026-09-29 22:04:15,495 - INFO - [Miner] Block 1 mined after 234003 attempts. Nonce: 234003
2026-09-29 22:04:15,496 - INFO - [Block Validation] Validatiing the block 0.
2026-09-29 22:04:15,496 - INFO - [Block Validation] The block 0 is valid.
2026-09-29 22:04:15,496 - INFO - [Chain Validation] Chain is valid.
2026-09-29 22:04:15,498 - INFO - Block with CHID {'user': {'name': 'Remote', 'nationalNumber': 3003, 'phone': 1, 'age': 40, 'email': 'test@bc.io', 'birth': '', 'HID': '206b59d6f3c865e1bfad656423029511acefbed5af6b9cbeccffc9f554cfccdb'}, 'credential': {'image': '', 'credentialID': 3, 'CID': '73b5e4d7505f5386f00b2105eb94f2d0a49e268d94f0259bdb6b76d236e0402b', 'metadata': {'documentTitle': None, 'documentType': None, 'documentFormat': None, 'documentContentSize': 0}}, 'issuer': {'name': 'RemoteAuth', 'businessID': 30, 'AUTHID': '3332b3f951ad8c1aa8de428a4f257f99b5d5e4827aa23ec7410625b4861df3e0'}, 'chid': 'a4dea4b21024f1bb54a1559335c6d86d902cc1fe8403f795efc6f918be78dcda'} inserted successfully. 
2026-09-29 22:04:15,499 - INFO - [Block Validation] Validatiing the block 1.
2026-09-29 22:04:15,499 - INFO - [Block Validation] The block 1 is valid.
2026-09-29 22:04:15,499 - INFO - [Block Validation] Validatiing the block 0.
2026-09-29 22:04:15,500 - INFO - [Block Validation] The block 0 is valid.
2026-09-29 22:04:15,500 - INFO - [Chain Validation] Chain is valid.
2026-09-29 22:04:15,501 - INFO - Block with CHID {'user': {'name': 'Remote', 'nationalNumber': 3003, 'phone': 1, 'age': 40, 'email': 'test@bc.io', 'birth': '', 'HID': '206b59d6f3c865e1bfad656423029511acefbed5af6b9cbeccffc9f554cfccdb'}, 'credential': {'image': '', 'credentialID': 3, 'CID': '73b5e4d7505f5386f00b2105eb94f2d0a49e268d94f0259bdb6b76d236e0402b', 'metadata': {'documentTitle': None, 'documentType': None, 'documentFormat': None, 'documentContentSize': 0}}, 'issuer': {'name': 'RemoteAuth', 'businessID': 30, 'AUTHID': '3332b3f951ad8c1aa8de428a4f257f99b5d5e4827aa23ec7410625b4861df3e0'}, 'chid': 'a4dea4b21024f1bb54a1559335c6d86d902cc1fe8403f795efc6f918be78dcda'} inserted successfully. 
2026-09-29 22:04:15,501 - INFO - [Block Validation] Received block 1 inserted.
2026-09-29 22:04:17,218 - INFO - [Chain Validation] Initializing the chain validator.
2026-09-29 22:04:17,221 - INFO - [Miner]Mining block 0...
2026-09-29 22:04:17,585 - INFO - [Miner] Block 0 mined after 36254 attempts. Nonce: 36254
2026-09-29 22:04:17,586 - WARNING - [Chain Validation] Cannot validate. The ledger is empty.
2026-09-29 22:04:17,587 - INFO - Block with CHID {'user': {'name': 'Gensis-Block', 'nationalNumber': 0, 'phone': 0, 'age': 0, 'email': 'gensis@blockchain.io', 'birth': '', 'HID': '86b9cfefa3624e99ed49d4b95a65292e3ae59d1acc02e31aa391003979282fe0'}, 'credential': {'image': '', 'credentialID': 0, 'CID': 'be73143655a54956d57ca963bfd4e8437ee884b7a022d790d98afcd91066c65b', 'metadata': {'documentTitle': None, 'documentType': None, 'documentFormat': None, 'documentContentSize': 0}}, 'issuer': {'name': '', 'businessID': 0, 'AUTHID': '4930fe69eb193324e64c25a851e6c18f3b53657dfcda11c817fc34c450ff953d'}, 'chid': '57a5fa2eabd461db6913d2f6da58ef6fa9222530e0194e0334b3a1d22019344d'} inserted successfully. 
2026-09-29 22:04:17,608 - INFO - [Block Validation] Validatiing the block 0.
2026-09-29 22:04:17,608 - INFO - [Block Validation] The block 0 is valid.
2026-09-29 22:04:17,608 - INFO - [Chain Validation] Chain is valid.
2026-09-29 22:04:17,761 - DEBUG - Using proactor: IocpProactor
2026-09-29 22:04:20,284 - INFO - [Chain Validation] Initializing the chain validator.
2026-09-29 22:04:20,286 - INFO - [Miner]Mining block 0...
2026-09-29 22:04:20,679 - INFO - [Miner] Block 0 mined after 36254 attempts. Nonce: 36254
2026-09-29 22:04:20,679 - WARNING - [Chain Validation] Cannot validate. The ledger is empty.
2026-09-29 22:04:20,680 - INFO - Block with CHID {'user': {'name': 'Gensis-Block', 'nationalNumber': 0, 'phone': 0, 'age': 0, 'email': 'gensis@blockchain.io', 'birth': '', 'HID': '86b9cfefa3624e99ed49d4b95a65292e3ae59d1acc02e31aa391003979282fe0'}, 'credential': {'image': '', 'credentialID': 0, 'CID': 'be73143655a54956d57ca963bfd4e8437ee884b7a022d790d98afcd91066c65b', 'metadata': {'documentTitle': None, 'documentType': None, 'documentFormat': None, 'documentContentSize': 0}}, 'issuer': {'name': '', 'businessID': 0, 'AUTHID': '4930fe69eb193324e64c25a851e6c18f3b53657dfcda11c817fc34c450ff953d'}, 'chid': '57a5fa2eabd461db6913d2f6da58ef6fa9222530e0194e0334b3a1d22019344d'} inserted successfully. 
2026-09-29 22:04:20,698 - INFO - [Block Validation] Validatiing the block 0.
2026-09-29 22:04:20,699 - INFO - [Block Validation] The block 0 is valid.
2026-09-29 22:04:20,699 - INFO - [Chain Validation] Chain is valid.
2026-09-29 22:04:20,868 - DEBUG - Using proactor: IocpProactor
2026-09-29 22:04:23,442 - INFO - [Chain Validation] Initializing the chain validator.
2026-09-29 22:04:23,443 - INFO - [Miner]Mining block 0...
2026-09-29 22:04:23,757 - INFO - [Miner] Block 0 mined after 36254 attempts. Nonce: 36254
2026-09-29 22:04:23,758 - WARNING - [Chain Validation] Cannot validate. The ledger is empty.
2026-09-29 22:04:23,759 - INFO - Block with CHID {'user': {'name': 'Gensis-Block', 'nationalNumber': 0, 'phone': 0, 'age': 0, 'email': 'gensis@blockchain.io', 'birth': '', 'HID': '86b9cfefa3624e99ed49d4b95a65292e3ae59d1acc02e31aa391003979282fe0'}, 'credential': {'image': '', 'credentialID': 0, 'CID': 'be73143655a54956d57ca963bfd4e8437ee884b7a022d790d98afcd91066c65b', 'metadata': {'documentTitle': None, 'documentType': None, 'documentFormat': None, 'documentContentSize': 0}}, 'issuer': {'name': '', 'businessID': 0, 'AUTHID': '4930fe69eb193324e64c25a851e6c18f3b53657dfcda11c817fc34c450ff953d'}, 'chid': '57a5fa2eabd461db6913d2f6da58ef6fa9222530e0194e0334b3a1d22019344d'} inserted successfully. 
2026-09-29 22:04:23,852 - INFO - [Block Validation] Validatiing the block 0.
2026-09-29 22:04:23,853 - INFO - [Block Validation] The block 0 is valid.
2026-09-29 22:04:23,853 - INFO - [Chain Validation] Chain is valid.
2026-09-29 22:04:24,017 - DEBUG - Using proactor: IocpProactor
2026-09-29 22:04:26,536 - INFO - [Chain Validation] Initializing the chain validator.
2026-09-29 22:04:26,539 - INFO - [Block Validation] Validatiing the block 0.
2026-09-29 22:04:26,540 - INFO - [Block Validation] The block 0 is valid.
2026-09-29 22:04:26,540 - INFO - [Chain Validation] Chain is valid.
2026-09-29 22:04:26,545 - INFO - [Chain Validation] Initializing the chain validator.
2026-09-29 22:04:26,546 - INFO - [Block Validation] Validatiing the block 0.
2026-09-29 22:04:26,546 - INFO - [Block Validation] The block 0 is valid.
2026-09-29 22:04:26,546 - INFO - [Chain Validation] Chain is valid.
2026-09-29 22:04:26,546 - INFO - [Chain Validation] Initializing the chain validator.
2026-09-29 22:04:26,547 - INFO - [Block Validation] Validatiing the block 0.
2026-09-29 22:04:26,547 - INFO - [Block Validation] The block 0 is valid.
2026-09-29 22:04:26,547 - INFO - [Chain Validation] Chain is valid.
2026-09-29 22:04:27,593 - INFO - [Chain Validation] Initializing the chain validator.
2026-09-29 22:04:27,594 - INFO - [Block Validation] Validatiing the block 0.
2026-09-29 22:04:27,594 - INFO - [Block Validation] The block 0 is valid.
2026-09-29 22:04:27,594 - INFO - [Chain Validation] Chain is valid.
2026-09-29 22:04:27,594 - INFO - [Chain Validation] Initializing the chain validator.
2026-09-29 22:04:27,595 - INFO - [Block Validation] Validatiing the block 0.
2026-09-29 22:04:27,595 - INFO - [Block Validation] The block 0 is valid.
2026-09-29 22:04:27,596 - INFO - [Chain Validation] Chain is valid.
2026-09-29 22:04:27,596 - INFO - [Chain Validation] Initializing the chain validator.
2026-09-29 22:04:27,597 - INFO - [Block Validation] Validatiing the block 0.
2026-09-29 22:04:27,597 - INFO - [Block Validation] The block 0 is valid.
2026-09-29 22:04:27,597 - INFO - [Chain Validation] Chain is valid.
2026-09-29 22:04:27,606 - INFO - [Chain Validation] Initializing the chain validator.
2026-09-29 22:04:27,610 - INFO - [Block Validation] Validatiing the block 0.
2026-09-29 22:04:27,610 - INFO - [Block Validation] The block 0 is valid.
2026-09-29 22:04:27,610 - INFO - [Chain Validation] Chain is valid.
2026-09-29 22:04:27,617 - INFO - [Chain Validation] Initializing the chain validator.
2026-09-29 22:04:27,618 - INFO - [Block Validation] Validatiing the block 0.
2026-09-29 22:04:27,618 - INFO - [Block Validation] The block 0 is valid.
2026-09-29 22:04:27,619 - INFO - [Chain Validation] Chain is valid.
2026-09-29 22:04:27,619 - INFO - [Chain Validation] Initializing the chain validator.
2026-09-29 22:04:27,620 - INFO - [Block Validation] Validatiing the block 0.
2026-09-29 22:04:27,620 - INFO - [Block Validation] The block 0 is valid.
2026-09-29 22:04:27,620 - INFO - [Chain Validation] Chain is valid.
2026-09-29 22:04:28,766 - INFO - [Chain Validation] Initializing the chain validator.
2026-09-29 22:04:28,767 - INFO - [Block Validation] Validatiing the block 0.
2026-09-29 22:04:28,767 - INFO - [Block Validation] The block 0 is valid.
2026-09-29 22:04:28,767 - INFO - [Chain Validation] Chain is valid.
2026-09-29 22:04:28,766 - INFO - [Chain Validation] Initializing the chain validator.
2026-09-29 22:04:28,768 - INFO - [Block Validation] Validatiing the block 0.
2026-09-29 22:04:28,768 - INFO - [Block Validation] The block 0 is valid.
2026-09-29 22:04:28,768 - INFO - [Chain Validation] Chain is valid.
2026-09-29 22:04:28,768 - INFO - [Chain Validation] Initializing the chain validator.
2026-09-29 22:04:28,769 - INFO - [Block Validation] Validatiing the block 0.
2026-09-29 22:04:28,769 - INFO - [Block Validation] The block 0 is valid.
2026-09-29 22:04:28,769 - INFO - [Chain Validation] Chain is valid.
2026-09-29 22:04:29,268 - INFO - [Chain Validation] Initializing the chain validator.
2026-09-29 22:04:29,269 - INFO - [Block Validation] Validatiing the block 0.
2026-09-29 22:04:29,269 - INFO - [Block Validation] The block 0 is valid.
2026-09-29 22:04:29,269 - INFO - [Chain Validation] Chain is valid.
2026-09-29 22:04:29,269 - INFO - [Chain Validation] Initializing the chain validator.
2026-09-29 22:04:29,270 - INFO - [Block Validation] Validatiing the block 0.
2026-09-29 22:04:29,270 - INFO - [Block Validation] The block 0 is valid.
2026-09-29 22:04:29,270 - INFO - [Chain Validation] Chain is valid.
2026-09-29 22:04:29,270 - INFO - [Chain Validation] Initializing the chain validator.
2026-09-29 22:04:29,270 - INFO - [Block Validation] Validatiing the block 0.
2026-09-29 22:04:29,271 - INFO - [Block Validation] The block 0 is valid.
2026-09-29 22:04:29,271 - INFO - [Chain Validation] Chain is valid.
2026-09-29 22:04:29,783 - INFO - [Miner]Mining block 1...
2026-09-29 22:04:30,019 - INFO - [Miner] Block 1 mined after 21090 attempts. Nonce: 21090
2026-09-29 22:04:30,021 - INFO - [Block Validation] Validatiing the block 0.
2026-09-29 22:04:30,021 - INFO - [Block Validation] The block 0 is valid.
2026-09-29 22:04:30,021 - INFO - [Chain Validation] Chain is valid.
2026-09-29 22:04:30,023 - INFO - Block with CHID {'user': {'name': 'User-MESH', 'nationalNumber': 4004, 'phone': 1, 'age': 25, 'email': 'test@bc.io', 'birth': '', 'HID': '50e25ac7f13701380fb7f1ad42318233cd67e1c94817195eb9ee8e83bb6fa530'}, 'credential': {'image': '', 'credentialID': 4, 'CID': '4908fb8fdf26d9831aaac4644ad546cbf3d009056df5e6447a8a540ad48b4828', 'metadata': {'documentTitle': None, 'documentType': None, 'documentFormat': None, 'documentContentSize': 0}}, 'issuer': {'name': 'Auth-MESH', 'businessID': 40, 'AUTHID': '858823c8b244576782d3fd3aea818770e024263aa46148d1c5c6c29102f5cb53'}, 'chid': '5cc93e47b5274cf59370c71444ffbf618e1959f1adfe671b22fc185e8d6cdbc0'} inserted successfully. 
2026-09-29 22:04:30,024 - INFO - [Block Validation] Validatiing the block 1.
2026-09-29 22:04:30,024 - INFO - [Block Validation] The block 1 is valid.
2026-09-29 22:04:30,024 - INFO - [Block Validation] Validatiing the block 0.
2026-09-29 22:04:30,025 - INFO - [Block Validation] The block 0 is valid.
2026-09-29 22:04:30,025 - INFO - [Chain Validation] Chain is valid.
2026-09-29 22:04:30,025 - INFO - [Block Validation] Validatiing the block 1.
2026-09-29 22:04:30,025 - INFO - [Block Validation] The block 1 is valid.
2026-09-29 22:04:30,026 - INFO - [Block Validation] Validatiing the block 0.
2026-09-29 22:04:30,026 - INFO - [Block Validation] The block 0 is valid.
2026-09-29 22:04:30,026 - INFO - [Chain Validation] Chain is valid.
2026-09-29 22:04:30,027 - INFO - Block with CHID {'user': {'name': 'User-MESH', 'nationalNumber': 4004, 'phone': 1, 'age': 25, 'email': 'test@bc.io', 'birth': '', 'HID': '50e25ac7f13701380fb7f1ad42318233cd67e1c94817195eb9ee8e83bb6fa530'}, 'credential': {'image': '', 'credentialID': 4, 'CID': '4908fb8fdf26d9831aaac4644ad546cbf3d009056df5e6447a8a540ad48b4828', 'metadata': {'documentTitle': None, 'documentType': None, 'documentFormat': None, 'documentContentSize': 0}}, 'issuer': {'name': 'Auth-MESH', 'businessID': 40, 'AUTHID': '858823c8b244576782d3fd3aea818770e024263aa46148d1c5c6c29102f5cb53'}, 'chid': '5cc93e47b5274cf59370c71444ffbf618e1959f1adfe671b22fc185e8d6cdbc0'} inserted successfully. 
2026-09-29 22:04:30,027 - INFO - [Block Validation] Received block 1 inserted.
2026-09-29 22:04:30,028 - INFO - Block with CHID {'user': {'name': 'User-MESH', 'nationalNumber': 4004, 'phone': 1, 'age': 25, 'email': 'test@bc.io', 'birth': '', 'HID': '50e25ac7f13701380fb7f1ad42318233cd67e1c94817195eb9ee8e83bb6fa530'}, 'credential': {'image': '', 'credentialID': 4, 'CID': '4908fb8fdf26d9831aaac4644ad546cbf3d009056df5e6447a8a540ad48b4828', 'metadata': {'documentTitle': None, 'documentType': None, 'documentFormat': None, 'documentContentSize': 0}}, 'issuer': {'name': 'Auth-MESH', 'businessID': 40, 'AUTHID': '858823c8b244576782d3fd3aea818770e024263aa46148d1c5c6c29102f5cb53'}, 'chid': '5cc93e47b5274cf59370c71444ffbf618e1959f1adfe671b22fc185e8d6cdbc0'} inserted successfully. 
2026-09-29 22:04:30,029 - INFO - [Block Validation] Received block 1 inserted.
2026-09-29 22:04:32,127 - INFO - [Chain Validation] Initializing the chain validator.
2026-09-29 22:04:32,130 - INFO - [Miner]Mining block 0...
2026-09-29 22:04:32,720 - INFO - [Miner] Block 0 mined after 36254 attempts. Nonce: 36254
2026-09-29 22:04:32,721 - WARNING - [Chain Validation] Cannot validate. The ledger is empty.
2026-09-29 22:04:32,722 - INFO - Block with CHID {'user': {'name': 'Gensis-Block', 'nationalNumber': 0, 'phone': 0, 'age': 0, 'email': 'gensis@blockchain.io', 'birth': '', 'HID': '86b9cfefa3624e99ed49d4b95a65292e3ae59d1acc02e31aa391003979282fe0'}, 'credential': {'image': '', 'credentialID': 0, 'CID': 'be73143655a54956d57ca963bfd4e8437ee884b7a022d790d98afcd91066c65b', 'metadata': {'documentTitle': None, 'documentType': None, 'documentFormat': None, 'documentContentSize': 0}}, 'issuer': {'name': '', 'businessID': 0, 'AUTHID': '4930fe69eb193324e64c25a851e6c18f3b53657dfcda11c817fc34c450ff953d'}, 'chid': '57a5fa2eabd461db6913d2f6da58ef6fa9222530e0194e0334b3a1d22019344d'} inserted successfully. 
2026-09-29 22:04:32,936 - INFO - [Block Validation] Validatiing the block 0.
2026-09-29 22:04:32,937 - INFO - [Block Validation] The block 0 is valid.
2026-09-29 22:04:32,937 - INFO - [Chain Validation] Chain is valid.
2026-09-29 22:04:33,280 - DEBUG - Using proactor: IocpProactor
2026-09-29 22:04:35,639 - INFO - [Miner]Mining block 1...
2026-09-29 22:04:35,818 - INFO - [Miner] Block 1 mined after 22809 attempts. Nonce: 22809
2026-09-29 22:04:35,819 - INFO - [Block Validation] Validatiing the block 0.
2026-09-29 22:04:35,819 - INFO - [Block Validation] The block 0 is valid.
2026-09-29 22:04:35,819 - INFO - [Chain Validation] Chain is valid.
2026-09-29 22:04:35,820 - INFO - Block with CHID {'user': {'name': 'User-PRE0', 'nationalNumber': 5000, 'phone': 1, 'age': 25, 'email': 'test@bc.io', 'birth': '', 'HID': '6daaed6cfb25e8fa22f150ee571f44c0f00af9f57bbcd0f1a6bde75d82c76ecd'}, 'credential': {'image': '', 'credentialID': 5, 'CID': '2fcaeb068b34deac6567700d01949fa8aaa180b33b775a341944180e07d04ab0', 'metadata': {'documentTitle': None, 'documentType': None, 'documentFormat': None, 'documentContentSize': 0}}, 'issuer': {'name': 'Auth-PRE0', 'businessID': 50, 'AUTHID': 'aea3df5444b4c53370ee3c42a86b662ce000ca2b98dc957f017e83733d2e81a4'}, 'chid': 'a71a2e1c22dcd70875a0c73175e8f54cb87e50d9d98ddbf5dc751fee7707f34a'} inserted successfully. 
2026-09-29 22:04:35,821 - INFO - [Miner]Mining block 2...
2026-09-29 22:04:35,824 - INFO - [Miner] Block 2 mined after 462 attempts. Nonce: 462
2026-09-29 22:04:35,825 - INFO - [Block Validation] Validatiing the block 0.
2026-09-29 22:04:35,825 - INFO - [Block Validation] The block 0 is valid.
2026-09-29 22:04:35,825 - INFO - [Block Validation] Validatiing the block 1.
2026-09-29 22:04:35,825 - INFO - [Block Validation] The block 1 is valid.
2026-09-29 22:04:35,826 - INFO - [Chain Validation] Chain is valid.
2026-09-29 22:04:35,828 - INFO - Block with CHID {'user': {'name': 'User-PRE1', 'nationalNumber': 5001, 'phone': 1, 'age': 25, 'email': 'test@bc.io', 'birth': '', 'HID': '767ae0b959f8cce994f3040b06c94947df5298ff4233a2d1c7618b0b1c3ee31b'}, 'credential': {'image': '', 'credentialID': 6, 'CID': '1fc8c4bc48a39c1587ac2826279b14bb717c505ac3691f8cd0120b7c78370800', 'metadata': {'documentTitle': None, 'documentType': None, 'documentFormat': None, 'documentContentSize': 0}}, 'issuer': {'name': 'Auth-PRE1', 'businessID': 51, 'AUTHID': '7a53d46d8d59332115008d7ca8e2045986387bbf8dbfcc352a67a3ae39b18f3e'}, 'chid': '4fe7bf8f0e89951979e35eb22185c84c45340df097899c43036733af87b24a45'} inserted successfully. 
2026-09-29 22:04:35,829 - INFO - [Miner]Mining block 3...
2026-09-29 22:04:42,536 - INFO - [Miner] Block 3 mined after 511698 attempts. Nonce: 511698
2026-09-29 22:04:42,537 - INFO - [Block Validation] Validatiing the block 0.
2026-09-29 22:04:42,537 - INFO - [Block Validation] The block 0 is valid.
2026-09-29 22:04:42,537 - INFO - [Block Validation] Validatiing the block 1.
2026-09-29 22:04:42,537 - INFO - [Block Validation] The block 1 is valid.
2026-09-29 22:04:42,538 - INFO - [Block Validation] Validatiing the block 2.
2026-09-29 22:04:42,538 - INFO - [Block Validation] The block 2 is valid.
2026-09-29 22:04:42,538 - INFO - [Chain Validation] Chain is valid.
2026-09-29 22:04:42,585 - INFO - Block with CHID {'user': {'name': 'User-PRE2', 'nationalNumber': 5002, 'phone': 1, 'age': 25, 'email': 'test@bc.io', 'birth': '', 'HID': 'a36edd91731c8d3d54896294bad56def9011724e37067ce7fd897e0b6735944b'}, 'credential': {'image': '', 'credentialID': 7, 'CID': '5195534e1474704f2e4833c44fcc20ab8065a4a611467d50ead1cc7b0027108c', 'metadata': {'documentTitle': None, 'documentType': None, 'documentFormat': None, 'documentContentSize': 0}}, 'issuer': {'name': 'Auth-PRE2', 'businessID': 52, 'AUTHID': '772d33b8aab6dea9ddeb36149b64b45c5d7f602e78159bdae206624e127c29e8'}, 'chid': '4f0983d0bdf8bc06a967bb5ed0de1f08dc43ff30859336ec071a8e7a24dab39d'} inserted successfully. 
2026-09-29 22:04:42,586 - INFO - [Chain Validation] Initializing the chain validator.
2026-09-29 22:04:42,588 - INFO - [Miner]Mining block 0...
2026-09-29 22:04:42,941 - INFO - [Miner] Block 0 mined after 36254 attempts. Nonce: 36254
2026-09-29 22:04:42,941 - WARNING - [Chain Validation] Cannot validate. The ledger is empty.
2026-09-29 22:04:42,953 - INFO - Block with CHID {'user': {'name': 'Gensis-Block', 'nationalNumber': 0, 'phone': 0, 'age': 0, 'email': 'gensis@blockchain.io', 'birth': '', 'HID': '86b9cfefa3624e99ed49d4b95a65292e3ae59d1acc02e31aa391003979282fe0'}, 'credential': {'image': '', 'credentialID': 0, 'CID': 'be73143655a54956d57ca963bfd4e8437ee884b7a022d790d98afcd91066c65b', 'metadata': {'documentTitle': None, 'documentType': None, 'documentFormat': None, 'documentContentSize': 0}}, 'issuer': {'name': '', 'businessID': 0, 'AUTHID': '4930fe69eb193324e64c25a851e6c18f3b53657dfcda11c817fc34c450ff953d'}, 'chid': '57a5fa2eabd461db6913d2f6da58ef6fa9222530e0194e0334b3a1d22019344d'} inserted successfully. 
2026-09-29 22:04:43,012 - INFO - [Block Validation] Validatiing the block 0.
2026-09-29 22:04:43,012 - INFO - [Block Validation] The block 0 is valid.
2026-09-29 22:04:43,012 - INFO - [Chain Validation] Chain is valid.
2026-09-29 22:04:43,265 - DEBUG - Using proactor: IocpProactor
2026-09-29 22:04:45,980 - INFO - [Chain Validation] Initializing the chain validator.
2026-09-29 22:04:45,981 - INFO - [Block Validation] Validatiing the block 0.
2026-09-29 22:04:45,981 - INFO - [Block Validation] The block 0 is valid.
2026-09-29 22:04:45,982 - INFO - [Block Validation] Validatiing the block 1.
2026-09-29 22:04:45,982 - INFO - [Block Validation] The block 1 is valid.
2026-09-29 22:04:45,982 - INFO - [Block Validation] Validatiing the block 2.
2026-09-29 22:04:45,982 - INFO - [Block Validation] The block 2 is valid.
2026-09-29 22:04:45,983 - INFO - [Block Validation] Validatiing the block 3.
2026-09-29 22:04:45,983 - INFO - [Block Validation] The block 3 is valid.
2026-09-29 22:04:45,983 - INFO - [Chain Validation] Chain is valid.
2026-09-29 22:04:45,991 - INFO - [Chain Validation] Initializing the chain validator.
2026-09-29 22:04:45,992 - INFO - [Block Validation] Validatiing the block 0.
2026-09-29 22:04:45,992 - INFO - [Block Validation] The block 0 is valid.
2026-09-29 22:04:45,992 - INFO - [Block Validation] Validatiing the block 1.
2026-09-29 22:04:45,993 - INFO - [Block Validation] The block 1 is valid.
2026-09-29 22:04:45,993 - INFO - [Block Validation] Validatiing the block 2.
2026-09-29 22:04:45,993 - INFO - [Block Validation] The block 2 is valid.
2026-09-29 22:04:45,993 - INFO - [Block Validation] Validatiing the block 3.
2026-09-29 22:04:45,993 - INFO - [Block Validation] The block 3 is valid.
2026-09-29 22:04:45,994 - INFO - [Chain Validation] Chain is valid.
2026-09-29 22:04:45,994 - INFO - [Chain Validation] Initializing the chain validator.
2026-09-29 22:04:45,994 - INFO - [Block Validation] Validatiing the block 0.
2026-09-29 22:04:45,994 - INFO - [Block Validation] The block 0 is valid.
2026-09-29 22:04:45,995 - INFO - [Block Validation] Validatiing the block 1.
2026-09-29 22:04:45,995 - INFO - [Block Validation] The block 1 is valid.
2026-09-29 22:04:45,995 - INFO - [Block Validation] Validatiing the block 2.
2026-09-29 22:04:45,995 - INFO - [Block Validation] The block 2 is valid.
2026-09-29 22:04:45,996 - INFO - [Block Validation] Validatiing the block 3.
2026-09-29 22:04:45,996 - INFO - [Block Validation] The block 3 is valid.
2026-09-29 22:04:45,996 - INFO - [Chain Validation] Chain is valid.
2026-09-29 22:04:46,942 - INFO - [Chain Validation] Initializing the chain validator.
2026-09-29 22:04:46,943 - INFO - [Block Validation] Validatiing the block 0.
2026-09-29 22:04:46,943 - INFO - [Block Validation] The block 0 is valid.
2026-09-29 22:04:46,943 - INFO - [Block Validation] Validatiing the block 1.
2026-09-29 22:04:46,943 - INFO - [Block Validation] The block 1 is valid.
2026-09-29 22:04:46,944 - INFO - [Block Validation] Validatiing the block 2.
2026-09-29 22:04:46,944 - INFO - [Block Validation] The block 2 is valid.
2026-09-29 22:04:46,944 - INFO - [Block Validation] Validatiing the block 3.
2026-09-29 22:04:46,944 - INFO - [Block Validation] The block 3 is valid.
2026-09-29 22:04:46,944 - INFO - [Chain Validation] Chain is valid.
2026-09-29 22:04:46,945 - INFO - [Chain Validation] Initializing the chain validator.
2026-09-29 22:04:46,945 - INFO - [Block Validation] Validatiing the block 0.
2026-09-29 22:04:46,945 - INFO - [Block Validation] The block 0 is valid.
2026-09-29 22:04:46,946 - INFO - [Block Validation] Validatiing the block 1.
2026-09-29 22:04:46,946 - INFO - [Block Validation] The block 1 is valid.
2026-09-29 22:04:46,946 - INFO - [Block Validation] Validatiing the block 2.
2026-09-29 22:04:46,946 - INFO - [Block Validation] The block 2 is valid.
2026-09-29 22:04:46,947 - INFO - [Block Validation] Validatiing the block 3.
2026-09-29 22:04:46,947 - INFO - [Block Validation] The block 3 is valid.
2026-09-29 22:04:46,947 - INFO - [Chain Validation] Chain is valid.
2026-09-29 22:04:46,947 - INFO - [Chain Validation] Initializing the chain validator.
2026-09-29 22:04:46,947 - INFO - [Block Validation] Validatiing the block 0.
2026-09-29 22:04:46,947 - INFO - [Block Validation] The block 0 is valid.
2026-09-29 22:04:46,948 - INFO - [Block Validation] Validatiing the block 1.
2026-09-29 22:04:46,948 - INFO - [Block Validation] The block 1 is valid.
2026-09-29 22:04:46,948 - INFO - [Block Validation] Validatiing the block 2.
2026-09-29 22:04:46,948 - INFO - [Block Validation] The block 2 is valid.
2026-09-29 22:04:46,948 - INFO - [Block Validation] Validatiing the block 3.
2026-09-29 22:04:46,948 - INFO - [Block Validation] The block 3 is valid.
2026-09-29 22:04:46,949 - INFO - [Chain Validation] Chain is valid.
2026-09-29 22:04:49,264 - INFO - [Chain Validation] Initializing the chain validator.
2026-09-29 22:04:49,266 - INFO - [Miner]Mining block 0...
2026-09-29 22:04:49,674 - INFO - [Miner] Block 0 mined after 36254 attempts. Nonce: 36254
2026-09-29 22:04:49,675 - WARNING - [Chain Validation] Cannot validate. The ledger is empty.
2026-09-29 22:04:49,677 - INFO - Block with CHID {'user': {'name': 'Gensis-Block', 'nationalNumber': 0, 'phone': 0, 'age': 0, 'email': 'gensis@blockchain.io', 'birth': '', 'HID': '86b9cfefa3624e99ed49d4b95a65292e3ae59d1acc02e31aa391003979282fe0'}, 'credential': {'image': '', 'credentialID': 0, 'CID': 'be73143655a54956d57ca963bfd4e8437ee884b7a022d790d98afcd91066c65b', 'metadata': {'documentTitle': None, 'documentType': None, 'documentFormat': None, 'documentContentSize': 0}}, 'issuer': {'name': '', 'businessID': 0, 'AUTHID': '4930fe69eb193324e64c25a851e6c18f3b53657dfcda11c817fc34c450ff953d'}, 'chid': '57a5fa2eabd461db6913d2f6da58ef6fa9222530e0194e0334b3a1d22019344d'} inserted successfully. 
2026-09-29 22:04:49,806 - INFO - [Block Validation] Validatiing the block 0.
2026-09-29 22:04:49,807 - INFO - [Block Validation] The block 0 is valid.
2026-09-29 22:04:49,807 - INFO - [Chain Validation] Chain is valid.
2026-09-29 22:04:49,894 - DEBUG - Using proactor: IocpProactor
2026-09-29 22:04:52,292 - INFO - [Chain Validation] Initializing the chain validator.
2026-09-29 22:04:52,294 - INFO - [Miner]Mining block 0...
2026-09-29 22:04:52,518 - INFO - [Miner] Block 0 mined after 36254 attempts. Nonce: 36254
2026-09-29 22:04:52,518 - WARNING - [Chain Validation] Cannot validate. The ledger is empty.
2026-09-29 22:04:52,520 - INFO - Block with CHID {'user': {'name': 'Gensis-Block', 'nationalNumber': 0, 'phone': 0, 'age': 0, 'email': 'gensis@blockchain.io', 'birth': '', 'HID': '86b9cfefa3624e99ed49d4b95a65292e3ae59d1acc02e31aa391003979282fe0'}, 'credential': {'image': '', 'credentialID': 0, 'CID': 'be73143655a54956d57ca963bfd4e8437ee884b7a022d790d98afcd91066c65b', 'metadata': {'documentTitle': None, 'documentType': None, 'documentFormat': None, 'documentContentSize': 0}}, 'issuer': {'name': '', 'businessID': 0, 'AUTHID': '4930fe69eb193324e64c25a851e6c18f3b53657dfcda11c817fc34c450ff953d'}, 'chid': '57a5fa2eabd461db6913d2f6da58ef6fa9222530e0194e0334b3a1d22019344d'} inserted successfully. 
2026-09-29 22:04:52,542 - INFO - [Block Validation] Validatiing the block 0.
2026-09-29 22:04:52,542 - INFO - [Block Validation] The block 0 is valid.
2026-09-29 22:04:52,542 - INFO - [Chain Validation] Chain is valid.
2026-09-29 22:04:52,581 - DEBUG - Using proactor: IocpProactor
2026-09-29 22:04:55,088 - INFO - [Chain Validation] Initializing the chain validator.
2026-09-29 22:04:55,090 - INFO - [Miner]Mining block 0...
2026-09-29 22:04:55,439 - INFO - [Miner] Block 0 mined after 36254 attempts. Nonce: 36254
2026-09-29 22:04:55,439 - WARNING - [Chain Validation] Cannot validate. The ledger is empty.
2026-09-29 22:04:55,441 - INFO - Block with CHID {'user': {'name': 'Gensis-Block', 'nationalNumber': 0, 'phone': 0, 'age': 0, 'email': 'gensis@blockchain.io', 'birth': '', 'HID': '86b9cfefa3624e99ed49d4b95a65292e3ae59d1acc02e31aa391003979282fe0'}, 'credential': {'image': '', 'credentialID': 0, 'CID': 'be73143655a54956d57ca963bfd4e8437ee884b7a022d790d98afcd91066c65b', 'metadata': {'documentTitle': None, 'documentType': None, 'documentFormat': None, 'documentContentSize': 0}}, 'issuer': {'name': '', 'businessID': 0, 'AUTHID': '4930fe69eb193324e64c25a851e6c18f3b53657dfcda11c817fc34c450ff953d'}, 'chid': '57a5fa2eabd461db6913d2f6da58ef6fa9222530e0194e0334b3a1d22019344d'} inserted successfully. 
2026-09-29 22:04:55,462 - INFO - [Block Validation] Validatiing the block 0.
2026-09-29 22:04:55,463 - INFO - [Block Validation] The block 0 is valid.
2026-09-29 22:04:55,463 - INFO - [Chain Validation] Chain is valid.
2026-09-29 22:04:55,625 - DEBUG - Using proactor: IocpProactor
2026-09-29 22:04:58,172 - INFO - [Chain Validation] Initializing the chain validator.
2026-09-29 22:04:58,172 - INFO - [Block Validation] Validatiing the block 0.
2026-09-29 22:04:58,173 - INFO - [Block Validation] The block 0 is valid.
2026-09-29 22:04:58,173 - INFO - [Chain Validation] Chain is valid.
2026-09-29 22:04:58,183 - INFO - [Chain Validation] Initializing the chain validator.
2026-09-29 22:04:58,183 - INFO - [Block Validation] Validatiing the block 0.
2026-09-29 22:04:58,183 - INFO - [Block Validation] The block 0 is valid.
2026-09-29 22:04:58,183 - INFO - [Chain Validation] Chain is valid.
2026-09-29 22:04:58,183 - INFO - [Chain Validation] Initializing the chain validator.
2026-09-29 22:04:58,184 - INFO - [Block Validation] Validatiing the block 0.
2026-09-29 22:04:58,184 - INFO - [Block Validation] The block 0 is valid.
2026-09-29 22:04:58,184 - INFO - [Chain Validation] Chain is valid.
2026-09-29 22:04:59,340 - INFO - [Chain Validation] Initializing the chain validator.
2026-09-29 22:04:59,340 - INFO - [Block Validation] Validatiing the block 0.
2026-09-29 22:04:59,341 - INFO - [Block Validation] The block 0 is valid.
2026-09-29 22:04:59,341 - INFO - [Chain Validation] Chain is valid.
2026-09-29 22:04:59,341 - INFO - [Chain Validation] Initializing the chain validator.
2026-09-29 22:04:59,342 - INFO - [Block Validation] Validatiing the block 0.
2026-09-29 22:04:59,342 - INFO - [Block Validation] The block 0 is valid.
2026-09-29 22:04:59,342 - INFO - [Chain Validation] Chain is valid.
2026-09-29 22:04:59,342 - INFO - [Chain Validation] Initializing the chain validator.
2026-09-29 22:04:59,343 - INFO - [Block Validation] Validatiing the block 0.
2026-09-29 22:04:59,343 - INFO - [Block Validation] The block 0 is valid.
2026-09-29 22:04:59,344 - INFO - [Chain Validation] Chain is valid.
2026-09-29 22:04:59,344 - INFO - [Chain Validation] Initializing the chain validator.
2026-09-29 22:04:59,345 - INFO - [Block Validation] Validatiing the block 0.
2026-09-29 22:04:59,345 - INFO - [Block Validation] The block 0 is valid.
2026-09-29 22:04:59,345 - INFO - [Chain Validation] Chain is valid.
2026-09-29 22:04:59,345 - INFO - [Chain Validation] Initializing the chain validator.
2026-09-29 22:04:59,345 - INFO - [Block Validation] Validatiing the block 0.
2026-09-29 22:04:59,346 - INFO - [Block Validation] The block 0 is valid.
2026-09-29 22:04:59,346 - INFO - [Chain Validation] Chain is valid.
2026-09-29 22:04:59,346 - INFO - [Chain Validation] Initializing the chain validator.
2026-09-29 22:04:59,346 - INFO - [Block Validation] Validatiing the block 0.
2026-09-29 22:04:59,346 - INFO - [Block Validation] The block 0 is valid.
2026-09-29 22:04:59,346 - INFO - [Chain Validation] Chain is valid.
2026-09-29 22:05:00,341 - INFO - [Miner]Mining block 1...
2026-09-29 22:05:01,072 - INFO - [Miner] Block 1 mined after 99920 attempts. Nonce: 99920
2026-09-29 22:05:01,073 - INFO - [Block Validation] Validatiing the block 0.
2026-09-29 22:05:01,073 - INFO - [Block Validation] The block 0 is valid.
2026-09-29 22:05:01,073 - INFO - [Chain Validation] Chain is valid.
2026-09-29 22:05:01,074 - INFO - Block with CHID {'user': {'name': 'User-LINE', 'nationalNumber': 6006, 'phone': 1, 'age': 25, 'email': 'test@bc.io', 'birth': '', 'HID': 'd574603b39726843bd4abb3ecc76458f81a95aeabe9a564b79119f1c786761ac'}, 'credential': {'image': '', 'credentialID': 6, 'CID': '1fc8c4bc48a39c1587ac2826279b14bb717c505ac3691f8cd0120b7c78370800', 'metadata': {'documentTitle': None, 'documentType': None, 'documentFormat': None, 'documentContentSize': 0}}, 'issuer': {'name': 'Auth-LINE', 'businessID': 60, 'AUTHID': '02d484ebee985d3af80a678566e72309fb45eefd0bf3b57d725d8d3257ee38a0'}, 'chid': '585d29d9dd988e7dc2642aaab9a25907c29f4b9125e8f7f1f5cec6ca4be085b8'} inserted successfully. 
2026-09-29 22:05:01,075 - INFO - [Block Validation] Validatiing the block 1.
2026-09-29 22:05:01,076 - INFO - [Block Validation] The block 1 is valid.
2026-09-29 22:05:01,076 - INFO - [Block Validation] Validatiing the block 0.
2026-09-29 22:05:01,076 - INFO - [Block Validation] The block 0 is valid.
2026-09-29 22:05:01,076 - INFO - [Chain Validation] Chain is valid.
2026-09-29 22:05:01,078 - INFO - Block with CHID {'user': {'name': 'User-LINE', 'nationalNumber': 6006, 'phone': 1, 'age': 25, 'email': 'test@bc.io', 'birth': '', 'HID': 'd574603b39726843bd4abb3ecc76458f81a95aeabe9a564b79119f1c786761ac'}, 'credential': {'image': '', 'credentialID': 6, 'CID': '1fc8c4bc48a39c1587ac2826279b14bb717c505ac3691f8cd0120b7c78370800', 'metadata': {'documentTitle': None, 'documentType': None, 'documentFormat': None, 'documentContentSize': 0}}, 'issuer': {'name': 'Auth-LINE', 'businessID': 60, 'AUTHID': '02d484ebee985d3af80a678566e72309fb45eefd0bf3b57d725d8d3257ee38a0'}, 'chid': '585d29d9dd988e7dc2642aaab9a25907c29f4b9125e8f7f1f5cec6ca4be085b8'} inserted successfully. 
2026-09-29 22:05:01,078 - INFO - [Block Validation] Received block 1 inserted.
2026-09-29 22:05:01,079 - INFO - [Block Validation] Validatiing the block 1.
2026-09-29 22:05:01,080 - INFO - [Block Validation] The block 1 is valid.
2026-09-29 22:05:01,080 - INFO - [Block Validation] Validatiing the block 0.
2026-09-29 22:05:01,080 - INFO - [Block Validation] The block 0 is valid.
2026-09-29 22:05:01,081 - INFO - [Chain Validation] Chain is valid.
2026-09-29 22:05:01,082 - INFO - Block with CHID {'user': {'name': 'User-LINE', 'nationalNumber': 6006, 'phone': 1, 'age': 25, 'email': 'test@bc.io', 'birth': '', 'HID': 'd574603b39726843bd4abb3ecc76458f81a95aeabe9a564b79119f1c786761ac'}, 'credential': {'image': '', 'credentialID': 6, 'CID': '1fc8c4bc48a39c1587ac2826279b14bb717c505ac3691f8cd0120b7c78370800', 'metadata': {'documentTitle': None, 'documentType': None, 'documentFormat': None, 'documentContentSize': 0}}, 'issuer': {'name': 'Auth-LINE', 'businessID': 60, 'AUTHID': '02d484ebee985d3af80a678566e72309fb45eefd0bf3b57d725d8d3257ee38a0'}, 'chid': '585d29d9dd988e7dc2642aaab9a25907c29f4b9125e8f7f1f5cec6ca4be085b8'} inserted successfully. 
2026-09-29 22:05:01,082 - INFO - [Block Validation] Received block 1 inserted.
2026-09-29 22:05:03,748 - INFO - [Chain Validation] Initializing the chain validator.
2026-09-29 22:05:03,750 - INFO - [Miner]Mining block 0...
2026-09-29 22:05:04,247 - INFO - [Miner] Block 0 mined after 36254 attempts. Nonce: 36254
2026-09-29 22:05:04,248 - WARNING - [Chain Validation] Cannot validate. The ledger is empty.
2026-09-29 22:05:04,249 - INFO - Block with CHID {'user': {'name': 'Gensis-Block', 'nationalNumber': 0, 'phone': 0, 'age': 0, 'email': 'gensis@blockchain.io', 'birth': '', 'HID': '86b9cfefa3624e99ed49d4b95a65292e3ae59d1acc02e31aa391003979282fe0'}, 'credential': {'image': '', 'credentialID': 0, 'CID': 'be73143655a54956d57ca963bfd4e8437ee884b7a022d790d98afcd91066c65b', 'metadata': {'documentTitle': None, 'documentType': None, 'documentFormat': None, 'documentContentSize': 0}}, 'issuer': {'name': '', 'businessID': 0, 'AUTHID': '4930fe69eb193324e64c25a851e6c18f3b53657dfcda11c817fc34c450ff953d'}, 'chid': '57a5fa2eabd461db6913d2f6da58ef6fa9222530e0194e0334b3a1d22019344d'} inserted successfully. 
2026-09-29 22:05:04,272 - INFO - [Block Validation] Validatiing the block 0.
2026-09-29 22:05:04,272 - INFO - [Block Validation] The block 0 is valid.
2026-09-29 22:05:04,273 - INFO - [Chain Validation] Chain is valid.
2026-09-29 22:05:04,342 - DEBUG - Using proactor: IocpProactor
2026-09-29 22:05:06,642 - INFO - [Chain Validation] Initializing the chain validator.
2026-09-29 22:05:06,644 - INFO - [Miner]Mining block 0...
2026-09-29 22:05:06,971 - INFO - [Miner] Block 0 mined after 36254 attempts. Nonce: 36254
2026-09-29 22:05:06,971 - WARNING - [Chain Validation] Cannot validate. The ledger is empty.
2026-09-29 22:05:06,972 - INFO - Block with CHID {'user': {'name': 'Gensis-Block', 'nationalNumber': 0, 'phone': 0, 'age': 0, 'email': 'gensis@blockchain.io', 'birth': '', 'HID': '86b9cfefa3624e99ed49d4b95a65292e3ae59d1acc02e31aa391003979282fe0'}, 'credential': {'image': '', 'credentialID': 0, 'CID': 'be73143655a54956d57ca963bfd4e8437ee884b7a022d790d98afcd91066c65b', 'metadata': {'documentTitle': None, 'documentType': None, 'documentFormat': None, 'documentContentSize': 0}}, 'issuer': {'name': '', 'businessID': 0, 'AUTHID': '4930fe69eb193324e64c25a851e6c18f3b53657dfcda11c817fc34c450ff953d'}, 'chid': '57a5fa2eabd461db6913d2f6da58ef6fa9222530e0194e0334b3a1d22019344d'} inserted successfully. 
2026-09-29 22:05:06,995 - INFO - [Block Validation] Validatiing the block 0.
2026-09-29 22:05:06,995 - INFO - [Block Validation] The block 0 is valid.
2026-09-29 22:05:06,995 - INFO - [Chain Validation] Chain is valid.
2026-09-29 22:05:07,080 - DEBUG - Using proactor: IocpProactor
2026-09-29 22:05:09,636 - INFO - [Chain Validation] Initializing the chain validator.
2026-09-29 22:05:09,638 - INFO - [Miner]Mining block 0...
2026-09-29 22:05:10,064 - INFO - [Miner] Block 0 mined after 36254 attempts. Nonce: 36254
2026-09-29 22:05:10,064 - WARNING - [Chain Validation] Cannot validate. The ledger is empty.
2026-09-29 22:05:10,066 - INFO - Block with CHID {'user': {'name': 'Gensis-Block', 'nationalNumber': 0, 'phone': 0, 'age': 0, 'email': 'gensis@blockchain.io', 'birth': '', 'HID': '86b9cfefa3624e99ed49d4b95a65292e3ae59d1acc02e31aa391003979282fe0'}, 'credential': {'image': '', 'credentialID': 0, 'CID': 'be73143655a54956d57ca963bfd4e8437ee884b7a022d790d98afcd91066c65b', 'metadata': {'documentTitle': None, 'documentType': None, 'documentFormat': None, 'documentContentSize': 0}}, 'issuer': {'name': '', 'businessID': 0, 'AUTHID': '4930fe69eb193324e64c25a851e6c18f3b53657dfcda11c817fc34c450ff953d'}, 'chid': '57a5fa2eabd461db6913d2f6da58ef6fa9222530e0194e0334b3a1d22019344d'} inserted successfully. 
2026-09-29 22:05:10,084 - INFO - [Block Validation] Validatiing the block 0.
2026-09-29 22:05:10,084 - INFO - [Block Validation] The block 0 is valid.
2026-09-29 22:05:10,084 - INFO - [Chain Validation] Chain is valid.
2026-09-29 22:05:10,397 - DEBUG - Using proactor: IocpProactor
2026-09-29 22:05:13,512 - INFO - [Chain Validation] Initializing the chain validator.
2026-09-29 22:05:13,513 - INFO - [Block Validation] Validatiing the block 0.
2026-09-29 22:05:13,513 - INFO - [Block Validation] The block 0 is valid.
2026-09-29 22:05:13,513 - INFO - [Chain Validation] Chain is valid.
2026-09-29 22:05:13,513 - INFO - [Chain Validation] Initializing the chain validator.
2026-09-29 22:05:13,514 - INFO - [Block Validation] Validatiing the block 0.
2026-09-29 22:05:13,514 - INFO - [Block Validation] The block 0 is valid.
2026-09-29 22:05:13,514 - INFO - [Chain Validation] Chain is valid.
2026-09-29 22:05:13,514 - INFO - [Chain Validation] Initializing the chain validator.
2026-09-29 22:05:13,515 - INFO - [Block Validation] Validatiing the block 0.
2026-09-29 22:05:13,515 - INFO - [Block Validation] The block 0 is valid.
2026-09-29 22:05:13,515 - INFO - [Chain Validation] Chain is valid.
2026-09-29 22:05:14,701 - INFO - [Chain Validation] Initializing the chain validator.
2026-09-29 22:05:14,701 - INFO - [Block Validation] Validatiing the block 0.
2026-09-29 22:05:14,702 - INFO - [Block Validation] The block 0 is valid.
2026-09-29 22:05:14,702 - INFO - [Chain Validation] Chain is valid.
2026-09-29 22:05:14,702 - INFO - [Chain Validation] Initializing the chain validator.
2026-09-29 22:05:14,703 - INFO - [Block Validation] Validatiing the block 0.
2026-09-29 22:05:14,703 - INFO - [Block Validation] The block 0 is valid.
2026-09-29 22:05:14,703 - INFO - [Chain Validation] Chain is valid.
2026-09-29 22:05:14,755 - INFO - [Chain Validation] Initializing the chain validator.
2026-09-29 22:05:14,755 - INFO - [Block Validation] Validatiing the block 0.
2026-09-29 22:05:14,756 - INFO - [Block Validation] The block 0 is valid.
2026-09-29 22:05:14,756 - INFO - [Chain Validation] Chain is valid.
2026-09-29 22:05:14,766 - INFO - [Chain Validation] Initializing the chain validator.
2026-09-29 22:05:14,766 - INFO - [Block Validation] Validatiing the block 0.
2026-09-29 22:05:14,767 - INFO - [Block Validation] The block 0 is valid.
2026-09-29 22:05:14,767 - INFO - [Chain Validation] Chain is valid.
2026-09-29 22:05:14,767 - INFO - [Chain Validation] Initializing the chain validator.
2026-09-29 22:05:14,767 - INFO - [Block Validation] Validatiing the block 0.
2026-09-29 22:05:14,767 - INFO - [Block Validation] The block 0 is valid.
2026-09-29 22:05:14,767 - INFO - [Chain Validation] Chain is valid.
2026-09-29 22:05:14,767 - INFO - [Chain Validation] Initializing the chain validator.
2026-09-29 22:05:14,768 - INFO - [Block Validation] Validatiing the block 0.
2026-09-29 22:05:14,768 - INFO - [Block Validation] The block 0 is valid.
2026-09-29 22:05:14,768 - INFO - [Chain Validation] Chain is valid.
2026-09-29 22:05:15,805 - INFO - [Chain Validation] Initializing the chain validator.
2026-09-29 22:05:15,805 - INFO - [Block Validation] Validatiing the block 0.
2026-09-29 22:05:15,806 - INFO - [Block Validation] The block 0 is valid.
2026-09-29 22:05:15,806 - INFO - [Chain Validation] Chain is valid.
2026-09-29 22:05:15,806 - INFO - [Chain Validation] Initializing the chain validator.
2026-09-29 22:05:15,807 - INFO - [Block Validation] Validatiing the block 0.
2026-09-29 22:05:15,807 - INFO - [Block Validation] The block 0 is valid.
2026-09-29 22:05:15,808 - INFO - [Chain Validation] Chain is valid.
2026-09-29 22:05:15,808 - INFO - [Chain Validation] Initializing the chain validator.
2026-09-29 22:05:15,808 - INFO - [Block Validation] Validatiing the block 0.
2026-09-29 22:05:15,809 - INFO - [Block Validation] The block 0 is valid.
2026-09-29 22:05:15,809 - INFO - [Chain Validation] Chain is valid.
2026-09-29 22:05:16,306 - INFO - [Chain Validation] Initializing the chain validator.
2026-09-29 22:05:16,307 - INFO - [Block Validation] Validatiing the block 0.
2026-09-29 22:05:16,307 - INFO - [Block Validation] The block 0 is valid.
2026-09-29 22:05:16,307 - INFO - [Chain Validation] Chain is valid.
2026-09-29 22:05:16,307 - INFO - [Chain Validation] Initializing the chain validator.
2026-09-29 22:05:16,308 - INFO - [Block Validation] Validatiing the block 0.
2026-09-29 22:05:16,308 - INFO - [Block Validation] The block 0 is valid.
2026-09-29 22:05:16,308 - INFO - [Chain Validation] Chain is valid.
2026-09-29 22:05:16,308 - INFO - [Chain Validation] Initializing the chain validator.
2026-09-29 22:05:16,308 - INFO - [Block Validation] Validatiing the block 0.
2026-09-29 22:05:16,308 - INFO - [Block Validation] The block 0 is valid.
2026-09-29 22:05:16,308 - INFO - [Chain Validation] Chain is valid.
2026-09-29 22:05:16,816 - INFO - [Miner]Mining block 1...
2026-09-29 22:05:17,484 - INFO - [Miner] Block 1 mined after 13460 attempts. Nonce: 13460
2026-09-29 22:05:17,485 - INFO - [Block Validation] Validatiing the block 0.
2026-09-29 22:05:17,486 - INFO - [Block Validation] The block 0 is valid.
2026-09-29 22:05:17,486 - INFO - [Chain Validation] Chain is valid.
2026-09-29 22:05:17,488 - INFO - Block with CHID {'user': {'name': 'User-NOLOOP', 'nationalNumber': 7007, 'phone': 1, 'age': 25, 'email': 'test@bc.io', 'birth': '', 'HID': '9204bb0f3d33e62f3212261b7abf027426a6b20fa8ccd1f2c4a7538ed28c8b04'}, 'credential': {'image': '', 'credentialID': 7, 'CID': '5195534e1474704f2e4833c44fcc20ab8065a4a611467d50ead1cc7b0027108c', 'metadata': {'documentTitle': None, 'documentType': None, 'documentFormat': None, 'documentContentSize': 0}}, 'issuer': {'name': 'Auth-NOLOOP', 'businessID': 70, 'AUTHID': 'f7e5f182cca39dd55720473fcc4dc4814d6de1e09319cd582e5e8ebcb3a39af9'}, 'chid': 'da88bcdc04f2dcb2046c40a646c90e5ec832affc116ccfc5b4836b49f1c6b5ff'} inserted successfully. 
2026-09-29 22:05:17,489 - INFO - [Block Validation] Validatiing the block 1.
2026-09-29 22:05:17,489 - INFO - [Block Validation] The block 1 is valid.
2026-09-29 22:05:17,490 - INFO - [Block Validation] Validatiing the block 0.
2026-09-29 22:05:17,490 - INFO - [Block Validation] The block 0 is valid.
2026-09-29 22:05:17,490 - INFO - [Chain Validation] Chain is valid.
2026-09-29 22:05:17,490 - INFO - [Block Validation] Validatiing the block 1.
2026-09-29 22:05:17,491 - INFO - [Block Validation] The block 1 is valid.
2026-09-29 22:05:17,491 - INFO - [Block Validation] Validatiing the block 0.
2026-09-29 22:05:17,491 - INFO - [Block Validation] The block 0 is valid.
2026-09-29 22:05:17,492 - INFO - [Chain Validation] Chain is valid.
2026-09-29 22:05:17,492 - INFO - Block with CHID {'user': {'name': 'User-NOLOOP', 'nationalNumber': 7007, 'phone': 1, 'age': 25, 'email': 'test@bc.io', 'birth': '', 'HID': '9204bb0f3d33e62f3212261b7abf027426a6b20fa8ccd1f2c4a7538ed28c8b04'}, 'credential': {'image': '', 'credentialID': 7, 'CID': '5195534e1474704f2e4833c44fcc20ab8065a4a611467d50ead1cc7b0027108c', 'metadata': {'documentTitle': None, 'documentType': None, 'documentFormat': None, 'documentContentSize': 0}}, 'issuer': {'name': 'Auth-NOLOOP', 'businessID': 70, 'AUTHID': 'f7e5f182cca39dd55720473fcc4dc4814d6de1e09319cd582e5e8ebcb3a39af9'}, 'chid': 'da88bcdc04f2dcb2046c40a646c90e5ec832affc116ccfc5b4836b49f1c6b5ff'} inserted successfully. 
2026-09-29 22:05:17,493 - INFO - [Block Validation] Received block 1 inserted.
2026-09-29 22:05:17,494 - INFO - Block with CHID {'user': {'name': 'User-NOLOOP', 'nationalNumber': 7007, 'phone': 1, 'age': 25, 'email': 'test@bc.io', 'birth': '', 'HID': '9204bb0f3d33e62f3212261b7abf027426a6b20fa8ccd1f2c4a7538ed28c8b04'}, 'credential': {'image': '', 'credentialID': 7, 'CID': '5195534e1474704f2e4833c44fcc20ab8065a4a611467d50ead1cc7b0027108c', 'metadata': {'documentTitle': None, 'documentType': None, 'documentFormat': None, 'documentContentSize': 0}}, 'issuer': {'name': 'Auth-NOLOOP', 'businessID': 70, 'AUTHID': 'f7e5f182cca39dd55720473fcc4dc4814d6de1e09319cd582e5e8ebcb3a39af9'}, 'chid': 'da88bcdc04f2dcb2046c40a646c90e5ec832affc116ccfc5b4836b49f1c6b5ff'} inserted successfully. 
2026-09-29 22:05:17,495 - INFO - [Block Validation] Received block 1 inserted.
2026-09-29 22:05:22,637 - INFO - [Chain Validation] Initializing the chain validator.
2026-09-29 22:05:22,639 - INFO - [Miner]Mining block 0...
2026-09-29 22:05:23,096 - INFO - [Miner] Block 0 mined after 36254 attempts. Nonce: 36254
2026-09-29 22:05:23,096 - WARNING - [Chain Validation] Cannot validate. The ledger is empty.
2026-09-29 22:05:23,098 - INFO - Block with CHID {'user': {'name': 'Gensis-Block', 'nationalNumber': 0, 'phone': 0, 'age': 0, 'email': 'gensis@blockchain.io', 'birth': '', 'HID': '86b9cfefa3624e99ed49d4b95a65292e3ae59d1acc02e31aa391003979282fe0'}, 'credential': {'image': '', 'credentialID': 0, 'CID': 'be73143655a54956d57ca963bfd4e8437ee884b7a022d790d98afcd91066c65b', 'metadata': {'documentTitle': None, 'documentType': None, 'documentFormat': None, 'documentContentSize': 0}}, 'issuer': {'name': '', 'businessID': 0, 'AUTHID': '4930fe69eb193324e64c25a851e6c18f3b53657dfcda11c817fc34c450ff953d'}, 'chid': '57a5fa2eabd461db6913d2f6da58ef6fa9222530e0194e0334b3a1d22019344d'} inserted successfully. 
2026-09-29 22:05:23,156 - INFO - [Block Validation] Validatiing the block 0.
2026-09-29 22:05:23,156 - INFO - [Block Validation] The block 0 is valid.
2026-09-29 22:05:23,156 - INFO - [Chain Validation] Chain is valid.
2026-09-29 22:05:23,339 - INFO - [Chain Validation] Initializing the chain validator.
2026-09-29 22:05:23,342 - INFO - [Miner]Mining block 0...
2026-09-29 22:05:24,020 - INFO - [Miner] Block 0 mined after 36254 attempts. Nonce: 36254
2026-09-29 22:05:24,020 - WARNING - [Chain Validation] Cannot validate. The ledger is empty.
2026-09-29 22:05:24,022 - INFO - Block with CHID {'user': {'name': 'Gensis-Block', 'nationalNumber': 0, 'phone': 0, 'age': 0, 'email': 'gensis@blockchain.io', 'birth': '', 'HID': '86b9cfefa3624e99ed49d4b95a65292e3ae59d1acc02e31aa391003979282fe0'}, 'credential': {'image': '', 'credentialID': 0, 'CID': 'be73143655a54956d57ca963bfd4e8437ee884b7a022d790d98afcd91066c65b', 'metadata': {'documentTitle': None, 'documentType': None, 'documentFormat': None, 'documentContentSize': 0}}, 'issuer': {'name': '', 'businessID': 0, 'AUTHID': '4930fe69eb193324e64c25a851e6c18f3b53657dfcda11c817fc34c450ff953d'}, 'chid': '57a5fa2eabd461db6913d2f6da58ef6fa9222530e0194e0334b3a1d22019344d'} inserted successfully. 
2026-09-29 22:05:24,337 - INFO - [Block Validation] Validatiing the block 0.
2026-09-29 22:05:24,338 - INFO - [Block Validation] The block 0 is valid.
2026-09-29 22:05:24,338 - INFO - [Chain Validation] Chain is valid.
2026-09-29 22:05:24,546 - INFO - [Chain Validation] Initializing the chain validator.
2026-09-29 22:05:24,547 - INFO - [Miner]Mining block 0...
2026-09-29 22:05:24,971 - INFO - [Miner] Block 0 mined after 36254 attempts. Nonce: 36254
2026-09-29 22:05:24,972 - WARNING - [Chain Validation] Cannot validate. The ledger is empty.
2026-09-29 22:05:24,973 - INFO - Block with CHID {'user': {'name': 'Gensis-Block', 'nationalNumber': 0, 'phone': 0, 'age': 0, 'email': 'gensis@blockchain.io', 'birth': '', 'HID': '86b9cfefa3624e99ed49d4b95a65292e3ae59d1acc02e31aa391003979282fe0'}, 'credential': {'image': '', 'credentialID': 0, 'CID': 'be73143655a54956d57ca963bfd4e8437ee884b7a022d790d98afcd91066c65b', 'metadata': {'documentTitle': None, 'documentType': None, 'documentFormat': None, 'documentContentSize': 0}}, 'issuer': {'name': '', 'businessID': 0, 'AUTHID': '4930fe69eb193324e64c25a851e6c18f3b53657dfcda11c817fc34c450ff953d'}, 'chid': '57a5fa2eabd461db6913d2f6da58ef6fa9222530e0194e0334b3a1d22019344d'} inserted successfully. 
2026-09-29 22:05:25,167 - INFO - [Block Validation] Validatiing the block 0.
2026-09-29 22:05:25,167 - INFO - [Block Validation] The block 0 is valid.
2026-09-29 22:05:25,168 - INFO - [Chain Validation] Chain is valid.
2026-09-29 22:05:25,168 - INFO - [Miner]Mining block 1...
2026-09-29 22:05:27,375 - INFO - [Miner] Block 1 mined after 263556 attempts. Nonce: 263556
2026-09-29 22:05:27,377 - INFO - [Block Validation] Validatiing the block 0.
2026-09-29 22:05:27,377 - INFO - [Block Validation] The block 0 is valid.
2026-09-29 22:05:27,377 - INFO - [Chain Validation] Chain is valid.
2026-09-29 22:05:27,379 - INFO - Block with CHID {'user': {'name': 'Test', 'nationalNumber': 1, 'phone': 1, 'age': 20, 'email': 'test@bc.io', 'birth': '', 'HID': 'c81ee803e0b4d22ec53f3c9570d7d3aeb35b4c08f621b6ae8aec5c2acbd04cfc'}, 'credential': {'image': '', 'credentialID': 1, 'CID': '7f384ef9d1d01fb1be4b80cbab80e5a4fc6f7ba72faf78fe5db2bc1eb24ada5b', 'metadata': {'documentTitle': None, 'documentType': None, 'documentFormat': None, 'documentContentSize': 0}}, 'issuer': {'name': 'TestAuth', 'businessID': 1, 'AUTHID': '23a42193fc0960eeefa88e280cdd06ac4474aec773e1e92c69621cba17a57884'}, 'chid': 'b37b57b87e34551147466414755e88cf3d0bdd84a680ed5950eb367730d278c1'} inserted successfully. 
2026-09-29 22:05:27,960 - INFO - [Chain Validation] Initializing the chain validator.
2026-09-29 22:05:27,961 - INFO - [Miner]Mining block 0...
2026-09-29 22:05:28,412 - INFO - [Miner] Block 0 mined after 36254 attempts. Nonce: 36254
2026-09-29 22:05:28,413 - WARNING - [Chain Validation] Cannot validate. The ledger is empty.
2026-09-29 22:05:28,417 - INFO - Block with CHID {'user': {'name': 'Gensis-Block', 'nationalNumber': 0, 'phone': 0, 'age': 0, 'email': 'gensis@blockchain.io', 'birth': '', 'HID': '86b9cfefa3624e99ed49d4b95a65292e3ae59d1acc02e31aa391003979282fe0'}, 'credential': {'image': '', 'credentialID': 0, 'CID': 'be73143655a54956d57ca963bfd4e8437ee884b7a022d790d98afcd91066c65b', 'metadata': {'documentTitle': None, 'documentType': None, 'documentFormat': None, 'documentContentSize': 0}}, 'issuer': {'name': '', 'businessID': 0, 'AUTHID': '4930fe69eb193324e64c25a851e6c18f3b53657dfcda11c817fc34c450ff953d'}, 'chid': '57a5fa2eabd461db6913d2f6da58ef6fa9222530e0194e0334b3a1d22019344d'} inserted successfully. 
2026-09-29 22:05:28,547 - INFO - [Block Validation] Validatiing the block 0.
2026-09-29 22:05:28,547 - INFO - [Block Validation] The block 0 is valid.
2026-09-29 22:05:28,547 - INFO - [Chain Validation] Chain is valid.
2026-09-29 22:05:28,547 - INFO - [Miner]Mining block 1...
2026-09-29 22:05:31,773 - INFO - [Miner] Block 1 mined after 263556 attempts. Nonce: 263556
2026-09-29 22:05:31,774 - INFO - [Block Validation] Validatiing the block 0.
2026-09-29 22:05:31,774 - INFO - [Block Validation] The block 0 is valid.
2026-09-29 22:05:31,775 - INFO - [Chain Validation] Chain is valid.
2026-09-29 22:05:31,777 - INFO - Block with CHID {'user': {'name': 'Test', 'nationalNumber': 1, 'phone': 1, 'age': 20, 'email': 'test@bc.io', 'birth': '', 'HID': 'c81ee803e0b4d22ec53f3c9570d7d3aeb35b4c08f621b6ae8aec5c2acbd04cfc'}, 'credential': {'image': '', 'credentialID': 1, 'CID': '7f384ef9d1d01fb1be4b80cbab80e5a4fc6f7ba72faf78fe5db2bc1eb24ada5b', 'metadata': {'documentTitle': None, 'documentType': None, 'documentFormat': None, 'documentContentSize': 0}}, 'issuer': {'name': 'TestAuth', 'businessID': 1, 'AUTHID': '23a42193fc0960eeefa88e280cdd06ac4474aec773e1e92c69621cba17a57884'}, 'chid': 'b37b57b87e34551147466414755e88cf3d0bdd84a680ed5950eb367730d278c1'} inserted successfully. 
2026-09-29 22:05:31,778 - INFO - [Chain Validation] Initializing the chain validator.
2026-09-29 22:05:31,795 - INFO - [Block Validation] Validatiing the block 0.
2026-09-29 22:05:31,795 - INFO - [Block Validation] The block 0 is valid.
2026-09-29 22:05:31,796 - INFO - [Block Validation] Validatiing the block 1.
2026-09-29 22:05:31,796 - INFO - [Block Validation] The block 1 is valid.
2026-09-29 22:05:31,796 - INFO - [Chain Validation] Chain is valid.
2026-09-29 22:05:31,820 - INFO - [Chain Validation] Initializing the chain validator.
2026-09-29 22:05:31,851 - INFO - [Chain Validation] Initializing the chain validator.
2026-09-29 22:05:31,959 - INFO - [Chain Validation] Initializing the chain validator.
2026-09-29 22:05:31,960 - INFO - [Miner]Mining block 0...
2026-09-29 22:05:32,350 - INFO - [Miner] Block 0 mined after 36254 attempts. Nonce: 36254
2026-09-29 22:05:32,351 - WARNING - [Chain Validation] Cannot validate. The ledger is empty.
2026-09-29 22:05:32,352 - INFO - Block with CHID {'user': {'name': 'Gensis-Block', 'nationalNumber': 0, 'phone': 0, 'age': 0, 'email': 'gensis@blockchain.io', 'birth': '', 'HID': '86b9cfefa3624e99ed49d4b95a65292e3ae59d1acc02e31aa391003979282fe0'}, 'credential': {'image': '', 'credentialID': 0, 'CID': 'be73143655a54956d57ca963bfd4e8437ee884b7a022d790d98afcd91066c65b', 'metadata': {'documentTitle': None, 'documentType': None, 'documentFormat': None, 'documentContentSize': 0}}, 'issuer': {'name': '', 'businessID': 0, 'AUTHID': '4930fe69eb193324e64c25a851e6c18f3b53657dfcda11c817fc34c450ff953d'}, 'chid': '57a5fa2eabd461db6913d2f6da58ef6fa9222530e0194e0334b3a1d22019344d'} inserted successfully. 
2026-09-29 22:05:32,584 - INFO - [Block Validation] Validatiing the block 0.
2026-09-29 22:05:32,584 - INFO - [Block Validation] The block 0 is valid.
2026-09-29 22:05:32,584 - INFO - [Chain Validation] Chain is valid.
2026-09-29 22:05:32,584 - INFO - [Miner]Mining block 1...
2026-09-29 22:05:35,665 - INFO - [Miner] Block 1 mined after 263556 attempts. Nonce: 263556
2026-09-29 22:05:35,667 - INFO - [Block Validation] Validatiing the block 0.
2026-09-29 22:05:35,668 - INFO - [Block Validation] The block 0 is valid.
2026-09-29 22:05:35,668 - INFO - [Chain Validation] Chain is valid.
2026-09-29 22:05:35,669 - INFO - Block with CHID {'user': {'name': 'Test', 'nationalNumber': 1, 'phone': 1, 'age': 20, 'email': 'test@bc.io', 'birth': '', 'HID': 'c81ee803e0b4d22ec53f3c9570d7d3aeb35b4c08f621b6ae8aec5c2acbd04cfc'}, 'credential': {'image': '', 'credentialID': 1, 'CID': '7f384ef9d1d01fb1be4b80cbab80e5a4fc6f7ba72faf78fe5db2bc1eb24ada5b', 'metadata': {'documentTitle': None, 'documentType': None, 'documentFormat': None, 'documentContentSize': 0}}, 'issuer': {'name': 'TestAuth', 'businessID': 1, 'AUTHID': '23a42193fc0960eeefa88e280cdd06ac4474aec773e1e92c69621cba17a57884'}, 'chid': 'b37b57b87e34551147466414755e88cf3d0bdd84a680ed5950eb367730d278c1'} inserted successfully. 
2026-09-29 22:05:35,768 - INFO - [Chain Validation] Initializing the chain validator.
2026-09-29 22:05:35,770 - INFO - [Miner]Mining block 0...
2026-09-29 22:05:36,058 - INFO - [Miner] Block 0 mined after 36254 attempts. Nonce: 36254
2026-09-29 22:05:36,059 - WARNING - [Chain Validation] Cannot validate. The ledger is empty.
2026-09-29 22:05:36,093 - INFO - Block with CHID {'user': {'name': 'Gensis-Block', 'nationalNumber': 0, 'phone': 0, 'age': 0, 'email': 'gensis@blockchain.io', 'birth': '', 'HID': '86b9cfefa3624e99ed49d4b95a65292e3ae59d1acc02e31aa391003979282fe0'}, 'credential': {'image': '', 'credentialID': 0, 'CID': 'be73143655a54956d57ca963bfd4e8437ee884b7a022d790d98afcd91066c65b', 'metadata': {'documentTitle': None, 'documentType': None, 'documentFormat': None, 'documentContentSize': 0}}, 'issuer': {'name': '', 'businessID': 0, 'AUTHID': '4930fe69eb193324e64c25a851e6c18f3b53657dfcda11c817fc34c450ff953d'}, 'chid': '57a5fa2eabd461db6913d2f6da58ef6fa9222530e0194e0334b3a1d22019344d'} inserted successfully. 
2026-09-29 22:05:36,311 - INFO - [Block Validation] Validatiing the block 0.
2026-09-29 22:05:36,311 - INFO - [Block Validation] The block 0 is valid.
2026-09-29 22:05:36,311 - INFO - [Chain Validation] Chain is valid.
2026-09-29 22:05:36,312 - INFO - [Miner]Mining block 1...
2026-09-29 22:05:38,504 - INFO - [Miner] Block 1 mined after 263556 attempts. Nonce: 263556
2026-09-29 22:05:38,505 - INFO - [Block Validation] Validatiing the block 0.
2026-09-29 22:05:38,505 - INFO - [Block Validation] The block 0 is valid.
2026-09-29 22:05:38,505 - INFO - [Chain Validation] Chain is valid.
2026-09-29 22:05:38,513 - INFO - Block with CHID {'user': {'name': 'Test', 'nationalNumber': 1, 'phone': 1, 'age': 20, 'email': 'test@bc.io', 'birth': '', 'HID': 'c81ee803e0b4d22ec53f3c9570d7d3aeb35b4c08f621b6ae8aec5c2acbd04cfc'}, 'credential': {'image': '', 'credentialID': 1, 'CID': '7f384ef9d1d01fb1be4b80cbab80e5a4fc6f7ba72faf78fe5db2bc1eb24ada5b', 'metadata': {'documentTitle': None, 'documentType': None, 'documentFormat': None, 'documentContentSize': 0}}, 'issuer': {'name': 'TestAuth', 'businessID': 1, 'AUTHID': '23a42193fc0960eeefa88e280cdd06ac4474aec773e1e92c69621cba17a57884'}, 'chid': 'b37b57b87e34551147466414755e88cf3d0bdd84a680ed5950eb367730d278c1'} inserted successfully. 
2026-09-29 22:05:38,555 - INFO - [Miner]Mining block 2...
2026-09-29 22:05:41,339 - INFO - [Miner] Block 2 mined after 226526 attempts. Nonce: 226526
2026-09-29 22:05:41,358 - INFO - [Block Validation] Validatiing the block 0.
2026-09-29 22:05:41,359 - WARNING - [Block Validation] The block 0 is modified !
2026-09-29 22:05:41,597 - INFO - [Miner]Mining block 0...
2026-09-29 22:05:42,943 - INFO - [Miner] Block 0 mined after 178682 attempts. Nonce: 178682
2026-09-29 22:05:42,951 - INFO - [Miner]Mining block 0...
2026-09-29 22:05:44,939 - INFO - [Miner] Block 0 mined after 178682 attempts. Nonce: 178682
2026-09-29 22:05:45,061 - INFO - [Miner]Mining block 0...
2026-09-29 22:05:46,974 - INFO - [Miner] Block 0 mined after 178682 attempts. Nonce: 178682
2026-09-29 22:05:47,015 - INFO - [Miner]Mining block 0...
2026-09-29 22:05:48,626 - INFO - [Miner] Block 0 mined after 178682 attempts. Nonce: 178682
2026-09-29 22:05:48,627 - INFO - [Miner]Mining block 0...
2026-09-29 22:05:50,677 - INFO - [Miner] Block 0 mined after 178682 attempts. Nonce: 178682
2026-09-29 22:05:50,816 - INFO - [Miner]Mining block 0...
2026-09-29 22:05:52,981 - INFO - [Miner] Block 0 mined after 178682 attempts. Nonce: 178682
2026-09-29 22:05:53,232 - INFO - [Miner]Mining block 0...
2026-09-29 22:05:55,196 - INFO - [Miner] Block 0 mined after 178682 attempts. Nonce: 178682
2026-09-29 22:05:55,234 - INFO - [Miner]Mining block 0...
2026-09-29 22:05:56,948 - INFO - [Miner] Block 0 mined after 178682 attempts. Nonce: 178682
2026-09-29 22:05:57,177 - INFO - [Chain Validation] Initializing the chain validator.
2026-09-29 22:05:57,225 - INFO - [Miner]Mining block 0...
2026-09-29 22:05:57,751 - INFO - [Miner] Block 0 mined after 36254 attempts. Nonce: 36254
2026-09-29 22:05:57,751 - WARNING - [Chain Validation] Cannot validate. The ledger is empty.
2026-09-29 22:05:57,753 - INFO - Block with CHID {'user': {'name': 'Gensis-Block', 'nationalNumber': 0, 'phone': 0, 'age': 0, 'email': 'gensis@blockchain.io', 'birth': '', 'HID': '86b9cfefa3624e99ed49d4b95a65292e3ae59d1acc02e31aa391003979282fe0'}, 'credential': {'image': '', 'credentialID': 0, 'CID': 'be73143655a54956d57ca963bfd4e8437ee884b7a022d790d98afcd91066c65b', 'metadata': {'documentTitle': None, 'documentType': None, 'documentFormat': None, 'documentContentSize': 0}}, 'issuer': {'name': '', 'businessID': 0, 'AUTHID': '4930fe69eb193324e64c25a851e6c18f3b53657dfcda11c817fc34c450ff953d'}, 'chid': '57a5fa2eabd461db6913d2f6da58ef6fa9222530e0194e0334b3a1d22019344d'} inserted successfully. 
2026-09-29 22:05:57,774 - INFO - [Block Validation] Validatiing the block 0.
2026-09-29 22:05:57,774 - INFO - [Block Validation] The block 0 is valid.
2026-09-29 22:05:57,774 - INFO - [Chain Validation] Chain is valid.
2026-09-29 22:05:57,776 - INFO - [Miner]Mining block 1...
2026-09-29 22:05:58,031 - INFO - [Miner] Block 1 mined after 14129 attempts. Nonce: 14129
2026-09-29 22:05:58,032 - INFO - [Block Validation] Validatiing the block 0.
2026-09-29 22:05:58,033 - INFO - [Block Validation] The block 0 is valid.
2026-09-29 22:05:58,033 - INFO - [Chain Validation] Chain is valid.
2026-09-29 22:05:58,035 - INFO - Block with CHID {'user': {'name': 'UserA', 'nationalNumber': 111, 'phone': 1, 'age': 20, 'email': 'test@bc.io', 'birth': '', 'HID': '9f4cde88a98f20e3bd8843fbedc73e92119234c53817d598c6fbe353eb4b9a27'}, 'credential': {'image': '', 'credentialID': 1, 'CID': '7f384ef9d1d01fb1be4b80cbab80e5a4fc6f7ba72faf78fe5db2bc1eb24ada5b', 'metadata': {'documentTitle': None, 'documentType': None, 'documentFormat': None, 'documentContentSize': 0}}, 'issuer': {'name': 'AuthA', 'businessID': 10, 'AUTHID': '92dd4a13a9d1fe7e2a81b238390d924553ac9598b968f9230bc1b60596e16a1c'}, 'chid': '91d3242d808e94e965bca4109795cc96cee7fd1e744f4d90050f68cfe17170bf'} inserted successfully. 
2026-09-29 22:05:58,221 - INFO - [Chain Validation] Initializing the chain validator.
2026-09-29 22:05:58,222 - INFO - [Miner]Mining block 0...
2026-09-29 22:05:58,601 - INFO - [Miner] Block 0 mined after 36254 attempts. Nonce: 36254
2026-09-29 22:05:58,602 - WARNING - [Chain Validation] Cannot validate. The ledger is empty.
2026-09-29 22:05:58,603 - INFO - Block with CHID {'user': {'name': 'Gensis-Block', 'nationalNumber': 0, 'phone': 0, 'age': 0, 'email': 'gensis@blockchain.io', 'birth': '', 'HID': '86b9cfefa3624e99ed49d4b95a65292e3ae59d1acc02e31aa391003979282fe0'}, 'credential': {'image': '', 'credentialID': 0, 'CID': 'be73143655a54956d57ca963bfd4e8437ee884b7a022d790d98afcd91066c65b', 'metadata': {'documentTitle': None, 'documentType': None, 'documentFormat': None, 'documentContentSize': 0}}, 'issuer': {'name': '', 'businessID': 0, 'AUTHID': '4930fe69eb193324e64c25a851e6c18f3b53657dfcda11c817fc34c450ff953d'}, 'chid': '57a5fa2eabd461db6913d2f6da58ef6fa9222530e0194e0334b3a1d22019344d'} inserted successfully. 
2026-09-29 22:05:58,620 - INFO - [Block Validation] Validatiing the block 0.
2026-09-29 22:05:58,620 - INFO - [Block Validation] The block 0 is valid.
2026-09-29 22:05:58,620 - INFO - [Chain Validation] Chain is valid.
2026-09-29 22:05:58,681 - INFO - [Chain Validation] Initializing the chain validator.
2026-09-29 22:05:58,684 - INFO - [Miner]Mining block 0...
2026-09-29 22:05:59,196 - INFO - [Miner] Block 0 mined after 36254 attempts. Nonce: 36254
2026-09-29 22:05:59,226 - WARNING - [Chain Validation] Cannot validate. The ledger is empty.
2026-09-29 22:05:59,229 - INFO - Block with CHID {'user': {'name': 'Gensis-Block', 'nationalNumber': 0, 'phone': 0, 'age': 0, 'email': 'gensis@blockchain.io', 'birth': '', 'HID': '86b9cfefa3624e99ed49d4b95a65292e3ae59d1acc02e31aa391003979282fe0'}, 'credential': {'image': '', 'credentialID': 0, 'CID': 'be73143655a54956d57ca963bfd4e8437ee884b7a022d790d98afcd91066c65b', 'metadata': {'documentTitle': None, 'documentType': None, 'documentFormat': None, 'documentContentSize': 0}}, 'issuer': {'name': '', 'businessID': 0, 'AUTHID': '4930fe69eb193324e64c25a851e6c18f3b53657dfcda11c817fc34c450ff953d'}, 'chid': '57a5fa2eabd461db6913d2f6da58ef6fa9222530e0194e0334b3a1d22019344d'} inserted successfully. 
2026-09-29 22:05:59,321 - INFO - [Block Validation] Validatiing the block 0.
2026-09-29 22:05:59,321 - INFO - [Block Validation] The block 0 is valid.
2026-09-29 22:05:59,321 - INFO - [Chain Validation] Chain is valid.
2026-09-29 22:05:59,546 - INFO - [Chain Validation] Initializing the chain validator.
2026-09-29 22:05:59,548 - INFO - [Miner]Mining block 0...
2026-09-29 22:05:59,875 - INFO - [Miner] Block 0 mined after 36254 attempts. Nonce: 36254
2026-09-29 22:05:59,876 - WARNING - [Chain Validation] Cannot validate. The ledger is empty.
2026-09-29 22:05:59,894 - INFO - Block with CHID {'user': {'name': 'Gensis-Block', 'nationalNumber': 0, 'phone': 0, 'age': 0, 'email': 'gensis@blockchain.io', 'birth': '', 'HID': '86b9cfefa3624e99ed49d4b95a65292e3ae59d1acc02e31aa391003979282fe0'}, 'credential': {'image': '', 'credentialID': 0, 'CID': 'be73143655a54956d57ca963bfd4e8437ee884b7a022d790d98afcd91066c65b', 'metadata': {'documentTitle': None, 'documentType': None, 'documentFormat': None, 'documentContentSize': 0}}, 'issuer': {'name': '', 'businessID': 0, 'AUTHID': '4930fe69eb193324e64c25a851e6c18f3b53657dfcda11c817fc34c450ff953d'}, 'chid': '57a5fa2eabd461db6913d2f6da58ef6fa9222530e0194e0334b3a1d22019344d'} inserted successfully. 
2026-09-29 22:06:00,146 - INFO - [Block Validation] Validatiing the block 0.
2026-09-29 22:06:00,146 - INFO - [Block Validation] The block 0 is valid.
2026-09-29 22:06:00,146 - INFO - [Chain Validation] Chain is valid.
2026-09-29 22:06:00,147 - INFO - [Chain Validation] Initializing the chain validator.
2026-09-29 22:06:00,148 - INFO - [Miner]Mining block 0...
2026-09-29 22:06:00,711 - INFO - [Miner] Block 0 mined after 36254 attempts. Nonce: 36254
2026-09-29 22:06:00,712 - WARNING - [Chain Validation] Cannot validate. The ledger is empty.
2026-09-29 22:06:00,714 - INFO - Block with CHID {'user': {'name': 'Gensis-Block', 'nationalNumber': 0, 'phone': 0, 'age': 0, 'email': 'gensis@blockchain.io', 'birth': '', 'HID': '86b9cfefa3624e99ed49d4b95a65292e3ae59d1acc02e31aa391003979282fe0'}, 'credential': {'image': '', 'credentialID': 0, 'CID': 'be73143655a54956d57ca963bfd4e8437ee884b7a022d790d98afcd91066c65b', 'metadata': {'documentTitle': None, 'documentType': None, 'documentFormat': None, 'documentContentSize': 0}}, 'issuer': {'name': '', 'businessID': 0, 'AUTHID': '4930fe69eb193324e64c25a851e6c18f3b53657dfcda11c817fc34c450ff953d'}, 'chid': '57a5fa2eabd461db6913d2f6da58ef6fa9222530e0194e0334b3a1d22019344d'} inserted successfully. 
2026-09-29 22:06:00,729 - INFO - [Block Validation] Validatiing the block 0.
2026-09-29 22:06:00,729 - INFO - [Block Validation] The block 0 is valid.
2026-09-29 22:06:00,729 - INFO - [Chain Validation] Chain is valid.
2026-09-29 22:06:00,730 - INFO - [Miner]Mining block 1...
2026-09-29 22:06:01,285 - INFO - [Miner] Block 1 mined after 40144 attempts. Nonce: 40144
2026-09-29 22:06:01,286 - INFO - [Block Validation] Validatiing the block 0.
2026-09-29 22:06:01,286 - INFO - [Block Validation] The block 0 is valid.
2026-09-29 22:06:01,286 - INFO - [Chain Validation] Chain is valid.
2026-09-29 22:06:01,287 - INFO - Block with CHID {'user': {'name': 'UserD', 'nationalNumber': 444, 'phone': 1, 'age': 20, 'email': 'test@bc.io', 'birth': '', 'HID': 'e3850ec7afd807b928980920c587fef33ce2966888a1756994faa66f066481bf'}, 'credential': {'image': '', 'credentialID': 4, 'CID': '4908fb8fdf26d9831aaac4644ad546cbf3d009056df5e6447a8a540ad48b4828', 'metadata': {'documentTitle': None, 'documentType': None, 'documentFormat': None, 'documentContentSize': 0}}, 'issuer': {'name': 'AuthD', 'businessID': 40, 'AUTHID': '1805ecaab52f663994fce6a3f780c0cfcb0c8c51a25ba1c59e3364a2a3cb10a1'}, 'chid': 'e9dc8111ec4e6ab79a2aa2004bf9641d313a391261ceed10dd79f0c7ea37f87e'} inserted successfully. 
2026-09-29 22:06:01,414 - INFO - [Chain Validation] Initializing the chain validator.
2026-09-29 22:06:01,416 - INFO - [Miner]Mining block 0...
2026-09-29 22:06:01,820 - INFO - [Miner] Block 0 mined after 36254 attempts. Nonce: 36254
2026-09-29 22:06:01,821 - WARNING - [Chain Validation] Cannot validate. The ledger is empty.
2026-09-29 22:06:01,823 - INFO - Block with CHID {'user': {'name': 'Gensis-Block', 'nationalNumber': 0, 'phone': 0, 'age': 0, 'email': 'gensis@blockchain.io', 'birth': '', 'HID': '86b9cfefa3624e99ed49d4b95a65292e3ae59d1acc02e31aa391003979282fe0'}, 'credential': {'image': '', 'credentialID': 0, 'CID': 'be73143655a54956d57ca963bfd4e8437ee884b7a022d790d98afcd91066c65b', 'metadata': {'documentTitle': None, 'documentType': None, 'documentFormat': None, 'documentContentSize': 0}}, 'issuer': {'name': '', 'businessID': 0, 'AUTHID': '4930fe69eb193324e64c25a851e6c18f3b53657dfcda11c817fc34c450ff953d'}, 'chid': '57a5fa2eabd461db6913d2f6da58ef6fa9222530e0194e0334b3a1d22019344d'} inserted successfully. 
2026-09-29 22:06:01,841 - INFO - [Block Validation] Validatiing the block 0.
2026-09-29 22:06:01,842 - INFO - [Block Validation] The block 0 is valid.
2026-09-29 22:06:01,842 - INFO - [Chain Validation] Chain is valid.
2026-09-29 22:06:01,842 - INFO - [Chain Validation] Initializing the chain validator.
2026-09-29 22:06:01,844 - INFO - [Miner]Mining block 0...
2026-09-29 22:06:02,227 - INFO - [Miner] Block 0 mined after 36254 attempts. Nonce: 36254
2026-09-29 22:06:02,228 - WARNING - [Chain Validation] Cannot validate. The ledger is empty.
2026-09-29 22:06:02,229 - INFO - Block with CHID {'user': {'name': 'Gensis-Block', 'nationalNumber': 0, 'phone': 0, 'age': 0, 'email': 'gensis@blockchain.io', 'birth': '', 'HID': '86b9cfefa3624e99ed49d4b95a65292e3ae59d1acc02e31aa391003979282fe0'}, 'credential': {'image': '', 'credentialID': 0, 'CID': 'be73143655a54956d57ca963bfd4e8437ee884b7a022d790d98afcd91066c65b', 'metadata': {'documentTitle': None, 'documentType': None, 'documentFormat': None, 'documentContentSize': 0}}, 'issuer': {'name': '', 'businessID': 0, 'AUTHID': '4930fe69eb193324e64c25a851e6c18f3b53657dfcda11c817fc34c450ff953d'}, 'chid': '57a5fa2eabd461db6913d2f6da58ef6fa9222530e0194e0334b3a1d22019344d'} inserted successfully. 
2026-09-29 22:06:02,278 - INFO - [Block Validation] Validatiing the block 0.
2026-09-29 22:06:02,278 - INFO - [Block Validation] The block 0 is valid.
2026-09-29 22:06:02,278 - INFO - [Chain Validation] Chain is valid.
2026-09-29 22:06:02,279 - INFO - [Miner]Mining block 1...
2026-09-29 22:06:03,593 - INFO - [Miner] Block 1 mined after 134536 attempts. Nonce: 134536
2026-09-29 22:06:03,618 - INFO - [Block Validation] Validatiing the block 0.
2026-09-29 22:06:03,619 - INFO - [Block Validation] The block 0 is valid.
2026-09-29 22:06:03,619 - INFO - [Chain Validation] Chain is valid.
2026-09-29 22:06:03,620 - INFO - Block with CHID {'user': {'name': 'UserE', 'nationalNumber': 501, 'phone': 1, 'age': 20, 'email': 'test@bc.io', 'birth': '', 'HID': '28c1de928ed64fc557e548fccf6a2ef9fa5c039abfc374b54f838a2055b7b76e'}, 'credential': {'image': '', 'credentialID': 5, 'CID': '2fcaeb068b34deac6567700d01949fa8aaa180b33b775a341944180e07d04ab0', 'metadata': {'documentTitle': None, 'documentType': None, 'documentFormat': None, 'documentContentSize': 0}}, 'issuer': {'name': 'AuthE', 'businessID': 50, 'AUTHID': 'e286e8847b7fb1fc3814f84eb0678f5f6064cd5318ea4a39ea058c26218e2e1e'}, 'chid': 'b9b6a25796660591bc3cf1d1c98e835de482d6852a741d625727088a0b4ccd25'} inserted successfully. 
2026-09-29 22:06:03,620 - INFO - [Miner]Mining block 1...
2026-09-29 22:06:03,626 - INFO - [Miner] Block 1 mined after 939 attempts. Nonce: 939
2026-09-29 22:06:03,626 - INFO - [Block Validation] Validatiing the block 0.
2026-09-29 22:06:03,627 - INFO - [Block Validation] The block 0 is valid.
2026-09-29 22:06:03,627 - INFO - [Chain Validation] Chain is valid.
2026-09-29 22:06:03,628 - INFO - Block with CHID {'user': {'name': 'UserF', 'nationalNumber': 502, 'phone': 1, 'age': 20, 'email': 'test@bc.io', 'birth': '', 'HID': 'ab34de24c04db737c23a565685ac69c14196dbc5bef63905e867b84f27ca7d0a'}, 'credential': {'image': '', 'credentialID': 6, 'CID': '1fc8c4bc48a39c1587ac2826279b14bb717c505ac3691f8cd0120b7c78370800', 'metadata': {'documentTitle': None, 'documentType': None, 'documentFormat': None, 'documentContentSize': 0}}, 'issuer': {'name': 'AuthF', 'businessID': 51, 'AUTHID': '8f32f50efdb148cfa54c8a387bde61a643ccdb3441c83197f3f05f6564aff42a'}, 'chid': 'ed688dde3a59150ea0a2269d84215f588d6bac736493b105bc3353e372336fcb'} inserted successfully. 
2026-09-29 22:06:03,914 - INFO - [Chain Validation] Initializing the chain validator.
2026-09-29 22:06:03,915 - INFO - [Miner]Mining block 0...
2026-09-29 22:06:04,337 - INFO - [Miner] Block 0 mined after 36254 attempts. Nonce: 36254
2026-09-29 22:06:04,338 - WARNING - [Chain Validation] Cannot validate. The ledger is empty.
2026-09-29 22:06:04,339 - INFO - Block with CHID {'user': {'name': 'Gensis-Block', 'nationalNumber': 0, 'phone': 0, 'age': 0, 'email': 'gensis@blockchain.io', 'birth': '', 'HID': '86b9cfefa3624e99ed49d4b95a65292e3ae59d1acc02e31aa391003979282fe0'}, 'credential': {'image': '', 'credentialID': 0, 'CID': 'be73143655a54956d57ca963bfd4e8437ee884b7a022d790d98afcd91066c65b', 'metadata': {'documentTitle': None, 'documentType': None, 'documentFormat': None, 'documentContentSize': 0}}, 'issuer': {'name': '', 'businessID': 0, 'AUTHID': '4930fe69eb193324e64c25a851e6c18f3b53657dfcda11c817fc34c450ff953d'}, 'chid': '57a5fa2eabd461db6913d2f6da58ef6fa9222530e0194e0334b3a1d22019344d'} inserted successfully. 
2026-09-29 22:06:04,355 - INFO - [Block Validation] Validatiing the block 0.
2026-09-29 22:06:04,355 - INFO - [Block Validation] The block 0 is valid.
2026-09-29 22:06:04,355 - INFO - [Chain Validation] Chain is valid.
2026-09-29 22:06:04,356 - INFO - [Miner]Mining block 1...
2026-09-29 22:06:05,136 - INFO - [Miner] Block 1 mined after 69333 attempts. Nonce: 69333
2026-09-29 22:06:05,136 - INFO - [Block Validation] Validatiing the block 0.
2026-09-29 22:06:05,136 - INFO - [Block Validation] The block 0 is valid.
2026-09-29 22:06:05,136 - INFO - [Chain Validation] Chain is valid.
2026-09-29 22:06:05,138 - INFO - Block with CHID {'user': {'name': 'UserG', 'nationalNumber': 601, 'phone': 1, 'age': 20, 'email': 'test@bc.io', 'birth': '', 'HID': 'f0689b501e564f692b4dea0b331b6e5395bdacf4b1853b0a37b16851e758f1dc'}, 'credential': {'image': '', 'credentialID': 7, 'CID': '5195534e1474704f2e4833c44fcc20ab8065a4a611467d50ead1cc7b0027108c', 'metadata': {'documentTitle': None, 'documentType': None, 'documentFormat': None, 'documentContentSize': 0}}, 'issuer': {'name': 'AuthG', 'businessID': 60, 'AUTHID': '983a842799b96b20365f9d408c4b51c0edcf05d5943756de4becd536d2e5a7b9'}, 'chid': 'df7b9400edaa48bf7d0cd0b9b78e77f28fa6210ba0c1c903b954edcd12d89fe4'} inserted successfully. 
2026-09-29 22:06:05,335 - INFO - [Chain Validation] Initializing the chain validator.
2026-09-29 22:06:05,336 - INFO - [Miner]Mining block 0...
2026-09-29 22:06:05,783 - INFO - [Miner] Block 0 mined after 36254 attempts. Nonce: 36254
2026-09-29 22:06:05,784 - WARNING - [Chain Validation] Cannot validate. The ledger is empty.
2026-09-29 22:06:05,786 - INFO - Block with CHID {'user': {'name': 'Gensis-Block', 'nationalNumber': 0, 'phone': 0, 'age': 0, 'email': 'gensis@blockchain.io', 'birth': '', 'HID': '86b9cfefa3624e99ed49d4b95a65292e3ae59d1acc02e31aa391003979282fe0'}, 'credential': {'image': '', 'credentialID': 0, 'CID': 'be73143655a54956d57ca963bfd4e8437ee884b7a022d790d98afcd91066c65b', 'metadata': {'documentTitle': None, 'documentType': None, 'documentFormat': None, 'documentContentSize': 0}}, 'issuer': {'name': '', 'businessID': 0, 'AUTHID': '4930fe69eb193324e64c25a851e6c18f3b53657dfcda11c817fc34c450ff953d'}, 'chid': '57a5fa2eabd461db6913d2f6da58ef6fa9222530e0194e0334b3a1d22019344d'} inserted successfully. 
2026-09-29 22:06:05,831 - INFO - [Block Validation] Validatiing the block 0.
2026-09-29 22:06:05,831 - INFO - [Block Validation] The block 0 is valid.
2026-09-29 22:06:05,831 - INFO - [Chain Validation] Chain is valid.
2026-09-29 22:06:05,832 - INFO - [Miner]Mining block 1...
2026-09-29 22:06:05,916 - INFO - [Miner] Block 1 mined after 9164 attempts. Nonce: 9164
2026-09-29 22:06:05,917 - INFO - [Block Validation] Validatiing the block 0.
2026-09-29 22:06:05,917 - INFO - [Block Validation] The block 0 is valid.
2026-09-29 22:06:05,917 - INFO - [Chain Validation] Chain is valid.
2026-09-29 22:06:05,918 - INFO - Block with CHID {'user': {'name': 'UserH', 'nationalNumber': 701, 'phone': 1, 'age': 20, 'email': 'test@bc.io', 'birth': '', 'HID': '5f4020373e54d54e29311d11ebda67f79f026b59f38bae07546886dcd32ba88b'}, 'credential': {'image': '', 'credentialID': 8, 'CID': '60a86b7ed2c918d8e2653aff1adc1fcc24eeaac406e8e7cce05afde14bd2dfe5', 'metadata': {'documentTitle': None, 'documentType': None, 'documentFormat': None, 'documentContentSize': 0}}, 'issuer': {'name': 'AuthH', 'businessID': 70, 'AUTHID': 'f1e927ee27754d6750d703f525181a05a299dc37b87c2ec8f8c562a1827f51df'}, 'chid': '151413c6318a1799c1deb41d706851363d01f2eafa168b416b0a44edba600954'} inserted successfully. 
